file_name,speaker,chapter,utterance,label,task,NAQ_mean,NAQ_std,NAQ_skewness,NAQ_kurtosis,NAQ_q25,NAQ_q50,NAQ_q75,QOQ_mean,QOQ_std,QOQ_skewness,QOQ_kurtosis,QOQ_q25,QOQ_q50,QOQ_q75,HRF_mean,HRF_std,HRF_skewness,HRF_kurtosis,HRF_q25,HRF_q50,HRF_q75,H1H2_mean,H1H2_std,H1H2_skewness,H1H2_kurtosis,H1H2_q25,H1H2_q50,H1H2_q75,G_RMS_mean,G_RMS_std,G_RMS_skewness,G_RMS_kurtosis,G_RMS_q25,G_RMS_q50,G_RMS_q75,G_ZCR_mean,G_ZCR_std,G_ZCR_skewness,G_ZCR_kurtosis,G_ZCR_q25,G_ZCR_q50,G_ZCR_q75,G_CREST_mean,G_CREST_std,G_CREST_skewness,G_CREST_kurtosis,G_CREST_q25,G_CREST_q50,G_CREST_q75,DG_PEAK_mean,DG_PEAK_std,DG_PEAK_skewness,DG_PEAK_kurtosis,DG_PEAK_q25,DG_PEAK_q50,DG_PEAK_q75,RES_RMS_mean,RES_RMS_std,RES_RMS_skewness,RES_RMS_kurtosis,RES_RMS_q25,RES_RMS_q50,RES_RMS_q75,RES_LEN_RATIO_mean,RES_LEN_RATIO_std,RES_LEN_RATIO_skewness,RES_LEN_RATIO_kurtosis,RES_LEN_RATIO_q25,RES_LEN_RATIO_q50,RES_LEN_RATIO_q75,mfcc_1_mean,mfcc_1_std,mfcc_2_mean,mfcc_2_std,mfcc_3_mean,mfcc_3_std,mfcc_4_mean,mfcc_4_std,mfcc_5_mean,mfcc_5_std,mfcc_6_mean,mfcc_6_std,mfcc_7_mean,mfcc_7_std,mfcc_8_mean,mfcc_8_std,mfcc_9_mean,mfcc_9_std,mfcc_10_mean,mfcc_10_std,mfcc_11_mean,mfcc_11_std,mfcc_12_mean,mfcc_12_std,mfcc_13_mean,mfcc_13_std,mfcc_14_mean,mfcc_14_std,mfcc_15_mean,mfcc_15_std,mfcc_16_mean,mfcc_16_std,mfcc_17_mean,mfcc_17_std,mfcc_18_mean,mfcc_18_std,mfcc_19_mean,mfcc_19_std,mfcc_20_mean,mfcc_20_std,mfcc_21_mean,mfcc_21_std,mfcc_22_mean,mfcc_22_std,mfcc_23_mean,mfcc_23_std,mfcc_24_mean,mfcc_24_std,mfcc_25_mean,mfcc_25_std,mfcc_26_mean,mfcc_26_std,mfcc_27_mean,mfcc_27_std,mfcc_28_mean,mfcc_28_std,mfcc_29_mean,mfcc_29_std,mfcc_30_mean,mfcc_30_std,mfcc_31_mean,mfcc_31_std,mfcc_32_mean,mfcc_32_std,mfcc_33_mean,mfcc_33_std,mfcc_34_mean,mfcc_34_std,mfcc_35_mean,mfcc_35_std,mfcc_36_mean,mfcc_36_std,mfcc_37_mean,mfcc_37_std,mfcc_38_mean,mfcc_38_std,mfcc_39_mean,mfcc_39_std
103-1240-0000,103,1240,0000,unknown,103,0.261343006513741,0.10081794115218,0.0871370597318992,2.96552976259661,0.18408515091925,0.268855082066718,0.335217236285625,0.512079646716751,0.210397245989005,-0.0253930286303731,2.43922528841228,0.356944444444444,0.531766381766382,0.651759259259259,11.5740349006461,9.95366920907704,0.0603172541022908,2.60908630241363,5.49657780881149,10.8039386440613,18.37812472309,6.20473629683869,11.7987791125334,-0.204316571166145,3.60351240209666,0.496584824168221,6.98533115067821,12.4651723179658,0.0373826782420652,0.0302236577052299,1.1299454623995,3.99176623720147,0.0105277280009797,0.0307313404145106,0.0534716319812526,0.028484679923979,0.013506927341216,0.525644903829076,2.94283821330811,0.0175219023779725,0.0275344180225282,0.0375469336670839,2.58003836897855,0.52304218421185,0.734226112338725,3.97491190228351,2.10827801454636,2.5815027647579,2.9293611588184,0.0323186355139692,0.0330301333294925,2.28179292553595,12.9238097164838,0.00583076187878741,0.0256444017156859,0.04647773135393,0.00573411665914278,0.00547535028128414,1.44550211824182,5.02070131993536,0.00115683375258535,0.00436261433570092,0.0083398321382419,1,0,NaN,NaN,1,1,1,-2.20336262618014,1.85758868292937,-16.4185002243703,2.95506308201611,1.34300896946403,1.3733297624501,0.188434112517355,0.864012445248735,0.745322736946952,0.839543268021229,0.137718948592881,0.491354862810955,0.0564679543936839,0.431674934861491,-0.267857247049106,0.417722014419019,0.0730115220214742,0.332444625722289,-0.0818321101737887,0.352531455860019,-0.0758099955717522,0.288845370211492,0.0605992504948362,0.20865762789606,0.101908709079271,0.223260711211956,0.0312841998765569,0.229519199344759,0.000767559285170814,0.404794948832918,0.00330992049381495,0.76746050043016,-0.00103044749466253,0.426345290505077,-0.000829517282076332,0.269854794943279,3.09446855258754e-05,0.235579887251062,-0.000162719300886575,0.196201368723535,-0.000417117856058073,0.158742150231413,-0.0003275994255732,0.172146358574768,5.265341807711e-07,0.146638715849583,-0.000176949805393934,0.142581125589954,-0.000356227846102654,0.136439235083339,2.7547019203806e-05,0.114571175565383,0.000290409381531148,0.115069854269102,0.000180095765910791,0.115209338658743,-2.50276264758559e-05,0.337404746876664,-3.64415193644224e-05,0.626976964574398,-4.62155647569335e-05,0.353516211004548,-2.56292999136379e-06,0.255293665726276,-4.96745356696223e-06,0.220281897114935,-2.2014605089452e-05,0.196035387978245,2.79953757994755e-06,0.166674985964513,-8.13866331629814e-06,0.175679921708312,-8.67366660379055e-05,0.166852047739124,-4.50079428511142e-05,0.160248367058805,-2.58110384736287e-05,0.151792595246521
103-1240-0001,103,1240,0001,unknown,103,0.216591137850721,0.085922424828224,0.518939516496528,3.1049207265728,0.155552695533335,0.201295654518872,0.281028670241485,0.490089253623119,0.202450347845733,-0.0558851123067605,2.35939094925582,0.338541666666667,0.508928571428571,0.639214409722222,12.5857256558442,9.87288235916638,-0.175233994221785,2.25342633574529,5.0370338765724,13.6406802220897,19.740684147311,3.68751560068038,13.4498413540035,0.357313090558497,2.97822311527756,-4.94488681905779,2.96589159304066,11.0163387365927,0.0444617906955005,0.0301134599662122,0.959784390655122,3.91692839185327,0.0204991812377162,0.0412380820566985,0.0601885315355843,0.0282105776875182,0.0132053954921708,0.806730428372014,3.97063833846106,0.0175219023779725,0.0262828535669587,0.0362953692115144,2.64475749422144,0.549282383095133,0.651266650315677,3.54551210254481,2.15967694318082,2.63719422653544,3.00629580686775,0.0397723412704207,0.0362151193102975,1.80860903340523,7.12906496938865,0.0150848010909771,0.0300156238353396,0.0541519143018054,0.00678620683433344,0.00577270799825117,1.59212081705612,6.1114548169015,0.00263837099513754,0.00542686548879644,0.00919313003636938,1,0,NaN,NaN,1,1,1,-1.89721424619397,1.78541511771123,-15.4803045219063,2.80009158839011,1.31714174636768,1.43860501760192,0.0562912990030707,0.817747522562311,0.825048953138039,0.911120630601987,0.0343551062328442,0.556391573575454,0.000232695236410863,0.461715372676402,-0.361724923092562,0.462751149173674,0.0424300230227619,0.375159383348837,-0.154592694797124,0.331543882084431,-0.114375187391623,0.289558981638935,0.049989083564574,0.231481376148806,0.0811071356309169,0.256061734883718,0.0291884831162995,0.211062675842059,-0.000154773772086982,0.480180423782969,-0.000332180649302182,0.898276475803129,0.000312968533753335,0.457499171505159,-2.13822030400005e-05,0.283044887360327,-2.82241368828085e-05,0.263201655390175,-0.000161027976252544,0.194847347123386,0.000297068929269016,0.178592777079797,-0.000167430927972424,0.187229901344837,-7.36531837246926e-06,0.148984782625978,6.16611239731299e-05,0.144567264389745,-0.000241440114917477,0.13818532678918,-0.000197956035069234,0.122896851617004,0.000108242462200797,0.128530844966402,-8.23141942466215e-05,0.115161353036825,6.42686847207809e-06,0.423839777391561,0.000150509307286542,0.758897966353659,4.20034075980455e-05,0.39046160817341,-2.3613787439903e-05,0.2751024797992,-5.64794320036139e-05,0.241849946359078,-9.34381322996657e-05,0.196747448596431,-6.42431265050725e-05,0.181207655208529,-3.1875985716357e-05,0.190967715030946,-9.0294991605857e-07,0.167659590530737,-9.14538659868257e-05,0.160892306051379,-3.72730474663169e-05,0.152050386801671
103-1240-0002,103,1240,0002,unknown,103,0.202215031678235,0.0746208596685746,0.487259916568227,3.48480557463636,0.149759528846236,0.197072664390788,0.24782217461769,0.480931943052852,0.191579195880646,-0.0487472883349244,2.64948052825915,0.345669427191166,0.503623188405797,0.608974358974359,9.77258674872709,10.1816871607958,0.101127684201186,2.03948742456094,0.718758627428896,10.1143736725805,17.6699210679973,7.97445530849104,11.6450236016442,0.238248391643238,3.04511032368432,0.525098694951275,7.1156911291497,14.7489999950075,0.0487315146446138,0.0341622308964651,1.01526723758548,3.77623463317375,0.020575427538337,0.0420221654786795,0.0685053684066875,0.0290822160794517,0.0138036995828038,0.732457246119819,3.05751113087848,0.0187734668335419,0.0262828535669587,0.0387984981226533,2.65839740515815,0.530287050373922,0.545111862362857,3.84628566018274,2.19232070921833,2.67891627232902,3.00827084415976,0.0435318157732911,0.0376575383124908,1.33856902201217,4.83824271847434,0.0141349111547936,0.0333093981403878,0.0624680418317589,0.0074074701840468,0.00619059527953665,1.3515072238851,4.78142954315567,0.00258515101254959,0.00581490321992634,0.0103374766177943,1,0,NaN,NaN,1,1,1,-1.69750298739269,1.80290006213431,-15.1805730809674,2.65851970900285,1.45578957039386,1.4969993121801,-0.172192079543888,0.972262321102026,0.82825265500804,0.865023665545915,0.0617789367223618,0.55695498084575,0.0233228929506623,0.444282602088341,-0.376359138646849,0.466404480619953,0.0663615119993022,0.3391262178349,-0.11761950684021,0.396141535177555,-0.0704670065604213,0.320624191223506,0.0925153625253501,0.261575585019546,0.0591583771386723,0.277658808792304,0.0341067529677118,0.232222639507299,0.000156097039539791,0.483258567865842,0.00040907481127189,0.860050176350684,-0.000643932615744609,0.467429294917917,0.000114242964956885,0.291612406323738,-4.10660164871618e-07,0.267848814829728,-0.000200565410548402,0.203664471324881,-0.000269899555450179,0.171103760191042,0.000106523110760357,0.182350898223208,3.2654759406785e-05,0.148941020861422,-0.00032367593685494,0.149389925955381,-4.75442884764844e-05,0.137675748038304,-0.000118190539193632,0.122830611878701,-7.96921493455099e-05,0.128303100662158,0.000240773087935215,0.113551115209072,-3.28030630962355e-05,0.427684252360261,3.08395552027683e-05,0.698734834410666,-8.69398168038763e-05,0.378604476305972,-0.000156774966511249,0.28141911257934,0.000120204126952541,0.237372028979692,7.89207683076004e-05,0.200829027232644,-7.54578614436105e-06,0.182511252814853,-7.51645046646728e-05,0.172339790886557,1.99085033271032e-05,0.164143535533713,-1.05902091430806e-05,0.156117147820441,1.65457734992133e-05,0.152610719997776
103-1240-0003,103,1240,0003,unknown,103,0.23127918733582,0.0844294667724398,0.198304223640719,2.98737906653611,0.173112569080078,0.22809357266244,0.288320055671709,0.519329035616244,0.191592356270179,-0.151356846704342,2.6904898027291,0.391465053763441,0.538018433179723,0.649468475073314,11.977490464887,9.5779582671099,-0.214542757598602,2.66071120314632,6.1075911925056,12.4821826277737,18.3878658060065,4.5306303397382,12.4634397005511,0.19914299342883,3.09706013076337,-3.00770669989404,4.20458534946936,11.9065862167321,0.0444828995589001,0.0317028528864997,1.1174669548217,4.64732840641926,0.0197015505690287,0.0387755931306178,0.0623818464905386,0.0285138290620603,0.0131275619794058,0.56900402641669,3.24496054660235,0.0175219023779725,0.0275344180225282,0.0375469336670839,2.71685969119806,0.577494485746543,0.520996873744801,4.19579081227557,2.19675641225164,2.75593640400345,3.10709761287753,0.0432545881971453,0.040206895211693,1.91352037358324,8.84555086814924,0.0130544685950523,0.0332448950131033,0.0586809560136215,0.00692215820920083,0.00592787454350921,1.64188560372345,7.16367296173043,0.00245577207884768,0.00555429106544162,0.00959049345873565,1,0,NaN,NaN,1,1,1,-1.80851045037289,1.86096233032607,-15.4484605473199,2.89775321144275,1.51293523808648,1.39365215902505,-0.0682941012529177,0.940046924436931,0.879587612124652,0.82856030345469,-0.0470047878275549,0.513697233677134,-0.173920603786875,0.447910705123007,-0.295582371472524,0.469010406523897,0.171186347823279,0.368731441051313,-0.145219474604584,0.325349901545398,-0.00896418494542949,0.287059567284093,0.0173414172244113,0.256041039762563,0.152790020620965,0.239035932239133,0.0152731352995481,0.206262925570527,-0.000635746117742168,0.471226730432136,-0.00140287634784809,0.889034085151139,0.000551706749669866,0.443495737643129,-6.12549401148412e-08,0.291285908387491,2.06143643344266e-06,0.256236850096552,0.000166004586818534,0.198745387798621,-4.18302829332165e-05,0.177387705706947,-5.12852349103661e-05,0.178289686143152,8.67524371223186e-05,0.147479759288098,5.97253059012251e-05,0.133404522467833,-0.000170237752020789,0.13420833635819,-0.000104584627463081,0.123266123882914,0.000190172479574232,0.121774770014726,1.46892351680599e-05,0.115105935786307,-3.85549029748012e-05,0.431254815585618,4.70169603381603e-06,0.766253461681721,-0.000120311090242192,0.395457883798227,-0.000159031077666952,0.292340110677393,-5.00007340975172e-06,0.232559532239486,6.9505072425874e-05,0.202453307633265,9.81830417183491e-05,0.18934162597489,-7.24011786776076e-05,0.184226199580935,-0.000105973219600718,0.164380951171638,-1.78984249828144e-05,0.147642807585006,-4.74843536287925e-05,0.154423766989126
103-1240-0004,103,1240,0004,unknown,103,0.229020129328816,0.0808954627549407,0.218908330231731,2.86161249911998,0.168376462023336,0.225898900806466,0.284022236462426,0.507025773996765,0.196288952421298,-0.132424892205688,2.60188027777049,0.368024553571429,0.52734375,0.644004216269841,10.2481495672516,10.2473201646151,-0.118304682886235,2.35553316764818,2.15356706957842,11.329489997599,17.7970101652081,6.50760528264377,12.0778274557214,0.186015847521154,2.98253650362733,-0.846014427475781,5.61488564460276,14.1257112932054,0.043265038897196,0.0292466052955212,0.910332550489523,3.71741410303091,0.0186218166603355,0.0390621332668505,0.0605065482571245,0.0291924649195616,0.0135011700722023,0.653059432544925,3.31295846186442,0.0187734668335419,0.0275344180225282,0.0375469336670839,2.70857346718284,0.573955074398936,0.47884395880208,3.3898352364969,2.20583187098988,2.72277566227891,3.10111985223068,0.0390389714372142,0.0331598075490356,1.4083567677168,5.74907342199188,0.012648224554247,0.0336161371654852,0.0550168327468088,0.00682289464750823,0.00547814505061085,1.04427464649671,3.6585564855192,0.00231729587416181,0.00541432053578626,0.0101530491480905,1,0,NaN,NaN,1,1,1,-1.75677872594242,1.77960279490241,-15.4995778600353,2.63282980065765,1.5964670024671,1.57644497516233,0.132959071887887,0.885045219323492,0.834838227258501,0.786702126824097,-0.0903675336607837,0.572259788459803,-0.205271616031091,0.449715653868941,-0.243867460328187,0.408359810463585,0.128779643541617,0.354972444110037,-0.17532452493859,0.330538208581885,0.0951482480132414,0.290247521046443,-0.059363333692216,0.245660032515179,0.186840144967618,0.246163726453296,0.0344653487044304,0.216014883901702,0.000714334357522463,0.473193240344449,0.00185827235208184,0.833223095516114,-0.000382174323326725,0.488205898272146,0.000210322547392933,0.292516664623775,5.71358262188579e-05,0.244461445814339,-0.000243094867327316,0.210230546558821,-0.000219303213396132,0.175138680072444,-0.000338167065951671,0.179120041857288,-0.000244453535611062,0.148196643685433,8.56257594166424e-05,0.144271496741238,0.000214309355394464,0.13499435038105,-9.17400595820432e-05,0.133206977819236,-8.42927634982864e-05,0.125212109157646,0.000168859608220269,0.108973927445358,9.61382947631175e-07,0.431914835621319,-0.000147591366691924,0.679036802723051,-0.000175861049474394,0.402716164316507,-4.96371129221705e-05,0.28071386956308,0.00011557286927245,0.237406086621593,-1.74262268486812e-05,0.20060214111907,0.000111923339826964,0.185593718664737,-9.19493640885704e-05,0.181599778568413,-9.36408674658067e-05,0.1655637015482,-1.69398431688785e-05,0.158205861641612,-2.5848573756865e-05,0.153921019394224
103-1240-0005,103,1240,0005,unknown,103,0.229875621456596,0.0832204219725736,0.487518742244215,3.55007342780898,0.170943155704412,0.223829475902443,0.280637178247984,0.495525268386123,0.200824239481493,0.113144212094945,2.71164169939407,0.344262295081967,0.512568306010929,0.631620428751576,11.0384970001761,9.55306946836233,-0.100202087559719,2.54085383647667,4.12349332407682,11.7898434391599,17.7364301037091,4.80038557263711,11.7601506460145,0.134065124232255,3.25088043239877,-2.46161704773903,4.68691972516749,11.333040222589,0.0461482404440276,0.0292843231899335,0.71955699547058,2.8452569642216,0.0215476507982105,0.0405116920907978,0.0661615854247914,0.0298555613551969,0.013388766026932,0.629909337291928,3.5178972037397,0.0200250312891114,0.0275344180225282,0.0387984981226533,2.65051977467843,0.55914406100197,0.510996571414218,3.16755221323755,2.14042333219964,2.66039331554216,3.03425943290731,0.0399813596759825,0.0320910090489622,1.25629108104561,4.82264340781832,0.0147450674114444,0.0322540701320726,0.0562024539708502,0.0071210924806882,0.00523892281588667,0.866827118762092,3.11086819839121,0.00283558694572833,0.00589453729147758,0.0104647111928334,1,0,NaN,NaN,1,1,1,-1.67619969462397,1.70755967273573,-15.3723843674293,2.47619278860872,1.34666871997011,1.6473843194229,0.205956559761317,0.927430675986865,0.852291321531865,0.892135041694613,-0.106262875697811,0.573694113077941,-0.266857453520094,0.472397995048137,-0.125638915343725,0.415651664841231,0.107971487224403,0.314464888394974,-0.215639505893404,0.337437646839777,0.0957452618386363,0.301388119431283,-0.0571822343266512,0.2443874757853,0.152028563387536,0.225840303424388,-0.0115641111120411,0.234821714895985,3.46080939835363e-05,0.498474096940485,-0.000482748950648618,0.857662589964366,-8.0876445835421e-05,0.472426202290485,-0.000170054979416844,0.298261143696034,0.000314701795549837,0.266460617547588,0.000117747696013451,0.210526714303908,0.000190320186357199,0.183668996562054,8.99063027985893e-05,0.171664851304626,0.000135304860269173,0.144971605041179,-2.6069425087325e-05,0.142732445974845,4.10496226248423e-05,0.134099826379533,0.000464730144246621,0.124755707165926,-7.91387194140274e-05,0.116099832789874,-0.000211352578607017,0.115909602921073,4.06905904309893e-05,0.4510391444591,-0.000113163393140176,0.688356156403954,3.6651347661089e-05,0.384306444665248,-4.71490981653926e-05,0.290155349122384,7.33617590114444e-05,0.243330605809924,0.000143501727995748,0.210386352636528,-3.03293230975247e-05,0.197458497712376,1.41435359334564e-05,0.177247422725698,0.000156539604791601,0.162434615338228,0.000105617449690531,0.161168600144076,0.000155810102193792,0.150662415067685
103-1240-0006,103,1240,0006,unknown,103,0.222055380947446,0.082507997465566,0.433269761962201,3.16529567887533,0.163892263906956,0.215203716880442,0.277486813097003,0.495519532943118,0.195055028280591,0.067613848958299,2.80635007891889,0.364179104477612,0.50497512437811,0.617494911804613,11.6637935273854,10.5250300484652,-0.147442564981183,2.25032018398046,3.26345827211576,13.1477839690225,19.0244138075285,5.85602093369269,11.8140428014945,0.226660318266159,2.98829181641526,-1.98975895235785,5.57555979325435,12.5651218626815,0.0422974274969581,0.0273382078853978,1.05297206990433,4.06128876204214,0.0213554460635459,0.0383160034311418,0.0548708431847615,0.0280513115188535,0.0129045909360649,0.389873985184109,2.38933036048377,0.0175219023779725,0.0275344180225282,0.0375469336670839,2.67711511083624,0.541514843947041,0.393575066607781,3.35181604144844,2.22405861769078,2.70218599406448,3.02412100165499,0.0384193741133195,0.0348141667641625,1.8394251366304,7.10323510925388,0.0141189003116626,0.0307819878346285,0.0494118913195059,0.00639075538766042,0.00513565799249987,1.38538595850778,4.78980828932079,0.00264964316134043,0.00511256875111124,0.00858114887087954,1,0,NaN,NaN,1,1,1,-1.7697412184,1.66941694975196,-15.4395090682645,2.63049067703693,1.63645578826757,1.58242910783332,-0.0433994956159934,0.889638533402084,0.730967858296776,0.87249222759895,-0.248833488723107,0.604624696046816,-0.101891898205651,0.455784634106799,-0.12351805040036,0.41172609749539,0.10116080033774,0.394091642000871,-0.101866197275184,0.316579760393428,0.0989767972814549,0.297930294682776,-0.0614209060003692,0.214654100015579,0.169257344529087,0.23600358994913,-0.0349101352103764,0.236342871436983,-0.00114910602964242,0.432412521215538,-0.0044747677024702,0.860752637305848,0.0014014844453513,0.440647241774127,0.00137511306398176,0.270068091145449,-0.00113055866039707,0.259670227569564,0.000352465569647339,0.208706801517079,0.000955523494686891,0.177665580587602,0.000344842073478298,0.163123811891017,-0.000611392704001817,0.148095050613562,0.000130122884097064,0.137653537288408,0.000416636895633908,0.135074469116598,8.67565159808767e-05,0.116794983452976,-0.000332764196803017,0.114298829006143,-7.90104674978099e-05,0.118555506880818,-0.000142840358187478,0.377630366157876,-9.98992887541234e-05,0.701079344855295,-1.80384119856321e-05,0.3823465491492,0.000144534566440755,0.259908251686518,9.5220662375747e-06,0.247580902115583,-0.000163504661840679,0.204947068649214,-0.000146082147448813,0.186532720923462,-0.000110344953467148,0.167308966059956,-0.000204823426685598,0.15959056603065,-0.000109534094358453,0.155356908718917,2.50335794137415e-06,0.146142977019867
103-1240-0007,103,1240,0007,unknown,103,0.216126880250489,0.0782705803202732,0.112431655204398,2.86772444275624,0.158581105323378,0.217767602520174,0.269214709543938,0.504883762642947,0.18988814423111,-0.0662538370766549,2.85629235543606,0.389705882352941,0.517513368983957,0.627450980392157,9.20284178878189,10.4987069672207,0.071760317008171,2.04330426964539,-0.280690427469276,10.3140422274288,17.0821584039873,7.94087560290509,11.9849448325062,0.0921709579024722,2.86675601740372,0.0880210702259995,7.56291493855977,15.4402633502118,0.0409465119758625,0.029824255897926,1.20363563063802,4.68620149701682,0.0173161234447693,0.0358054940950467,0.0568762926777945,0.0293328635444071,0.014333522874565,0.680969954472802,3.31120480701775,0.0175219023779725,0.0275344180225282,0.0387984981226533,2.67196780278549,0.544633927242231,0.410220814565961,3.32834624568563,2.15189877563391,2.69665432304693,3.02974448036163,0.038594130609735,0.0395738331356127,2.17801261490856,9.47176954681305,0.00982741234866906,0.029131279592977,0.0500593388671946,0.00653951570090628,0.00597295465958721,1.70991374518947,6.4966939954708,0.00204560751757523,0.00509530451965302,0.0087325724771485,1,0,NaN,NaN,1,1,1,-1.83301386479263,1.78815575325373,-15.7508806776547,2.83039991161054,1.57573373663563,1.41186363476691,0.134457948223809,0.880393008069868,0.974538353548807,0.805436879376189,-0.144312122807915,0.577322970015111,-0.213612997694975,0.444878854924956,-0.14599283848607,0.43453722108166,0.138235300390341,0.328701179268963,-0.14504772118633,0.317697404904744,0.075936491414811,0.285588745926337,-0.046805312639378,0.234847463730492,0.147641710652427,0.245866871376717,0.000137635491481846,0.235335213606513,-0.000521141224841732,0.415484205321113,-0.00118683131310373,0.789989794724391,0.000435434753166143,0.428337498376044,-0.000318013711202153,0.267236184980569,0.000117499170775442,0.238367995478398,0.000162466140869432,0.214830317636796,-5.0546794105098e-05,0.177872375695592,-6.76598501559263e-06,0.161638912553394,-4.67268211919673e-05,0.140902958511851,5.4744202593568e-05,0.138381577688016,5.37658505835866e-05,0.131431851520348,0.000167675924658482,0.121625951854294,-9.40977768060558e-05,0.122135581621337,0.000242519110502101,0.117140983014211,1.9144827740575e-05,0.363412301566659,9.13324709875552e-05,0.636843070966354,0.000100301190319611,0.356982447509194,-4.12440388672823e-05,0.245278800651267,-9.92346645792792e-05,0.22419208653592,1.43946791600344e-05,0.21478227442388,-1.98143614637838e-05,0.182376479693324,-3.36193726613848e-05,0.158760148686798,-6.2638639260277e-05,0.155602167969677,0.000132132326897811,0.153604245371743,8.51026429355271e-05,0.148568795207548
103-1240-0008,103,1240,0008,unknown,103,0.200080570905491,0.0718537595666535,0.0876856457338748,2.47797046026488,0.148314727099446,0.193773945796266,0.255185681046509,0.500978066185399,0.185774051624156,-0.134305929619595,2.72192229057079,0.388127853881279,0.518590998043053,0.619767884322679,9.27466194841661,9.53111035695542,0.0485347240332458,2.00224807842571,0.813620022342872,9.45057066312995,17.2993585026278,9.11429793765364,10.3849861759715,0.335702546422552,3.1636979049228,2.43712466969248,8.00627849788555,15.379404960134,0.039384598979179,0.0273324021421974,1.03713712953245,3.9846885177085,0.0173065486372262,0.033718759862083,0.0544719924296463,0.0283443973582962,0.0123848988267054,0.509552003573246,2.86318035633328,0.0187734668335419,0.0275344180225282,0.0362953692115144,2.64197883699206,0.525823685444326,0.606967877435274,4.64045248639214,2.16895238163247,2.69033151817144,2.99132687027807,0.0344002283776136,0.0312324374563316,1.81187198880531,7.51035086575623,0.0114286134227946,0.0276655780211973,0.0467467316299107,0.00586953505913341,0.00484611174712295,1.38299321671174,5.0227915262214,0.00218725511855792,0.00457826148321343,0.0078879437571399,1,0,NaN,NaN,1,1,1,-1.98175721384039,1.73856655248493,-15.7411106511666,2.65288020944247,1.56837539413419,1.41494108990591,0.0836782155748944,0.895556840534765,0.876126989536864,0.8605152371289,-0.106612914297837,0.586230240582104,-0.0928864428493915,0.503680359534965,-0.211446504822018,0.439070735819821,0.0938881517469876,0.341842738001165,-0.148920413419223,0.327862651145008,0.0752100860830458,0.314533313398525,-0.0507439713693008,0.243604120333353,0.108772451988237,0.230837329006555,0.00203403392715029,0.214935028904475,-0.000327500914262139,0.406881987479189,-0.00139335828515809,0.760870187872539,0.000512345576703458,0.443574158257341,0.000167051467674418,0.267435960960138,-0.000337777868921459,0.242173957214447,2.02532921375373e-06,0.211467439678422,-0.000161644767439824,0.185634349706958,0.00029073190727113,0.174483963429167,0.000198919899017447,0.140958570160817,-2.04538027664303e-05,0.141280059706258,-0.000132452989668229,0.132322985370416,-3.38105859044318e-05,0.120398018503115,-0.000112712455309516,0.108520969317112,-0.000227480025630425,0.108177572912407,-2.86760869307623e-05,0.347240601776197,-4.99120075907869e-05,0.608349063227227,-3.5716451407535e-05,0.366094727943291,-6.23317614395317e-05,0.250989528306593,-0.000139239195961585,0.219574782683166,-8.05603507390464e-05,0.197330283308615,-0.000139773523662365,0.183663607994513,2.06870743494341e-05,0.166444599795933,0.000110134627391903,0.153805417861247,-3.27968631456602e-05,0.152033828748063,-0.000117507169302134,0.145554087505569
103-1240-0009,103,1240,0009,unknown,103,0.198413977789131,0.0722822493190668,0.43990484556248,3.13500016340451,0.145457390662533,0.19250082276232,0.242894204946068,0.484975868507224,0.187417888320753,-0.0966010949941676,2.62506629731107,0.364130434782609,0.498550724637681,0.61231884057971,9.89586052157262,9.32750272421958,-0.0031082884232651,1.99515819680716,1.87754840621321,10.2267811299243,17.147117381503,6.64287323515823,9.84916733018711,-0.0563008948698318,2.98212066397745,0.343787351463642,6.74353722693542,12.9065100730909,0.046232308010228,0.0270862580619423,0.642746194815005,3.14869793092301,0.0246029106554888,0.0439766766979882,0.0635334641899389,0.0289901916935709,0.0129332078426889,0.769028173862538,3.38216000616843,0.0190863579474343,0.0275344180225282,0.0362953692115144,2.67155273030008,0.528984613181227,0.538433603908187,3.47738354600227,2.22737115191115,2.64971289486653,3.06528512179525,0.0392930675340329,0.0299977894733649,2.19006410572509,12.2871151925818,0.017592361418803,0.0361095973784432,0.0533451526409235,0.0068237022493448,0.00472994390290791,1.10717713490923,4.77248881840879,0.00315547539642821,0.00597118909457744,0.00956367008720034,1,0,NaN,NaN,1,1,1,-1.63079971931718,1.58949297600145,-15.2355953141521,2.34275108451077,1.3678904990724,1.59720519528724,0.255132360308572,0.929341630047094,1.25421252790026,1.02083267416098,-0.247871813660207,0.623600316262937,-0.210139738431226,0.494078473979161,-0.169691882381474,0.448989876360631,0.093789346402481,0.371667702983758,-0.316900947855931,0.322543811128934,-0.00889761797658714,0.312817211259345,-0.0816808516170387,0.229403179912623,0.180733492460448,0.246371229775755,-0.000284523219499,0.244627956335294,0.000107201850581949,0.472170564934683,0.000558753817160526,0.821637073449247,2.44140311983433e-05,0.468464319809379,0.000138349120231789,0.288855641536292,9.25870470525339e-05,0.311304121252336,0.000542535339748217,0.234993265921339,0.000110141002023451,0.202170532977391,4.31643088077999e-05,0.16623335897645,-0.000288215194918909,0.147679441153762,-9.68527340179222e-05,0.149066279877056,9.2236142503312e-05,0.147137612173037,0.000113999016393404,0.12167641242951,0.000299427331092843,0.120557676350938,2.96207902791748e-05,0.120301751582816,-0.000111795426625371,0.421030173470288,4.7770140233612e-05,0.680607333692754,2.88052031230169e-05,0.377841914713424,-8.66262512443787e-05,0.278287619358736,9.19332795279655e-05,0.273981871541308,-5.71183204638856e-05,0.231532407071165,8.85706206452342e-05,0.208651306366335,9.31867907160501e-05,0.166097498156755,-0.000247558087821997,0.159584135710105,-9.75963621864321e-05,0.164031708243252,1.95597211542978e-05,0.161034508238486
103-1240-0010,103,1240,0010,unknown,103,0.237749302077494,0.0886561651876868,0.465972912725643,2.89281709970348,0.172619565208486,0.224951117316361,0.295719021792189,0.507686019813205,0.202137700055418,0.0111115124709235,2.49766188169371,0.355532786885246,0.524590163934426,0.655737704918033,11.4512261836033,9.48694655182734,-0.0177293051676444,2.46634519939943,5.05907990140993,11.4364764340555,18.17970679484,3.64353103635154,11.8413329707904,0.0536458546095489,3.05494772603024,-3.5931619996476,4.11097118333176,10.659173342662,0.0452010210798696,0.0317183479859992,1.22693024221354,4.76591388255551,0.0205156942790387,0.0395841913016311,0.0617834246740986,0.0294516180455922,0.0137407446479568,0.838369835990842,4.22550813508937,0.0187734668335419,0.0275344180225282,0.0375469336670839,2.73246831778586,0.578859001221231,0.432887694030127,3.02137470820512,2.22241994077088,2.72903912706227,3.1495523684052,0.0437648084590818,0.0458005394473102,2.73806482971051,14.3270701624206,0.0151303165622275,0.0318096425120879,0.0542005757818438,0.00707331548475409,0.00635109614864903,2.08552532316487,9.29383763730615,0.00270787225057598,0.00560294773891164,0.00935705132216128,1,0,NaN,NaN,1,1,1,-1.77323311731571,1.85538449949349,-15.2114087956032,2.78201268321722,1.45017520622434,1.40754760462073,-0.139545007667705,0.920999497609396,0.970285527894725,0.935631215056675,-0.242515915903189,0.611578029010879,-0.287159607099592,0.428203772359806,-0.140499504171157,0.442506930079994,0.148318679669997,0.343812904033776,-0.160928769644653,0.340959383934999,0.0941479174845787,0.26892543469425,-0.0686871089262531,0.227738243883907,0.150022252416994,0.228873402082629,0.022985315004275,0.214478253848523,-0.000307479377997166,0.48894738657708,-0.00143419668336064,0.840655499138657,0.000693259979870618,0.438558753388571,8.22398793058519e-05,0.29097067973703,-0.000384804506512497,0.265069184812328,0.000109649457993687,0.20961172878988,0.00018663962925634,0.18634131772334,-1.36015390003169e-05,0.175800389900003,-0.000191121014385764,0.148910972615267,0.000105319170901004,0.148096249816621,1.28723474541374e-05,0.132971431699564,0.000269682512862298,0.120173942132276,2.61782282669357e-05,0.114950506003423,0.000151180909816868,0.11406494024033,6.48348595910846e-06,0.438247995013543,5.20745038748593e-05,0.680029018907749,-4.83920876144388e-05,0.366515265779576,6.60184495819346e-06,0.28070706827345,-1.58870227957321e-05,0.241492628535231,-1.51394009021538e-05,0.21010361279923,3.30622627673088e-05,0.203356930099396,3.88376813992575e-05,0.174046342518354,2.23725393665939e-05,0.165315098304026,-4.67050076488793e-05,0.165212437200945,-6.34079395343014e-06,0.148721514607783
103-1240-0011,103,1240,0011,unknown,103,0.280062852454692,0.106160321955063,0.292520643588428,2.74597339418544,0.198454634439223,0.271430997437111,0.363891764142999,0.489864656087588,0.202121845440668,0.244120238968901,2.80090342906717,0.339622641509434,0.490566037735849,0.620545073375262,9.12869400678426,9.20958098448923,0.37067079528314,2.85168092003499,3.07930701411344,7.76977224267223,14.563122976064,6.85984592288333,11.8443199103833,-0.474546137039516,3.60657055233973,1.80067622826687,8.55076955879684,13.6115655998229,0.0361543673520962,0.0247837750541572,0.872628765987122,3.37897639723786,0.0151216702956257,0.0322224817178823,0.049913720378855,0.0285041448970693,0.0154397384688998,0.775629428377126,3.30695508567166,0.0150187734668335,0.0262828535669587,0.0387984981226533,2.64530550731878,0.578377147171193,0.492872374816788,2.89739832890771,2.12080574586954,2.64593079617761,3.03910270541176,0.0331165247949976,0.0313092391893459,1.64361547347956,6.22934859050003,0.00830428177507512,0.02515414924998,0.0466909305434329,0.00574432950518532,0.00491070029438363,1.26590368546158,4.56591186616069,0.00159980802531839,0.00468935491736356,0.00790375991812471,1,0,NaN,NaN,1,1,1,-2.05566713207317,1.83307816215172,-16.0631439181367,2.88419881494679,1.57932652868777,1.38395917149184,0.0695648367871586,0.922704492023344,0.861715618204986,0.817945139796011,-0.092169311929051,0.566943149477563,-0.228747366690498,0.44605423520997,-0.0898782922724433,0.41049057920672,0.124682169349401,0.331381862121406,-0.124468311785275,0.325811066524407,0.114423160286138,0.272119544746717,-0.0926862544113545,0.253441925466902,0.130748160201774,0.246407119139436,-0.0273788678659592,0.238061209981217,-0.00115376777708981,0.491240955323389,-0.0034624747811568,0.893594435952866,0.00114528138262853,0.424242996751914,0.000876018769955692,0.293926463064955,-0.000388164862956996,0.246278675401047,0.000471492429530934,0.208470701661154,0.000412758606752988,0.19991075771897,-0.000142314396041666,0.170333975779899,-0.000382569208318188,0.146026576272049,0.000122694834627386,0.144756863652217,-3.02687223633052e-06,0.131746632742027,0.00023140363092772,0.123604243183752,-0.000372784951925173,0.123466091556222,-1.68602834566709e-05,0.115913809609074,-3.10563724593954e-05,0.465190642493446,-6.77005972088618e-05,0.73598060061994,7.22048067368741e-05,0.365346459261325,0.000136154037855892,0.280934366329466,2.59514666266391e-05,0.228827552283864,5.25946965937555e-05,0.209442316246325,-9.56712154925044e-05,0.211152263544425,-2.24341362748972e-05,0.175188696732653,-9.57332053686395e-06,0.165342259215636,-0.000207545057287392,0.159905831270705,9.16318439829188e-05,0.154529629160875
103-1240-0012,103,1240,0012,unknown,103,0.249330530965816,0.0952033978265942,0.573754446603311,3.56705014708487,0.181136503732017,0.234462280999023,0.311776224166542,0.478035758327977,0.200490641931702,0.141263545641102,2.52436761238377,0.325446428571429,0.488365800865801,0.618080357142857,9.73999029033689,9.35872037301409,0.244238093430356,2.64710455673622,3.09733370039747,9.00312171344027,15.5198168769639,5.55252783317415,11.3999905580527,-0.289023644414048,3.31476920074501,-0.230403367375279,7.16205274886759,12.0421591921416,0.0433261220122641,0.0306991189328864,1.18868598764194,4.8254330298952,0.0184263992783842,0.0376163573163495,0.0599376410085963,0.0302077266550184,0.0150905897768045,0.736051031670034,3.20937324341788,0.0187734668335419,0.0275344180225282,0.0387984981226533,2.69707652311217,0.597234756952074,0.794888804770527,4.32350543671349,2.16577039977066,2.68191310696499,3.05272098356041,0.0409883645985009,0.0409334630527536,2.73041046345334,15.347133284819,0.0130120817465802,0.0317478962965994,0.0550646744632334,0.00708687046238706,0.00639422625458601,1.90975654309488,8.4142036328778,0.00234891738850813,0.00541870667341937,0.00985161114651293,1,0,NaN,NaN,1,1,1,-1.78860266525252,1.87615934920159,-15.4990688644897,2.82426930401354,1.34706284885711,1.38582506761318,0.10827349324118,0.862793369745219,1.01136804239651,0.78241566318166,-0.162403136856332,0.544720510811084,-0.285052689434762,0.464139020442709,-0.125919602834757,0.383436645436797,0.160201725646134,0.357305524632983,-0.136522020000036,0.346258612153188,0.0877396862343732,0.290805425805498,-0.0977733002359939,0.240633768965704,0.163839927968461,0.240506871509874,-0.0134996573285821,0.214062529155736,1.56503530230935e-05,0.496589971739054,0.000192351823375647,0.874991842074139,0.0003438077807387,0.450256010439503,0.000110512313277965,0.282756812612451,-0.000146536141959932,0.2494660765717,-6.68889215878833e-05,0.206948451681668,-3.25015718068488e-05,0.176816543958062,4.42146962810991e-05,0.162353468182313,3.1766402763646e-05,0.151755866643757,4.66426988700178e-05,0.145452843303143,0.00010514386654213,0.140203920177233,-1.67074138083117e-05,0.129787322509959,-7.64173060797936e-05,0.11821345292733,-4.0662926567304e-05,0.120876541542165,-4.85191093095359e-05,0.425133812889601,6.91743365266194e-06,0.701404899875526,2.87753391555993e-05,0.372917895843977,5.19341033110514e-05,0.275364988354192,-5.94953115987281e-05,0.23438593418131,-7.01714305738386e-05,0.202893225296941,-7.15045324998162e-05,0.183376680127906,-6.25779352139295e-05,0.174200519811959,-9.06255776459653e-05,0.166245001450762,0.00011186799034168,0.157011394524145,0.000116802117523771,0.15532798680466
103-1240-0013,103,1240,0013,unknown,103,0.220492439779024,0.0806014555027342,0.506882900094049,4.24589326961434,0.161833933784434,0.213672199942692,0.276462045187456,0.501589687710806,0.18795365311292,-0.174435132773916,2.67026542732941,0.380580357142857,0.5234375,0.627232142857143,8.93356244579407,10.0839344556317,0.00461415039272898,2.05519979044433,-0.0829636410707769,10.0752119509174,16.8581865106849,6.57156244001863,11.4361920428078,0.190432047086462,2.92260396447841,-0.944960106011327,5.89500236729383,13.6121892385569,0.0470035085757497,0.0351279845849145,1.27790093085697,5.24110687601663,0.0191838252413672,0.040332161684046,0.0656560344532318,0.0297620711829339,0.0142078750526801,0.513587022278627,2.73188551546788,0.0175219023779725,0.0287859824780976,0.0387984981226533,2.69326723971241,0.558390904006689,0.445842410082699,3.98037976713028,2.1800369762633,2.73895750408798,3.07401164575153,0.0458166717672406,0.0467583137647767,2.40575086399385,11.2748378523087,0.0136390885134234,0.0339833223942549,0.0626048909421741,0.00768352868314045,0.00734377390518498,2.12233360111314,9.76819379328424,0.0025683778725807,0.00575842450860076,0.0106250304257753,1,0,NaN,NaN,1,1,1,-1.70977578309431,1.91426358252867,-15.3565861419622,2.89056980478041,1.37211121160464,1.4234070824643,0.00103143467832072,0.947387515753233,0.955309476558522,0.864317053760327,-0.181824549107034,0.561510817582603,-0.183004272166605,0.447454214261202,-0.152446867974377,0.428500333170488,0.134954758466109,0.322631499202961,-0.155076064810205,0.340021178504039,0.12183372551206,0.307254353536598,-0.0725281499887429,0.22917063203042,0.167877530005923,0.221364843196621,-0.00277355597407482,0.239911808243465,-5.35667644844641e-05,0.459476535342612,-2.37723767026892e-05,0.831190675127284,3.05172225852974e-05,0.467322502664889,-8.59384981785485e-05,0.302766365943758,5.8810997679431e-06,0.26543482930579,0.000122174508397791,0.222699639878497,0.000106657889362778,0.178068399307252,9.32439575959395e-05,0.169713077078548,2.86529320284506e-05,0.145135048274039,9.66773219284209e-05,0.147574070739653,2.12197512060195e-05,0.129001606831251,-0.000163581666923066,0.119206636564449,0.000145943875089531,0.11589373459224,4.01562691713157e-05,0.116097506353615,-8.53742736042831e-05,0.402045247147598,-3.38435281164273e-05,0.692595996235433,-9.39910901015325e-05,0.390642898474582,-8.48055761086809e-05,0.283360306298471,1.74737166287493e-05,0.24670650989588,-8.82164872425408e-05,0.225276388688001,8.95885204564482e-05,0.186776242580576,2.64308803691263e-05,0.175746521767852,3.04226208972586e-05,0.163994695286486,1.94826483868703e-05,0.160293596119133,6.31040793133081e-05,0.144072563073393
103-1240-0014,103,1240,0014,unknown,103,0.23282124637593,0.0818507592877587,0.290430087093529,4.40146575466574,0.175565702134128,0.231499987960073,0.290968486854967,0.488067471828505,0.203040310338684,0.103952484545998,2.55768975073411,0.346153846153846,0.496153846153846,0.624615384615385,15.4428596672305,8.41791128687068,-0.321670568912347,2.74923463696562,10.5359700492907,15.8056590147641,21.1875598237645,0.12551871766502,11.7068775131015,0.453788065173537,3.45044419717482,-7.74916378455856,0.276509398025304,6.45824642649939,0.0346180729706763,0.023925818054639,0.997956560218589,3.72506901736093,0.0155125733355943,0.0298307549474989,0.0487626669366208,0.0251113101146548,0.0116772067773073,0.71818768767674,3.19005893729047,0.0150187734668335,0.0225281602002503,0.032540675844806,2.59080357529846,0.502564498380456,0.629840352658317,4.12005071303975,2.1464153313262,2.60117319415121,2.91588901447338,0.0293396804449248,0.0256607505749864,1.66628434212661,6.92969576690267,0.00973530050776258,0.024043860527901,0.0404707552783436,0.0048314099696692,0.00391139219845183,1.31328763097601,4.70784403582272,0.00185065477538213,0.00390929914057492,0.00675904135337893,1,0,NaN,NaN,1,1,1,-2.32330163337407,1.60672456717419,-16.1161800070097,2.69342648032723,1.61951898187674,1.42913923006329,-0.0606857477176916,0.951840198071709,0.882739421726838,0.827641265168649,-0.0420759868681562,0.539547169090168,-0.195246048880901,0.440112318846934,-0.16130103598413,0.420385308322227,0.0557823909094568,0.373294655695951,-0.106997662250345,0.329255179721049,0.0107407495924576,0.275049915201871,0.00324214009784844,0.231253949183475,0.0827469067419665,0.224378272641833,-0.0276706541531759,0.20366308110473,5.17899287866725e-05,0.416938544257125,0.00117625112477827,0.795857689625241,-0.000658030793944716,0.442903972694558,-0.000463969468763126,0.305870162157298,0.000656966363529621,0.246781032919844,-0.000194513576173404,0.212412397256907,-0.000282260951735171,0.175744158734841,0.000199036176659031,0.160949077631644,-2.52153275089047e-05,0.145387505036099,-0.000179442973731569,0.139763786293623,-9.65165162602397e-05,0.1344525962855,0.000277317141533193,0.119190856507632,9.2376053132152e-05,0.120074583736075,-7.75431810189912e-05,0.11299802606667,-8.07302719958713e-06,0.380835038547762,5.18425514936265e-05,0.665300297948116,-0.000116526742497701,0.375577550962309,3.40637764655496e-05,0.296489891356854,0.000109995515551638,0.227550518361884,1.79996883307833e-05,0.209001060092091,5.75181819888568e-06,0.190482991552117,-3.26396067431229e-05,0.168185941279529,-9.03133762104827e-05,0.163007578483528,-7.74386284578792e-05,0.152152365500688,-7.86535368728573e-05,0.152600326019288
103-1240-0015,103,1240,0015,unknown,103,0.180342495178795,0.0743079450292816,0.300643394852851,2.69075903270607,0.126055438007537,0.174694171022657,0.232859446053987,0.519231236571069,0.194682810545687,-0.233950864277285,2.48491767153441,0.396114864864865,0.540540540540541,0.660191441441441,7.17347403979271,9.30562487708936,0.392517815004577,2.01912843919375,-0.5769501144282,5.00028983366003,15.2217312343434,10.7239604480878,10.4638214647123,0.264424799277832,2.89839952633407,4.32682142987123,9.51662222052905,17.4035278298593,0.0451649162141588,0.0298177900702034,0.986510073823951,3.63014736918279,0.0221877274125575,0.0415714938902757,0.0591278741400796,0.0297620035654648,0.0123320094665913,0.39977746763898,2.77935580648845,0.0200250312891114,0.0300375469336671,0.0375469336670839,2.81516823763016,0.571986558968213,0.182265173647715,2.49812800363513,2.32304044012696,2.87121464368158,3.2437999564689,0.0481585842488454,0.0466139920534766,1.66724480775312,5.14740791058081,0.0174991175975491,0.0341313193128404,0.0567763737383127,0.00712669158055355,0.00613893055422046,1.73222192111111,6.05969973952434,0.00331468198040955,0.00556445207067119,0.00874870104222639,1,0,NaN,NaN,1,1,1,-1.75672723063379,1.62598986168035,-15.1580677930385,2.67151056563166,1.49994489439823,1.42518219000691,-0.0374781713230329,0.916546654905753,1.10507950160123,0.897518421279299,-0.146276598952896,0.540795632475974,-0.209183901379868,0.398019323228538,-0.195681357948936,0.445390503943459,0.0865786625276913,0.334685976019772,-0.156794830775305,0.315855471855909,0.0996301830666249,0.257624022759513,-0.0632425574764129,0.24948190012886,0.0924332895387609,0.231185251286355,-0.00850523317170975,0.209418462583553,0.00113089579077987,0.506040170218865,0.00513132663548554,0.931342338965307,-0.00125997053722028,0.498897144792679,-0.000744369287171043,0.302870415517179,0.000548882384700036,0.312659146080336,1.16786792936811e-05,0.224556512569137,-0.000357998167882998,0.183550456498652,-0.00205044645249666,0.17633281623855,-0.00050822920930811,0.13996671291896,-0.000413286279510548,0.145449334170424,-0.000135489892957445,0.134278734110443,0.000559297575469052,0.112585645911962,0.00106313962957616,0.117991783210628,-2.44423796488968e-05,0.10784856729202,6.22049861616753e-05,0.471769982224985,0.000378177977983062,0.806635933775732,-0.000599560944118247,0.440476445015701,0.000141802903875843,0.299145048386735,-8.17493056907204e-05,0.267272228217734,-0.000171615496307487,0.220826610518302,2.73150941474001e-05,0.211390997844072,6.80572632807994e-05,0.181934643522065,0.000175973600567529,0.169007683865843,0.000275038883961181,0.170860994769473,0.000429687106509874,0.155976777903819
103-1240-0016,103,1240,0016,unknown,103,0.270441113662592,0.102345045795884,0.500109914762145,3.77794504240689,0.195206602287717,0.259281626428122,0.344784449973376,0.479762401108661,0.196184935868178,0.126874117436463,2.58823893805783,0.331818181818182,0.487878787878788,0.609090909090909,9.47300083507486,8.31456416719817,0.622726631987743,3.1699983657053,3.88944343697736,7.91161499595132,14.0860188904966,6.66014012399975,10.8538369029187,-0.519663492452771,3.93196187546701,1.9739414520602,8.19726557053809,12.6266457986568,0.041492978998413,0.0319242274351297,1.38169277116915,6.5617060998132,0.0160874427198726,0.0359227612354495,0.0591919329966695,0.0275856985123849,0.0137893629856358,0.718230229021686,3.04241163933952,0.0175219023779725,0.0250312891113892,0.0362953692115144,2.65577802094445,0.573993528260967,0.506616694670275,3.05217921599996,2.12066243480544,2.65112120902868,3.05989161227133,0.0393149390085367,0.0379808070182612,1.93900491714318,9.46672732706143,0.00906619355854902,0.0307036962483139,0.0575541757961507,0.00640343468755759,0.00577652867875494,1.86365109358691,10.0827628081987,0.00189317847286345,0.00513692041101839,0.00950910993009972,1,0,NaN,NaN,1,1,1,-2.06288902712989,1.87869127040686,-15.7796299792276,3.12579829742133,1.54648079940849,1.31307998872893,-0.061877114838545,0.977658174608345,0.768943899455954,0.866194438728536,-0.185036527672179,0.56937530451861,-0.177186424433765,0.452642480709665,-0.0990438248862186,0.400844377169373,0.103362245477283,0.314126476379472,-0.103762766971744,0.342535991906036,0.104715540438333,0.303007518557016,-0.0654998856154096,0.230717104367731,0.120929854756582,0.23293118290027,-0.013069820089434,0.21455689267606,6.10976685585809e-05,0.495850825204706,0.000984376553270727,0.866988817035174,0.000386828679159782,0.464599906929992,-0.000241403755724827,0.301148638913313,-0.000337492354090036,0.268625303099423,-9.60350111076084e-05,0.21608732166969,-0.000215314062174554,0.172053178070534,-0.000280291998061359,0.168879520920396,8.77099913349788e-05,0.142418436704751,0.000264977309907655,0.151975627596019,0.000206817269314605,0.140653544178495,-0.000180340709069952,0.119621479649448,-0.000166319821263414,0.123974911037791,0.000139680989938676,0.114581735080298,1.95210849644021e-05,0.436217025737318,-6.7848765340359e-05,0.694396366582046,2.87993938555427e-05,0.410276928897826,0.000157054246977534,0.283798251237697,9.5723910975987e-05,0.246636574215827,3.58348787339668e-05,0.214844974830049,-1.66493187524529e-05,0.187759071277747,8.4081429241793e-05,0.171833888189535,6.9489683569858e-05,0.158303297347078,0.000106545501029168,0.167056292500741,-8.13223843544252e-05,0.156149458792514
103-1240-0017,103,1240,0017,unknown,103,0.221396839127261,0.0758070429945559,0.321542932638772,3.11663399446575,0.168389129760985,0.217242077331989,0.272816753301268,0.498267429663772,0.202398271380701,-0.00137540061146971,2.58232028961233,0.356060606060606,0.518939393939394,0.631628787878788,10.8545878735359,10.1201642890644,-0.161067270334684,1.96973549580772,1.72245870259931,12.5145736220764,18.894396742901,5.66791719183442,11.3693851474886,0.252347727145256,3.06776952200079,-2.03481090818488,5.13479943807901,12.7657361684902,0.0451351235399258,0.0337510283069067,1.12462177123128,4.2095482432042,0.0186515682541402,0.0379033494316781,0.0631571543938092,0.0281623929000248,0.0130396505848141,0.620156904734553,3.14015496339028,0.0175219023779725,0.0262828535669587,0.0375469336670839,2.67007079476106,0.551585080130555,0.557502541507423,4.63982081706863,2.16365860801353,2.69007592001862,3.059637856064,0.0425064475854956,0.0411050903021547,1.7366974681195,6.42591699186567,0.0116274436262052,0.032614724038418,0.0580236727315085,0.00705538569775872,0.0064603326068431,1.62769137712658,6.11341879242399,0.00241728077230959,0.00542876984441898,0.00949826927141275,1,0,NaN,NaN,1,1,1,-1.77662778732944,1.94462704209678,-15.3583787833598,2.97050849757156,1.62727945762553,1.42435876640431,-0.167435657282623,0.892353717871691,0.830824254883882,0.780084761599161,-0.0990252902179157,0.574337705062267,-0.24173373642325,0.470981343609398,-0.228181465588535,0.435901891069183,0.117328124556358,0.361734406945695,-0.167156659057887,0.348758288357684,0.10524196300456,0.3212738955629,-0.0799106791611261,0.230970235544717,0.163243024295457,0.24045252866105,0.00382893368211317,0.210783184167216,0.0005711927518777,0.456855130922155,0.00191306665953666,0.794460168178851,-0.000976874044878837,0.431656385730925,-7.58359571744684e-05,0.27414804289861,0.000331322325321019,0.23025875952334,-0.000663743021255728,0.192230768393908,-0.000257104737258976,0.169611588652203,0.000331041620714643,0.169902746932934,0.000156245639575867,0.136062648701717,-0.000439135557118106,0.142725319845049,-1.87467639611837e-06,0.13795046598966,0.000168863098945405,0.119370231929864,0.000148985058371699,0.115874269127002,0.000139341374731576,0.113609002437632,5.73964539241995e-05,0.398197284612915,4.60228579747275e-05,0.637621366410875,-0.000115052469431308,0.362905441755322,1.62443575909791e-05,0.267987524176135,-0.000105415589482707,0.21505902050218,-4.27573044391455e-05,0.193577566630479,7.51256265807806e-06,0.179928107752897,-3.34085122792165e-05,0.172913358444401,-0.000174245569804655,0.15180226046855,2.05982641313648e-05,0.153258782359821,-7.25061744857725e-05,0.152888666751953
103-1240-0018,103,1240,0018,unknown,103,0.206822328680279,0.073212204114235,0.0254286919366714,2.62785895211678,0.151946777035343,0.210525088257123,0.25866463485249,0.473282753818301,0.19122556967127,0.0176856254122639,2.6708671804096,0.338235294117647,0.491176470588235,0.607843137254902,10.4860748772319,9.46470435880194,-0.0191233688674006,2.25789282492797,2.85836245847158,11.1221392067731,17.5203171491352,6.46839590224805,10.9514138085858,0.407120425850095,3.27639777658091,-0.954010154523015,5.70803144862099,12.3818395959849,0.0441188308702757,0.0287379286797133,0.90508946489861,3.46589571379282,0.0209416835502114,0.039458308836775,0.0602553180302629,0.0273397061798294,0.0125517533981489,0.717885571375924,3.52591585676807,0.0175219023779725,0.0250312891113892,0.0350438047559449,2.66701773595954,0.542439994146319,0.454379743977945,3.73343390548558,2.21924083224423,2.69122495663477,3.03803416662816,0.0409509490045684,0.0364442578687213,1.82604420677627,7.5068958564577,0.0170041188139911,0.0309038540715441,0.0538060251288291,0.00670335874042815,0.0054317870109175,1.48386046722632,5.73192728539342,0.00269044854158619,0.00542588723040675,0.0090784915246439,1,0,NaN,NaN,1,1,1,-1.78385064069065,1.81522143344961,-15.4667220691891,2.57140570442334,1.44081114373102,1.36576666754798,0.0712495482823327,0.906450777125252,1.02339873129138,0.845059321777585,-0.120077217236757,0.58421946113224,-0.286194316798428,0.494450540196343,-0.155526085781783,0.417049751519216,0.0998469694902465,0.36179459439469,-0.241715803112425,0.323002451577491,0.0879988206192098,0.295107453148716,-0.110900803224082,0.24486046183066,0.185977934052674,0.242091286614655,-0.0239711822844754,0.216827989358721,-0.000678783985063602,0.515709218940939,-0.00297236472896614,0.892176251470272,0.000764993928418147,0.457513094590357,0.000591522528519624,0.287788666990109,-0.000496050251171541,0.262389259111707,0.000660311057639857,0.222287627862055,0.000786531438531603,0.188760631368874,-0.000222800103580371,0.16708208592216,-0.000138589099583236,0.150593578651278,0.000244681308258809,0.144046222144727,0.000196605719610752,0.13599376265588,0.000127333039176346,0.124133703198437,0.000238575928797883,0.118096493076337,0.000167029932007491,0.112584542516258,-8.97894322088657e-05,0.48230400664843,0.000248180749116186,0.747907388279745,-0.000250071208224137,0.393386868804674,-2.07329918684141e-05,0.281730789491874,0.000234746369555326,0.23400005043509,-1.78844406197367e-05,0.216797082516472,1.40071497161255e-06,0.194105583973004,8.98124752069132e-05,0.171700324841281,-0.000149153916582346,0.168159937908263,-6.97388390396905e-05,0.163023320308164,-0.000211826300167369,0.151812382716124
103-1240-0019,103,1240,0019,unknown,103,0.239666390893494,0.0902502311608299,0.528235890824457,4.16975908229331,0.176984863437467,0.229172949749422,0.299025377834404,0.484168842325959,0.200580728817877,0.154574484352365,2.68174237865541,0.333333333333333,0.495833333333333,0.616666666666667,13.4642050973058,9.52759825043188,0.0963860173766709,2.40984958650672,6.70895787660207,12.4242364361241,20.5559105255719,1.47224736687014,11.6844679813397,-0.283829909244154,2.79577505356048,-5.99294083205136,3.43076375680696,9.65446335207429,0.043406123939632,0.0304329434598925,1.08673313141131,4.50864183026019,0.0181509703443505,0.0399495217741084,0.0607623826458621,0.0271229336149353,0.0129110001779695,0.76837026860156,3.54792335480545,0.0175219023779725,0.0250312891113892,0.0350438047559449,2.60875390105185,0.534242561115602,0.6188088888762,3.70083441624999,2.13541822876222,2.59224147236512,2.96565345001283,0.037817265925562,0.0351869142003332,2.29911835904099,10.746115957189,0.0144876345078773,0.0306310319184261,0.0516904748473818,0.00640706617220542,0.00540977353030485,1.68509284651694,7.57695543507786,0.00226998199980549,0.00526591082812087,0.00897461694926675,1,0,NaN,NaN,1,1,1,-1.97666492081452,1.71594968699921,-15.7791164283371,2.70976328740573,1.27325409878719,1.53318538298784,0.265329726288098,0.86511129900714,0.941392609832045,0.957642464915916,-0.21822504952747,0.619183943407075,-0.205222425874602,0.48698846205971,-0.118262831682174,0.41378282734103,0.0692765106933266,0.320525007201163,-0.196122373869171,0.31746436531739,0.0181544171999234,0.280624389560789,-0.0901022621996135,0.23852640074235,0.140234325158606,0.230777798574022,-0.0696963969715897,0.213854272222597,0.000759787102181753,0.464222956305152,0.00316548363920574,0.812995826837459,-0.00054041212490352,0.467089213567338,-0.000944553733655758,0.288357432463257,0.000614070943049168,0.270058366613794,-0.000502660639452481,0.208054121831167,-0.000309824386317306,0.183069427116153,-0.000212575991647101,0.163127967098692,0.000308991112759772,0.142719952603859,0.000105070726374221,0.13875132131334,-0.000260577253086189,0.13633671745469,4.77473979201324e-05,0.116355098947231,0.000273898458765408,0.119736984380688,7.98585344929445e-06,0.116888187883205,-5.55195705852028e-05,0.42026841505527,4.60755006819538e-05,0.671127829002845,0.000180407473576869,0.373929580668918,5.05025421641343e-05,0.269930890184888,2.3723489659334e-05,0.237020157606683,-5.20129627192424e-05,0.206986009194091,-8.29814855006389e-05,0.187304331847672,-8.3174148457795e-05,0.168734684663723,1.61931155907949e-05,0.161811374429435,4.57527584987113e-05,0.154020007773024,4.82338775831492e-05,0.153517509245468
103-1240-0020,103,1240,0020,unknown,103,0.228352381071762,0.0787921891494836,0.446047573675841,3.52835096585681,0.174358508469105,0.222337472243918,0.277676663701948,0.471451805443322,0.195304602959864,0.0683088961287256,2.55076656183702,0.338383838383838,0.477272727272727,0.609848484848485,13.1185052306687,9.47501401194593,-0.346423180754462,2.68002129166012,7.37668766017731,14.2505987311914,19.5345112755176,3.21031878400048,11.3121883653859,0.326725827923232,3.45297630778643,-3.63012676009276,2.92787553471043,8.72731055655989,0.0392281131871165,0.0287313073516113,1.04660664952828,3.97711509904389,0.0158879416541312,0.0339796790830145,0.0572217318931873,0.0260207458275724,0.0131063776932352,0.798897295779825,3.39561259463696,0.0150187734668335,0.0237797246558198,0.0350438047559449,2.61233847591924,0.576100043885082,0.629066337548203,3.72985450057005,2.06653499515651,2.60806404189753,2.99588435421318,0.0354029076539374,0.0327201627791294,1.34423161931811,4.8226446529628,0.00871841913761163,0.0265550599053283,0.050648423379905,0.00568887188000511,0.00506984266430325,1.65015613710674,6.79203408207567,0.00186472375368304,0.00439613745483391,0.00832861790965633,1,0,NaN,NaN,1,1,1,-2.1049968227896,1.85543249631952,-15.8866598714048,2.88906115266663,1.63676259244751,1.44895788791885,0.0364494652896659,0.855263483189413,0.873644658635909,0.844400057876503,-0.165419885455141,0.6279819431973,-0.190191668381562,0.438573820826494,-0.160595240686946,0.440086622468839,0.0337233764987168,0.378320889156016,-0.140261349898395,0.360890205116174,0.0270911100627495,0.301791891977426,-0.0461380608157869,0.224169647048018,0.108891580269074,0.239655478652709,-0.0401654070352971,0.229451892301193,-0.000310681343753435,0.439941332656229,-0.00172392862069676,0.837033728143763,6.47143545368602e-05,0.410879272568986,0.00125794268169902,0.268953705572378,-0.000444441687399486,0.222891180791828,0.000208478446092881,0.220826332666474,0.000597296184083331,0.187828779551514,-5.57797619059902e-05,0.166491350122482,1.98056177800724e-05,0.140354816216122,-0.000436548794745968,0.152547087337205,0.000107541640355332,0.135955321893733,6.3028742565709e-06,0.124931541458653,-0.00013591464520289,0.120178307555962,0.000200293706228632,0.117804233863506,-2.93826747852596e-05,0.394667550230586,-0.000104933944610583,0.688561371635173,7.79424458715063e-05,0.346446279475276,0.00011693773976974,0.244281351094222,1.28667880878579e-06,0.210958801125918,1.22326495743611e-06,0.214363167414757,2.31278175363978e-05,0.197827313708711,7.71188950030365e-05,0.166296282053272,9.40415469496252e-05,0.154801426199378,8.87200926847548e-05,0.164309828301638,-9.7381857347698e-06,0.150237487335345
103-1240-0021,103,1240,0021,unknown,103,0.227957700790745,0.0919022420926232,0.538647363556824,2.78265858899514,0.158730962997818,0.210506548766013,0.293702280572734,0.496221077161848,0.198704160243083,0.298971904881445,2.88817454786823,0.354918032786885,0.494145199063232,0.626024590163934,12.2383408955248,9.02612303572004,0.219332930505638,2.47344826338841,6.04995588466227,11.338995050495,18.2477240741881,4.14257832380351,11.7392151529512,-0.0821240159618505,3.36788179293215,-1.70179283920948,4.87803361737007,10.6443570622279,0.0411965036811542,0.0317170459689903,1.24708388012799,4.91429913512299,0.0149393889844299,0.0339888245628833,0.0591475418821497,0.0280691080506014,0.0135789669687935,0.807209244965397,3.8505616553089,0.0175219023779725,0.0262828535669587,0.0362953692115144,2.62190452845005,0.540203725977526,0.674731364761771,3.81749587554287,2.13526536296483,2.62693176331785,2.96402444018166,0.039943508430516,0.038186767545761,1.65606138411289,6.76210791341039,0.00923872159930853,0.0320754972722919,0.0580088763481702,0.00645187976131826,0.0059720298183083,1.49635771839911,5.50833161902057,0.00179770363087148,0.00475493854647344,0.0093574225685067,1,0,NaN,NaN,1,1,1,-2.11540890269269,1.82746389467786,-15.9687863312059,2.95393488260752,1.23160208001902,1.28770824853674,0.197014233418447,0.896142677375972,1.15511667925759,0.893211087981714,-0.147005263788476,0.582502181858822,-0.261682388375513,0.461155404283226,-0.146184202858811,0.427247871303199,0.14945233297148,0.344381437666145,-0.187655880184451,0.315597883596578,0.0859538018128018,0.271482030645512,-0.0349034436464188,0.238791564911703,0.160164336676346,0.232767620407623,0.00564134239603847,0.209017551561142,0.000908254387921797,0.445344698092502,0.00349294553650057,0.833685293226676,-0.000554306848179641,0.456240253743094,-0.000722436531041954,0.289573052012754,0.000663188384318019,0.271880195818388,-0.000258184694350024,0.218933440909753,-0.000836818211545091,0.178066618402269,-0.000105538777749172,0.161515893812734,-0.000184794867098025,0.138677728322297,-0.000128112035056945,0.136861656446887,-0.000210041479573188,0.122959190325191,-0.000222365960501986,0.115407059961263,0.000475352727326099,0.116857601517222,-1.47661000921029e-05,0.110401518461346,-0.000106408064825599,0.396247786370801,4.72407334704924e-05,0.682108313558809,2.18414821252586e-05,0.394676121165267,0.000119838373678889,0.282176066983369,5.84744500013382e-05,0.238900613665573,-2.95030578659373e-05,0.209347935403913,4.45827330311175e-05,0.192438549562633,1.09021378690387e-05,0.168667913370152,-4.31322574711912e-06,0.154827760641894,2.38206646323825e-05,0.153975875577256,-2.17467234170376e-05,0.139103159209844
103-1240-0022,103,1240,0022,unknown,103,0.213880161416655,0.0823295729575174,0.455415075661416,2.88364120329794,0.153234384157908,0.199991616780565,0.271506630896003,0.48337205211858,0.192197357384099,0.0766295894996584,2.66294132262128,0.349206349206349,0.495238095238095,0.616341991341991,12.5956629509703,9.7736511447929,-0.0885739119912463,2.31590098880497,5.18014235201233,13.2704428414982,19.623009093886,3.61820896772013,12.0970949084795,0.114710536989181,3.22677629019814,-3.62260311893682,3.59875067389988,10.4746433193578,0.0483150692810858,0.0335658239801866,0.942820097229404,3.44809817677232,0.0196156947613226,0.042122497451377,0.0670322447134653,0.029110944712734,0.0140614748954302,0.894361260617252,3.68077107675378,0.0175219023779725,0.0262828535669587,0.0375469336670839,2.64038648647174,0.545478573049995,0.590728840795704,3.49359554932682,2.17246726529136,2.62556738090163,2.98767295739238,0.0474841746985483,0.0434101560287087,1.47184414949002,4.8745043244603,0.0151299341883156,0.0355911031089555,0.0644663031556293,0.00765557076545013,0.00659986995882549,1.45112603551166,5.32291663430318,0.00254255096102769,0.00593333717942712,0.0110167911817643,1,0,NaN,NaN,1,1,1,-1.72914941017876,1.83700950602007,-15.307919732289,2.72162087303538,1.22204245132387,1.51868683708277,0.116381470013614,0.98154352505692,0.890574871496769,0.911553655768379,-0.152257114785541,0.580013173426704,-0.221158633412637,0.485435972875832,-0.272341684983796,0.476474220061492,0.147942220733249,0.33701624318924,-0.216513050165538,0.347979144179131,0.110985718591471,0.309121447910192,-0.08177608479653,0.263980794707141,0.166681194465983,0.244539919173118,-0.00614513304358802,0.218464627976668,-0.000518274316340356,0.494861418578973,-0.00118235200300971,0.847155270213296,0.000115198423558052,0.445674122758705,-2.87265213167143e-05,0.298322155653993,6.20913787718752e-05,0.28054121441108,0.000115503410166874,0.217046829911508,0.000408613934767236,0.191548849027443,2.91416884274713e-05,0.183893221272012,-6.31266922846202e-05,0.144714662268415,0.000256356462301217,0.139439376308319,7.53559665156457e-05,0.136079362079399,4.69168914157453e-05,0.118659635446413,-0.000165389349947175,0.119760037039518,1.62083237789759e-05,0.11405578579817,8.9096239001681e-06,0.4545344382717,-0.00017041663733223,0.701578673808314,-0.000162290416713813,0.37577779191818,-2.88102374519705e-05,0.281967539499017,5.66719254484712e-05,0.251201105530448,-2.84871830069021e-05,0.21371514237084,-4.03460074049776e-05,0.198629801784455,-1.62737923572857e-05,0.188251848793072,-1.8844736420938e-06,0.164859370353135,2.60147320761012e-05,0.155500300434677,8.93933371104114e-05,0.15022086338318
103-1240-0023,103,1240,0023,unknown,103,0.233339198669571,0.0900263655102028,0.0913997605349442,2.24466466942767,0.157864789038271,0.234364769384846,0.304341884559164,0.469660152625008,0.19136803076378,0.348321510066906,3.01422395353228,0.329585537918871,0.470899470899471,0.598148148148148,11.7903768409341,9.83740709575576,-0.184624792550621,2.46388398279555,4.67678753910316,12.8637435704224,18.3400528867196,2.86034977124573,11.0844191628498,0.12191618171581,3.53504886741878,-3.28023921219842,2.79467862208103,9.1980887900775,0.0420448112935653,0.0319201801895059,1.19611710356725,4.99611280781058,0.0152726289201821,0.0362462512199054,0.0602761241756636,0.0271230863517464,0.0148318230821482,1.19213870649388,4.71692866707018,0.0153316645807259,0.0237797246558198,0.0350438047559449,2.65275024667638,0.557730724179406,0.69083327757673,3.66736326446941,2.17624008493188,2.62096495933426,2.99956430939061,0.0389408799178301,0.0368580740775179,1.66964104538332,7.07667395563752,0.00896363336035593,0.0297987431495507,0.056804476276244,0.00642351441667786,0.00626312594018315,1.99751721512807,9.40177591780689,0.00171830998300284,0.00466328638068112,0.00902335682086227,1,0,NaN,NaN,1,1,1,-1.9713241821815,1.86099937589066,-15.8331970200552,2.84742273859301,1.57481049035501,1.44407686660684,0.13995190268628,0.863324870771137,0.950345812519677,0.912019235267548,-0.1332420643911,0.583079553463853,-0.192503720474001,0.486285911025515,-0.189586419462577,0.446972640616951,0.107278485781594,0.331484864865929,-0.247015904530162,0.315543708961308,0.0687807639788847,0.280871257954761,-0.0590197117446994,0.235782654023583,0.162553363808491,0.23788167379304,-0.00341566759172871,0.223349190519084,1.16429199048201e-05,0.514518764226961,-0.000139226033746825,0.928698331924696,2.34480891781535e-05,0.464538054396802,4.52950743044143e-05,0.289534659257373,0.00010662506685913,0.276789957953047,-8.52380767777511e-05,0.221103542300412,-0.000202848925151432,0.191981101752616,-6.5645232384238e-05,0.18129157429196,4.85570912664718e-05,0.147580234949137,-0.000359403262113347,0.141370885666966,0.000135774299361703,0.135672141493296,8.35504495015463e-05,0.12329183521651,3.7080027186457e-05,0.124959870376556,3.12555752285976e-05,0.112326680138798,-7.90551101581443e-05,0.468569799439753,2.60832043487645e-05,0.766172490483031,0.000172151605325656,0.395224654029279,0.00010976339249739,0.282715111731967,3.18896831680094e-05,0.251310331075664,-7.50189431907579e-05,0.215373204107882,0.000151995863282946,0.202427678448956,7.25336143641464e-06,0.186499471714147,-5.46116361583523e-05,0.168334544605534,4.46030527681841e-05,0.15377039133579,1.67284130929405e-05,0.150941188795065
103-1240-0024,103,1240,0024,unknown,103,0.225775713134074,0.0872368825406589,0.232185163205576,2.4359777565942,0.155184894545458,0.222876353080767,0.29007941197108,0.48687533486203,0.188824388521034,-0.13841232365349,2.54580486717697,0.350390625,0.508522727272727,0.619791666666667,11.0913244507757,10.0342809943387,-0.127460656380962,2.16617786853662,2.71576403081831,12.6334923439865,18.5538346733562,5.07382220238965,11.8821727452492,0.288802376840592,3.05012981813285,-3.19200082850961,4.36063197993967,12.2601983786031,0.0388361864519599,0.0265178057803494,0.849427536822783,3.36361696484879,0.01650540462196,0.0336204023425049,0.05647713290354,0.0284112527395947,0.013184077632835,0.597933544824299,3.21105529148403,0.0175219023779725,0.0275344180225282,0.0375469336670839,2.61146640535665,0.52109922832502,0.523448654028938,3.09520768910634,2.12924754536822,2.60971940699262,2.9504558126068,0.0351412049986585,0.0301529937826833,1.37607779688809,5.6159093337809,0.0100374715451731,0.0283156371213851,0.0516696253317407,0.00586111228583631,0.00474330021431442,1.2719990871539,4.9524495689919,0.00202612177491051,0.00476545179433335,0.00828962287972681,1,0,NaN,NaN,1,1,1,-2.02169978378147,1.8040626064897,-15.954528390758,2.63302111390602,1.38780895537313,1.40489186922322,0.214152969944078,0.844381975245613,0.987790561182134,0.913180422583913,-0.131725027724955,0.570947513806565,-0.154206890304741,0.483458544862911,-0.180408537011515,0.419002888844741,0.0864256023279664,0.327548775909495,-0.143259721590794,0.344133156550192,0.0746991763866422,0.271450541309984,-0.0809771921053439,0.251626861799631,0.195556797047234,0.235651285246936,0.0146591604784261,0.237002247032055,-0.000270547297867078,0.466176229825265,-0.00166028023897835,0.841650079065045,0.000280230897414904,0.42021777632437,0.000657760564315861,0.274931730582237,-0.000484395027845303,0.264003827229364,1.20643071371665e-05,0.215769769147874,0.000383145240650334,0.187089801079386,0.000318247326531191,0.163568873335009,-0.000190149909253346,0.1386150741767,4.3949928273775e-05,0.147376382227551,0.000107183096301172,0.130864511799591,-8.23777421747126e-05,0.120252777626681,-0.000292787664380369,0.110456593043176,8.64377857987308e-05,0.11570949709238,-4.48318711828692e-05,0.403424830371945,-6.31741644856933e-05,0.662009421458545,6.44723540653884e-05,0.361524124763979,4.04883516366091e-05,0.256830332931634,0.0001251860141808,0.235403365392975,5.76962744674814e-05,0.21572632092874,3.98095264236853e-05,0.192223037992616,-6.54191333698795e-05,0.169926564426817,-0.000157980960462078,0.154396245636358,-8.51709596279336e-05,0.156690862382207,-0.000149455113140496,0.146393388721695
103-1240-0025,103,1240,0025,unknown,103,0.210381677292758,0.0817173801032594,0.449778171568657,3.66850654352935,0.152860439837605,0.206450063555981,0.26249654287153,0.492898239424379,0.196925463251409,-0.0972540851586093,2.48772970745847,0.352657004830918,0.508454106280193,0.632125603864734,9.56063508121548,9.40808541624464,-0.0889629716934911,2.11422266974337,1.5532950411484,10.8717311390624,16.8905853028894,8.62076316932633,10.2100958940918,0.286536214579196,2.74596181407642,1.37632560495297,7.95066746100321,15.3071792375298,0.0420560968113233,0.0298190061498281,1.02133928921897,3.91369918234862,0.0177242742406237,0.0375196805307851,0.0577673289291178,0.0275211388240605,0.0135856738488542,0.877151770739433,4.39291878413074,0.016270337922403,0.0250312891113892,0.0375469336670839,2.64327500931766,0.543595075448545,0.45531675342172,3.15778503549994,2.15696347303254,2.63046124604396,3.03550045734466,0.0401480641851857,0.0374240494560888,1.55250434907541,5.70013625696788,0.0109234253149459,0.0303756804283293,0.0570619858382392,0.00647984642501541,0.00568533514050837,1.41102832631099,4.91957559134622,0.00221581900240958,0.00500430637649945,0.00892324207839594,1,0,NaN,NaN,1,1,1,-1.96590438837308,1.80226337813294,-15.657363658891,2.88918752422751,1.47786520564081,1.4541473302657,0.0668249599843939,0.82803253071916,0.761616870565858,0.792171948846416,-0.125950421299703,0.586172277092708,-0.150290957095015,0.478824902936122,-0.16563407512663,0.426649890251949,0.106573250848296,0.35878384419372,-0.164887076730869,0.368921218994748,0.123530413579014,0.299912374898351,-0.0776835685936064,0.232230672676385,0.152850884693691,0.231477788143919,-0.0217851342938536,0.218441713091549,0.00082304781350572,0.464454729602052,0.00298536733629446,0.875522414445991,-0.000976590923088748,0.464770966096136,-0.000599196351528579,0.284687625240093,0.000480971932187998,0.239092138987218,1.42174040714918e-05,0.210164265960401,-0.000242144730557892,0.178396036567894,-0.000243687468479261,0.1638025208535,0.000209989548514801,0.144801564177791,-2.56369936485418e-05,0.14701072620249,-0.000157130112208194,0.141747043228815,-6.16443612309128e-05,0.12111309055537,0.00016430037936152,0.115401009564417,-6.16352382091136e-05,0.113641289248988,3.58877251829757e-05,0.397410851588002,0.000151702557528784,0.70056983788473,3.87563118282084e-05,0.390862540184498,3.28241455220602e-05,0.27125620687109,5.60711911519928e-05,0.226659779125308,4.36643376651602e-05,0.207413883323868,5.19658682784461e-05,0.191827254668514,4.51980157567334e-07,0.162530172529815,-6.54617327648537e-05,0.159888520873061,-8.78664807168344e-05,0.155335408610626,-9.87118739659665e-05,0.15570418555686
103-1240-0026,103,1240,0026,unknown,103,0.343682595492302,0.130480585757329,0.366392127911091,3.91848063100542,0.241004015446301,0.334755256711097,0.453061653826689,0.439669246488698,0.194929217201901,0.206855990736853,2.52346891687481,0.276595744680851,0.446808510638298,0.579875886524823,9.2749940850739,8.65038480495493,0.887644754219194,3.44549806394593,3.35197214827175,6.80417984539963,14.0472950247748,4.71634847613761,10.1699570711455,-1.13459207602949,5.18004164468991,1.19634770984982,6.77762388507796,10.5292347948642,0.0380579923760333,0.0330099334029229,1.19119505455504,4.42785953033942,0.0071364405986741,0.0321071173273551,0.0557885245199561,0.0271071650177922,0.0160116898952175,0.973614924262913,3.8640079892272,0.0137672090112641,0.0225281602002503,0.0375469336670839,2.51754481589975,0.571267448795734,0.898359409619052,4.45651300978753,1.99559530780902,2.44194263858516,2.92799307035402,0.0338543981731625,0.0369130217599364,1.92914156547603,8.16916673151976,0.00306151248994345,0.0253955122698923,0.0486462180695828,0.00612973604677646,0.00653433632792136,1.63808112748839,6.18031548628083,0.000726339853633061,0.00424284222779005,0.00900242417364002,1,0,NaN,NaN,1,1,1,-2.36564749448449,2.04002343250258,-16.506003509839,3.35306686082736,1.38461346584994,1.42672195720281,0.160938310748952,0.869340978944898,0.827251793223325,0.777937591559301,-0.0529992887297396,0.5122348762718,-0.192589319027695,0.439853931925202,-0.0964788777650362,0.431580278569611,0.158129440716289,0.318536795311957,-0.159629419851027,0.356743111519537,0.0781402883327347,0.223338064352372,-0.0881192447283178,0.231402548632903,0.149957632573227,0.233438109767299,-0.0193529371889376,0.203693761396307,0.00261090893818234,0.420364743811283,0.00553917452763577,0.725790298117078,-0.00221111865136957,0.456089940331332,-0.000133111703267226,0.264198580267992,-0.000121575550550908,0.236765405607731,-0.0009869730344989,0.195463297393592,-0.00108459202004178,0.173823039305463,-0.000160853976153876,0.164267692191493,0.000198929107937601,0.146109515869982,1.00174161066331e-06,0.137240666708922,0.000621673709927116,0.117986506004682,-0.000421968834964861,0.120766890540417,0.000539781854852094,0.122312995856898,0.000319066392271812,0.113966810642583,8.01472596435964e-05,0.363601720726179,0.000136846726416309,0.586990674225199,-1.11213378747853e-05,0.351866981859828,4.48561451388377e-05,0.249183703583893,-7.31250423441066e-05,0.216049024030371,-0.000192498076810969,0.194421252784588,-1.95263453397483e-05,0.185802217348303,8.93168923159706e-06,0.17338175103097,7.9481053497014e-05,0.165090086730562,-9.84025682600465e-05,0.150752702643675,5.3683348002614e-05,0.141956225282019
103-1240-0027,103,1240,0027,unknown,103,0.249189640063269,0.0992399710071535,0.675624770717522,4.43639111369803,0.180851389546509,0.234273369359803,0.311925522828844,0.482980656198866,0.203041811906084,0.256682258751712,2.69406429533228,0.333333333333333,0.481481481481481,0.62037037037037,11.3268809213493,8.88069266031149,0.579493325247482,2.88529447493093,4.82495762546512,9.84495867066541,16.0207686100658,3.84124656189173,11.701563344494,-0.530354960799804,3.17604643601979,-1.77685475380663,6.0411881678962,11.4348855181949,0.0403588644003351,0.0281143427113822,0.761286815995823,3.09604481839163,0.016423106923998,0.03501748930528,0.0596729350230139,0.0273195301598262,0.0132254873860492,0.836177043490231,3.9151553458498,0.0175219023779725,0.0250312891113892,0.0350438047559449,2.63848179579401,0.567200290183943,0.666541116289927,3.67805784951431,2.12538594597677,2.60836147570968,3.03985459060944,0.0388929437958438,0.031748096502672,0.854279587272275,3.03590494258697,0.0128302795413854,0.0315719665330819,0.0587020249393471,0.0062442329511417,0.00524593813057428,1.16291912072244,4.19294722674249,0.00214910314443499,0.00479925249684424,0.00931348104224695,1,0,NaN,NaN,1,1,1,-2.10443503271606,1.79449639001505,-15.8128798402851,2.88697944585945,1.28868486742834,1.26044449693423,0.137209312472648,0.863509558102594,1.10092813773687,0.913848360259285,-0.144285189026948,0.54761497631659,-0.22521777117348,0.470476725903365,-0.1791409763984,0.438663918781505,0.108073636636408,0.324332240445196,-0.227350363826396,0.360931479330214,0.0881989891200847,0.282691754369126,-0.121568915216911,0.251698313238423,0.178470431410352,0.249393055277205,-0.00345056005027719,0.219269981387574,0.000148056050199874,0.521582906363886,-1.74195096620839e-05,0.940726759457618,-9.55289161004299e-05,0.427293140634297,-0.000302090343900203,0.299531263819735,0.000104070355942116,0.292454262814249,0.000245366621363211,0.207084417944779,-8.15955499861235e-05,0.185183035255523,8.05748293670867e-06,0.166635928050752,-8.06470818948651e-05,0.145096973005799,-0.000144700645917518,0.146041945560997,-8.546499248315e-05,0.133198667083287,0.000260875552884635,0.124515854002816,0.000302175592454101,0.120797242258212,-1.5910890440918e-05,0.114446015019406,-2.552261713554e-05,0.472056707434867,-1.26406376288774e-05,0.747558514331383,-2.97763084586633e-05,0.377468788015044,-0.000132252701864136,0.292125282203116,-0.000117662153596262,0.256989832467789,-6.85158461314343e-05,0.207046857911011,-6.18489775681953e-05,0.194099801038065,-1.67582147676413e-05,0.173242551643265,-4.55629463981868e-06,0.167160729222165,-2.11043393255483e-05,0.16305082677859,-3.20203894726138e-05,0.153541780269857
103-1240-0028,103,1240,0028,unknown,103,0.275796691649679,0.104093700014456,0.474466975359563,3.14982212844096,0.194458724660656,0.267837249594366,0.344950275557194,0.455971816554611,0.196905099103821,0.436100625421865,3.22467520316989,0.309090909090909,0.456854256854257,0.578181818181818,11.2463541504022,9.60771877026974,0.377562275092896,2.53670024734933,4.36888014078097,9.71450429941499,17.2337546609038,5.00785331818455,11.7298088507087,-0.634971441027359,3.6969640000442,0.508814205126345,7.18276875252811,11.6915180470224,0.0422694868283359,0.0325320395334095,1.26467006247417,4.87292452938169,0.015869124131189,0.0352040424479663,0.0598285239326472,0.0297593324134348,0.0156737913726893,0.959753744277192,4.07557527995052,0.0175219023779725,0.0275344180225282,0.0387984981226533,2.56649276630984,0.506969450705395,0.88737989817887,4.80838283210374,2.12295918818788,2.54499464621958,2.86501831318086,0.0352024384259157,0.0337804366247416,1.57052833159347,5.85428664997097,0.00847870257572327,0.0263464367741907,0.0493896059169741,0.00655213447831394,0.00611926671039331,1.65562120663649,6.27280683738158,0.00181989189968465,0.00493974977936759,0.00916761297084345,1,0,NaN,NaN,1,1,1,-1.99966502484482,1.89580929950211,-15.8946678441756,2.84433517728734,1.32362708843265,1.37832717218174,0.193395243063479,0.853954790933043,0.933477189607516,0.937368468880286,-0.096135927278592,0.582284446645691,-0.235965015726233,0.447015772742418,-0.085331579647028,0.38410829264676,0.126993995308895,0.34824991783091,-0.183944174990739,0.388081826752845,0.0456195042061708,0.320123710100293,-0.0625234464967518,0.250446997167502,0.149226808600965,0.234472531519571,0.00666056209836281,0.212787121818291,0.000177088169543398,0.406781463285453,0.000786059140248724,0.733760629312103,-8.79391130809986e-05,0.420475837838494,-0.000471774086245948,0.260374681925166,0.000547855671053365,0.267681999756341,0.000101786415096756,0.214250125170361,-0.000589292829916555,0.179308896881476,0.000231301291571503,0.162158107713268,-1.1860482693575e-05,0.140056989255959,0.000134808411350572,0.142506723510001,-0.000141286284783271,0.139041017614217,4.67448075608353e-05,0.126969503953361,0.000363715085522616,0.119509693152879,4.81049096980323e-05,0.112835631842478,-4.44154959561748e-05,0.336190104444622,-4.01222009305292e-05,0.584895655917805,3.54793581553489e-05,0.330859375297573,8.15600061156612e-05,0.246904092240399,3.64677685860071e-05,0.236321932458152,1.47684447691466e-05,0.204578651349462,-2.15569577779219e-05,0.184110618350201,0.000100983944371446,0.173973249783652,5.33763738130164e-05,0.155700106350713,3.13960611241111e-05,0.153285982401909,-1.26286312180637e-05,0.15068062153849
103-1240-0029,103,1240,0029,unknown,103,0.279167576792234,0.10247176654855,0.239244859631637,2.58861272980716,0.20000017671494,0.270688122991304,0.354864030107209,0.473069984465159,0.20589069169797,0.393644563656153,2.90508255210147,0.320754716981132,0.471698113207547,0.60377358490566,9.15159305424335,9.29170166913617,0.577623703726888,2.89259968875108,2.71851184033254,7.59117065464266,14.5493338957037,6.9824285062636,11.7179532847756,-0.535098258724939,3.69296781638753,1.88277837790894,8.33955082508077,13.620373729088,0.0434850732929539,0.0323720800315015,0.927699982447212,3.37435108917343,0.0163398027552143,0.0373621609099495,0.0617926900841329,0.0276091996150802,0.014369054916988,0.872197324555649,4.00185576267182,0.016270337922403,0.0250312891113892,0.0372340425531915,2.59383549018502,0.562922242104701,0.974678813771185,6.84957147477141,2.07780008816381,2.58809915615416,2.97816643643465,0.0402115704892507,0.0397258056379518,1.82428367108519,7.53553918860598,0.0102622982275352,0.0303377815438331,0.0570056737758653,0.00667105381421512,0.00604219091966328,1.47958609650602,5.53463024634234,0.0019891706525349,0.00516944069786069,0.00957747489188532,1,0,NaN,NaN,1,1,1,-1.99101818757871,2.03607131366227,-15.7638473656283,3.03688531350408,1.38681850304507,1.28458157404971,0.0364746534190764,0.826661074675431,0.777741178046185,0.909707849723447,-0.187941378228489,0.593335559991832,-0.245356834827446,0.453021858451041,-0.195910039695156,0.415611628068543,0.13388622690335,0.360266560826318,-0.204263566523843,0.368007832803514,0.108001379305358,0.295252011817624,-0.106490888527348,0.238026432784861,0.206724581254344,0.22027899038347,0.0321483626567053,0.201438469738993,0.000460489289707198,0.45662226392872,0.000530939801079528,0.823712883178699,5.59217883907265e-05,0.41342689116482,0.000698287518625661,0.267834096040227,-0.000732772036781694,0.249722214964357,-0.000298361174801001,0.1986159416524,9.07590139537613e-05,0.168325095101274,-5.30434685729866e-05,0.16772994093584,-0.000404490578440359,0.141865498835997,-4.20932825039759e-05,0.143978695923304,-5.39467486043899e-05,0.127901525322185,-4.70516528858298e-05,0.115705102177436,-2.0365994689926e-05,0.110120328043862,-6.20896077524851e-05,0.108186103723019,-5.94625205295809e-05,0.397922544092628,-8.9307480961038e-05,0.675252463327841,-0.000198568255967377,0.352073616448895,9.20709678199031e-05,0.258571241186589,2.49307996358784e-06,0.223857850409852,0.0001041266375176,0.195230794713799,4.29172629694666e-05,0.172079571290433,6.60258891943945e-05,0.169807591365969,-1.08518295678509e-06,0.15786062416619,1.17964027633811e-05,0.156815084162631,2.96438071201617e-05,0.143382348957058
103-1240-0030,103,1240,0030,unknown,103,0.218613391734171,0.0788894622906102,0.0995337704664338,2.55288134465459,0.159302454630753,0.218517413753233,0.272482876757448,0.49529681955467,0.194977298986387,-0.0113474982076342,2.52236853440847,0.350746268656716,0.511940298507463,0.626865671641791,9.81969366571666,9.89138704298735,-0.0807936241037131,1.92059517332487,1.0187246023644,10.6388219640095,18.0456690098768,7.565541979808,12.1224037068828,0.284528195986708,2.88877855805373,-0.614706662523409,6.24915611719324,15.11802346892,0.0389486168703269,0.0255643071212556,1.01577953563642,3.8673700397017,0.0185202499042025,0.0335945435750827,0.0539018272784089,0.0276554256356356,0.011850589128727,0.598212536043132,3.11789222964039,0.0187734668335419,0.0262828535669587,0.0350438047559449,2.65931725728833,0.545352164375232,0.334314454093552,2.82400166184894,2.18656281351529,2.67905189127508,3.04311743513636,0.0345962847819998,0.0280078571323455,1.58068033831122,6.98930901183381,0.0140032832886957,0.0284431447209729,0.0454783826805368,0.00578176848285498,0.00449353668989612,1.29941291897788,4.7903608489667,0.0023776235879171,0.00472087469291104,0.00801537428329435,1,0,NaN,NaN,1,1,1,-1.99246386972369,1.6505443807201,-15.7854253697757,2.45680594038336,1.46839870958962,1.5771918696125,0.0478974080690476,0.88253215876257,0.926184866109342,0.839877116439185,0.00451969852903745,0.577769813843952,-0.27094067089501,0.476913168143731,-0.220273056728587,0.458296700826089,0.160360001548283,0.335577597849261,-0.221693266665882,0.352020041200459,0.100136104663567,0.294370927497056,-0.0746167221387536,0.248535576509643,0.162344139054861,0.248013879918844,0.0227727845403168,0.222940123167973,0.00012741477496277,0.438344037014588,-0.00107457943748751,0.802795223267723,0.000745807631790109,0.455406782816703,-0.00021144880106145,0.285403127712312,0.0004154721018625,0.252550202548181,-2.74349076753142e-05,0.203582824215625,-7.57104150591338e-06,0.181531706893569,-8.99147273222828e-05,0.173143191649036,0.000133786545279106,0.141336380645711,9.45711249428917e-05,0.149223370654362,-7.63722112964685e-05,0.1331758076273,-0.000122931546826783,0.118114620445576,-0.000127592883924351,0.120272298164691,-1.41096064829222e-06,0.110391783776816,-0.000103944975326476,0.382462976914397,3.8436637329546e-05,0.671972418569198,9.61840752226147e-05,0.377303981242722,-1.85873571239356e-05,0.281647223683771,-5.19966382043589e-05,0.230130476370908,-3.19695691854902e-05,0.204090873534292,1.76620123521969e-05,0.186992373841669,0.000102803371538764,0.170609129985465,-8.42610384470239e-06,0.161845126973292,9.16865032477373e-05,0.162383931850385,0.000123698989357877,0.150599254341137
103-1240-0031,103,1240,0031,unknown,103,0.243268821934653,0.0915572951654118,0.370121097619987,2.65551749912747,0.174753469931928,0.229944966830742,0.308454652876152,0.477181557783729,0.195979454637994,0.140660141741346,2.75113784191864,0.336206896551724,0.48737684729064,0.612068965517241,8.67265040909266,9.06461605357315,0.316890262106452,2.9695244822796,2.99742274717529,7.74662764301514,14.0005016475048,7.81897810115194,11.0543146124104,-0.174983479080404,3.57344376361709,2.03577443598193,8.42570604828768,13.7698178485152,0.0441242286517902,0.0332679934444239,1.09181933056506,4.23687857903779,0.0168031082456082,0.0394497672879345,0.0621039753546674,0.030028617817456,0.0153618069358812,1.16739974289941,7.27710370389197,0.0175219023779725,0.0275344180225282,0.0400500625782228,2.66723188195719,0.589284991890413,0.751473130695852,3.9596311263794,2.15724024316922,2.64468997056614,3.04040404924524,0.0430496255953823,0.0396189056221709,1.42689770640222,5.34778280117811,0.0102943770573163,0.033290623405085,0.0604566217021834,0.00712804854686465,0.00644100747554982,1.42356810298699,5.08083239902018,0.00208143777587658,0.00565196484733752,0.0100429863784812,1,0,NaN,NaN,1,1,1,-1.87034404489313,1.97437438038188,-15.6670170957671,3.06556167274365,1.28679966154709,1.27552789993964,0.134079757696296,0.817261946925515,0.973338392112914,0.907856101527267,-0.0826011685460437,0.510412704071262,-0.245753350228794,0.462221369520525,-0.212076064529486,0.426346349520825,0.144602941693416,0.316715774095124,-0.216165561279525,0.363816502066283,0.140259690017023,0.325259861126587,-0.103609192946637,0.250340239679388,0.184903586727604,0.232814336016245,0.0345488931749728,0.208035695409239,-0.000144034876354197,0.49832771869465,-0.00118620420675694,0.846550012134841,0.000515982544427604,0.452132594593569,0.000543689251815595,0.273522788201135,-0.000322761845892377,0.262977653515664,2.77505643913415e-05,0.202124883457784,0.000335042485249273,0.177117682867365,0.00012562935105798,0.166950187169475,-0.000213025562238099,0.147511474683485,1.09267857041848e-05,0.155642485129424,0.000179305405541796,0.129282940470871,6.67296356661032e-05,0.11953492566965,-8.86422114080709e-05,0.118481463538537,8.88826026297803e-05,0.114102793708514,-6.05937150192209e-05,0.43920772654527,-2.72582574829657e-05,0.69783460646908,6.46313763503564e-06,0.399194347965865,-1.35756406499153e-05,0.265211019415986,-0.000114863469675037,0.240889682922688,-7.42515924983564e-05,0.209201300752873,-3.64327981112908e-05,0.185888486364443,-8.40238980489846e-07,0.176320306214844,6.77309047359369e-06,0.172033505629641,3.74931235778614e-05,0.171415448046149,-7.27188280969257e-06,0.147830758020074
103-1240-0032,103,1240,0032,unknown,103,0.234945339403568,0.0934398756348233,0.487973338533576,3.00677129980776,0.163516605583771,0.217133560838776,0.305052941934501,0.464935372910949,0.206918014973308,0.378840295507399,2.89368513654374,0.310734463276836,0.468926553672316,0.598870056497175,11.4875526705278,8.86621196156572,0.183226989410959,2.91587785174196,5.66050245110121,10.6597240641078,16.9753034140965,3.98604849895883,11.2030324783163,0.0610024499693678,3.69541716651391,-2.28450241210997,4.89613022250731,10.1772498633342,0.0475738009422605,0.0393623996361369,1.5633665196177,6.4147803935097,0.016740145910662,0.0390384287258078,0.0654873908700582,0.0278819332040135,0.0133213159148607,0.6842158886679,3.18316824923401,0.0175219023779725,0.0262828535669587,0.0362953692115144,2.62167468437999,0.561105289467045,0.522619856988849,2.8438927319159,2.13324713307157,2.59428085528379,3.02443013930007,0.049630028906904,0.053742244514161,2.10152550666934,8.42727536983998,0.0128807124317479,0.0335444930996247,0.0662562722474407,0.00771757512904194,0.00802542120239071,2.10859230135465,8.75737628764609,0.00211864990474901,0.00527793590536911,0.0105077080154522,1,0,NaN,NaN,1,1,1,-1.89740641041957,1.979664867647,-15.4975323774468,3.19530801677755,1.29506261479316,1.40896627338532,0.07014286539709,0.84992438437027,0.983616640754384,0.882767801665415,-0.241390910416957,0.577231417404967,-0.238324505798655,0.51222672095803,-0.22370228925103,0.426533783995183,0.116039339287525,0.356434138992912,-0.198401047826421,0.370966010482461,0.120227283388536,0.332222856865797,-0.0957851941724921,0.24667948724688,0.201160312693428,0.235248078710305,-0.00997020844608868,0.229643222395489,0.000674355360724727,0.502495445070871,0.00285624667778411,0.84672417425243,-0.00110374951742199,0.447125985763985,-0.000872228680166156,0.269786218790543,0.000658934080628247,0.277314343840279,-0.000340025042449907,0.202886439676069,-0.000691087336890927,0.186789457915646,-0.000237741849041479,0.173505850351182,0.000264388949749647,0.141270148844441,2.57997963390231e-05,0.150014758728923,4.20114528855984e-05,0.13656746725768,-0.000146643314594857,0.124890813234003,0.000153615439118241,0.114543291397481,0.000193898653856488,0.115570611118268,-7.69565765953499e-05,0.457720075503106,-4.97520036940323e-05,0.675480641924624,-5.08987863439125e-05,0.365610071020037,-6.8454282412403e-05,0.261268129440713,-3.13731850169945e-06,0.248434119456465,0.000111802584928531,0.206218607928033,8.76521247874543e-05,0.198318783832148,1.45764191477948e-05,0.17677681941947,2.17500240397556e-05,0.157790094166426,0.000131357692344934,0.159042252262485,-4.10907476263842e-05,0.149410946953824
103-1240-0033,103,1240,0033,unknown,103,0.214694214688057,0.0837491845885889,0.29559239689926,2.68956143647352,0.151849795904214,0.206333644773631,0.273912557334193,0.495844604511649,0.184686898405341,-0.221063106181755,2.63826086602226,0.380769230769231,0.518589743589744,0.624895104895105,10.8699724880077,9.97842316142606,-0.047094523752251,2.30717490364539,2.95421888983726,11.6952504731727,17.7078224911674,5.53023692641092,10.6566311442879,0.0707915510265022,3.290466083847,-0.624199716936833,5.15209485992579,12.1790974594033,0.0432737678143989,0.0302733240157361,0.964179500486557,3.98657608807732,0.0180966107109744,0.0390252090997129,0.0619659993797324,0.0302848985727635,0.0149630305998282,0.610692325886052,2.95137827049953,0.0175219023779725,0.0287859824780976,0.0400500625782228,2.69870515210512,0.572618826552062,0.39527320237529,3.19159433439213,2.17303627072311,2.72045037939874,3.10025685249463,0.0434243601710375,0.0392620340209382,1.60569605112908,6.75299991716765,0.0127724321352292,0.0339660889781944,0.0649974517948116,0.0070096608434312,0.00616088862528787,1.62314766148168,6.81318988805023,0.00231138292690806,0.00549068964802531,0.00996068354842763,1,0,NaN,NaN,1,1,1,-1.83219469730075,1.83894745410818,-15.4206203915117,2.93377853133663,1.48756732480711,1.39529848026579,-0.0199367244948891,0.799871284912572,0.953564383693035,0.757645097179999,-0.116365410830245,0.582983057377079,-0.244689964418613,0.464889605085859,-0.220565884761976,0.460585847109269,0.164838810034622,0.327044214455497,-0.181718515607824,0.36936589130111,0.130931051148579,0.276189515591981,-0.0929359633962113,0.237007519715884,0.198354993414471,0.257753721120814,0.0127785601262866,0.227481372521686,-0.000517032548990374,0.478911801879201,-0.00296943221360369,0.860408535105767,0.000825775608314007,0.445791432764938,0.000688956481270779,0.278607992577838,-0.000647188444365357,0.257490714676213,0.000398692689324465,0.215062362693009,0.000915705854971847,0.186997916691641,0.000507568104206309,0.172230403807449,-0.000185828946105968,0.147261471559301,0.000103209349055537,0.158245383917631,5.2741562135713e-05,0.134451751442747,0.000295307087883027,0.123666379392714,-0.000366009621271443,0.13028853045741,-0.00030441141720623,0.122299508734927,5.22341244137302e-05,0.409230078990173,-0.000228423681573436,0.687925745345869,-0.0001873019049306,0.362969041006301,5.6848207177673e-05,0.273385958344844,7.15836296478203e-05,0.240663394551958,1.55311779355466e-05,0.213574381478263,0.00017453924933034,0.193489254774368,2.00017956401428e-05,0.176602340660774,-5.93784011991971e-06,0.164432605506213,-2.99118102695292e-05,0.168522293225093,-1.84111614822395e-05,0.150703147245108
103-1240-0034,103,1240,0034,unknown,103,0.358327636606417,0.1383224037212,0.247534040880154,2.42158761740962,0.25473131063318,0.349805836939273,0.457039115588346,0.429191830088051,0.210324870389264,0.6053363736062,3.03271508171299,0.261363636363636,0.409090909090909,0.560606060606061,10.2059046293952,7.56567757049672,0.309648851938083,3.1700196316976,4.80682450020145,10.2586313451426,14.9449826855613,4.51272213988649,8.07792330262778,-0.222127108148396,5.17033646032273,0.178094967269671,4.83127250161953,8.86859212062866,0.0415649985091565,0.0356476116340113,1.84977574408857,8.88565941127677,0.0125361637073426,0.0354700707181102,0.0565336375080055,0.0254370697747184,0.0138426645870102,0.938031104683618,3.62030520282768,0.0150187734668335,0.0225281602002503,0.0337922403003755,2.50293653021934,0.561045237453172,0.92381230730291,3.86679287850871,2.01326850003205,2.44425037393904,2.87074768802108,0.0345354146286364,0.0337840106347355,1.73205602883059,7.5120073672466,0.00558406178084238,0.0277354232745695,0.0490713244411561,0.00634101729675367,0.0067811526058652,2.6365567929905,14.8900529519319,0.00138213778393566,0.00450303539174762,0.00910124726812025,1,0,NaN,NaN,1,1,1,-2.25983909484731,1.87406407242083,-16.2231509135582,3.01963006263215,1.19486606749352,1.56878412216437,0.163081259037295,0.9289703709335,0.69479098550366,0.78094334598408,-0.0329003389367307,0.514951568174582,-0.207038178752936,0.464507566863145,-0.185438060522691,0.419957846366626,0.121085082270558,0.32497581521063,-0.147970451931971,0.310317637656294,0.057395689481705,0.280292392167093,-0.078987858997848,0.222958636625546,0.170902189496443,0.231184279456961,-0.02279637873183,0.232795464486096,0.000375428198222516,0.474069602859082,-0.000243605061770139,0.845881198168078,0.00011307929589354,0.466090282795862,1.23282158119155e-05,0.300603271413734,-0.000122707659938859,0.25292155522745,0.000202056418494019,0.209074429312903,5.79117985543325e-05,0.182161657000813,-4.58672688407708e-05,0.166450059648592,-2.38081556285419e-05,0.146160328388965,0.000208453904152731,0.138064703582473,1.50918954742767e-05,0.132558999760174,-0.000255875802330524,0.12501321287729,-8.01910829225824e-05,0.120811263911909,8.21255353419751e-05,0.120718405187482,-1.37276257171943e-05,0.448156032215271,-9.92925743848553e-05,0.70445981908974,1.06065532624309e-05,0.381332337633144,-3.1053191422704e-05,0.296051308760579,-6.32389917558481e-05,0.244134746489879,3.24999815062576e-05,0.217593116368681,0.000139396818011183,0.196848490365833,0.000132550817819066,0.177366716997283,8.99697929718149e-05,0.166407409727311,8.6334786402666e-05,0.162394809034164,-2.62185671313813e-05,0.152468792267322
103-1240-0035,103,1240,0035,unknown,103,0.216301253412473,0.0835888921264557,0.846089966501894,6.52672264898995,0.157098552834573,0.208901966249996,0.26985755632488,0.471296843370449,0.188335547352578,0.0835302669532993,2.83919056978821,0.345842217484009,0.488539445628998,0.593427095292767,12.1280202454635,10.1522802394139,-0.0534969641056386,2.13966976001618,3.29210754648199,13.4122018568621,19.6906492915,5.11536333154091,11.2871822179867,-0.146868509387406,3.01660596740789,-1.64233616584656,5.13352094256343,12.2714381164121,0.0464802507021101,0.0319539623585037,0.841647588270944,3.04625477230489,0.0205457608110608,0.0388540100318676,0.0663661073194233,0.0285301939924906,0.0132250389576601,0.648392263860445,3.45601967963164,0.0175219023779725,0.0275344180225282,0.0375469336670839,2.62752604739258,0.522918388869446,0.482414658628492,3.32988148955218,2.16189055866839,2.64545466019021,2.97445188537019,0.0417558879014111,0.0363047568222486,1.20340194875683,3.96369961173984,0.0133324986863961,0.0323356165136398,0.0574844816533352,0.00717524697419949,0.00581663005067875,1.06592910226366,3.70641017729789,0.00254801180796346,0.00543838396110447,0.010690451928456,1,0,NaN,NaN,1,1,1,-1.74451550672307,1.75341161700184,-15.4185638913237,2.70964559093077,1.32013937481627,1.5980478921891,0.189843774665045,0.850834016371475,0.961469259806044,0.875854861322292,-0.14282345431556,0.601770448570206,-0.199941692391467,0.440157362742265,-0.211250560380967,0.42846612139147,0.126525448459696,0.329807034395686,-0.190004125662136,0.360481197923179,0.0631960157891149,0.300654140268046,-0.0854419010850792,0.242783596272313,0.189574343505365,0.253922967772218,-0.00128394817064556,0.215973430492508,0.00017997875942955,0.458392987856382,0.0024616282218851,0.795226206776248,-0.000588017205111803,0.462685926576336,-0.000857009448551945,0.275829743702432,0.000356400348274803,0.266357858852352,-0.000157285017630095,0.227828688220549,-0.000543389900727312,0.180212598656802,-0.000390273110074324,0.166403775214972,0.000172817826916169,0.136101006657088,-0.000289046618651556,0.145904433195062,-9.98238811778938e-05,0.135018141685335,-0.000163640374189298,0.121194654084099,0.000308662817327821,0.122004116763844,0.000222779513929749,0.113962469164691,9.71141481580687e-06,0.382875763845244,3.43000325359433e-05,0.626616619352805,0.000110348549729612,0.379513078996062,5.03172966773421e-06,0.264909852566718,-6.54266079065519e-07,0.243320020231792,1.48871003225975e-05,0.221132439636698,5.41904522970999e-05,0.185767214997833,-2.54587845312799e-05,0.172766850578541,-4.92140589307005e-06,0.150182777532118,-1.41314590842935e-05,0.156166610220055,-3.35412003245518e-05,0.148810019189183
103-1240-0036,103,1240,0036,unknown,103,0.340468491292646,0.120757395939676,0.14887723489351,3.09005592842898,0.25278537225817,0.337206132665399,0.435588712111381,0.434728858740783,0.195289249778365,0.453292657485643,2.87080063675302,0.27463768115942,0.434239130434783,0.560084541062802,11.5512902446059,9.26820824082896,0.401243940339603,3.0659748748676,5.73307569803889,10.0584633758712,17.2012562756558,2.60441796609172,10.2448307330211,-0.590263048189277,4.22580099210664,-1.51988936719583,3.81181287567472,8.53034202437093,0.0448539741596811,0.0388877950873451,0.965576386108561,3.28131446876599,0.00877704872377105,0.0364227168332187,0.0685655130459799,0.0304146208401527,0.0188743552738467,0.993378550705779,3.7655905384769,0.0150187734668335,0.0262828535669587,0.0413016270337922,2.60481884461811,0.638786564144913,0.814739654607741,3.18292383119928,2.04265805915569,2.49185795115485,3.03077516019877,0.0402220014436364,0.0423170318203099,1.42567713845425,5.27728401314232,0.00364295762263501,0.0290204701166395,0.0614594350673898,0.00783232950015296,0.00815009608801555,1.25928126975516,4.02487362177962,0.000864613972865305,0.005198749767693,0.0119105893112543,1,0,NaN,NaN,1,1,1,-1.94754072199254,2.37033702991412,-15.9575064731047,3.57876551517251,1.46424911983908,1.35217546005088,0.0596133733892508,0.825793162544609,0.617299548798811,0.721412615053245,-0.140680128523422,0.539302439901622,-0.114228127259224,0.411621183167368,-0.0648481534042534,0.372949372324645,0.119470334276179,0.357486115083804,-0.0675302251246326,0.329809465553184,0.0888089366116372,0.27913596258953,-0.0392486257874294,0.254575003933073,0.158197316950863,0.303500175449621,0.00453368012025012,0.249603787196163,-0.000106688342536241,0.462102121851549,-0.000569885959543445,0.769367663867335,-0.000147204516607552,0.390388793266239,-3.59736457596563e-05,0.256488411809299,6.35523044480543e-05,0.231716689089085,-2.55649688475243e-05,0.188671536255404,0.00027304560598548,0.177558142732804,0.000290943888145502,0.1611026762982,-0.000420167926646265,0.149368717328257,-0.000234167352997122,0.143425418396596,-8.06016070317853e-05,0.138264993713684,-0.00019086660033601,0.130695526758405,-0.000151164568622475,0.1319861843372,0.00021532712863836,0.12174555698292,-9.24422546857165e-05,0.380566045853643,0.000148501417740232,0.603608429937029,-5.40839520295774e-05,0.331837559566279,-0.000242167594438203,0.235075910777609,9.93660071929615e-05,0.214850420620328,-0.000169672886313912,0.193287078036143,-0.000254961286529345,0.187753735037279,0.000102352602467021,0.170279867290286,-9.84031618508275e-05,0.165954392106921,2.37972125230331e-05,0.157965701103209,-0.000135439611115981,0.159825044535961
103-1240-0037,103,1240,0037,unknown,103,0.316288829426363,0.124783652297648,0.378240192015437,3.94023295583144,0.223634930593689,0.305040106612095,0.413193020974506,0.431662208906769,0.198249942843183,0.468205922630252,3.09365797231892,0.281377551020408,0.428571428571429,0.556851311953353,7.84751350603386,8.64680196849633,0.933543030358744,3.7609365759362,2.14387253899707,5.72094543209031,12.1924935128637,5.33264679202188,10.4159103016656,-0.782268406034287,5.05682757595951,1.95116378365373,7.11664338000537,10.7737213368387,0.0414290052535841,0.038419887210964,1.94283842516031,9.66485504186585,0.0107682025160558,0.031634248177319,0.0577607740116259,0.0268556752135158,0.0145989905695448,1.15077054890422,5.08455883126399,0.0150187734668335,0.0237797246558198,0.0350438047559449,2.59315598452355,0.55776534218327,0.649942194706009,3.52888677496401,2.07966158442972,2.58389948517314,2.99100762830746,0.0413017925815807,0.0502720700289299,2.42509092355093,10.8054256717698,0.00460080831737206,0.0277564496140052,0.0545245268839609,0.00655993335738231,0.00759400330693587,2.35605981154694,10.5324517026993,0.00111170923513563,0.0042717504225325,0.00882258125350046,1,0,NaN,NaN,1,1,1,-2.29023641667617,2.00714431163975,-16.1327760217376,3.34452412978526,1.34615189945718,1.24243734473822,-0.0232443306729594,0.871048626754118,0.809974143444942,0.793877223965359,-0.0891440594561108,0.546099024868941,-0.171097989614514,0.441257799115724,-0.184274010784014,0.406637592462168,0.159515779910057,0.331361452233702,-0.110368386906783,0.36163018064704,0.0879400184308956,0.268374681501018,-0.0424702679438817,0.238681347995709,0.124777664298978,0.228251763102279,-0.0522256520492251,0.214089505684485,0.000217933983515103,0.481541549686827,0.00203210523993021,0.863568739543636,-0.000934477214855663,0.431343222292432,-0.000593713713437531,0.273278848238466,0.000458138003267148,0.247040649551726,-0.000116699967273307,0.207234306835167,-0.000556689315923964,0.183205638236042,-0.000193330110702069,0.161679481630159,0.000220172820502405,0.140041397033933,-7.54292983187396e-06,0.146066914666583,-0.000167640949579536,0.129592994894638,4.8511206401206e-05,0.117576873563114,0.000139370857993916,0.115944093699977,0.000171744613628033,0.115541562323021,4.48389468759659e-05,0.443551173452505,1.20841294594933e-05,0.70891976938596,-7.39257411887228e-05,0.375809828702875,6.12018399404917e-05,0.259062666596173,1.90144761172397e-06,0.225660798882606,6.43838546615603e-05,0.209378761716302,-9.17015138083348e-05,0.19727079879934,1.65075813324982e-05,0.17831210243551,-3.81338647344063e-05,0.163765519688662,-1.30439697920833e-05,0.159632209675473,4.60617525885555e-05,0.147585486814358
103-1240-0038,103,1240,0038,unknown,103,0.192243179112706,0.0719415584542906,0.551147793811585,3.45308057342483,0.139122270958491,0.182053006397204,0.239516937361298,0.491660672513847,0.185555241543177,0.0176277059075557,2.62211795538867,0.361394557823129,0.5,0.614285714285714,8.41057484272002,9.36575115327411,0.292860418970888,2.42685131721177,1.30055720078028,7.53015497428058,15.0487457540765,10.0990018699917,11.5277843756652,-0.0534864987710794,3.15515726192948,3.03232567929913,9.43272455531975,17.3795244700664,0.0516676916980677,0.0356785445639811,1.08044389741131,3.9233461699318,0.0231949473189629,0.0434882325881611,0.0697194217771875,0.0324526614667772,0.0154044565712685,1.01017154612274,5.07810668553678,0.0200250312891114,0.0300375469336671,0.0413016270337922,2.74397200618999,0.547035663368648,0.375372409552342,3.09676347276905,2.34884667814542,2.73159180522677,3.10393697445491,0.0481407295299309,0.0409781364612306,1.56826854492132,5.67344350440897,0.0198372390834496,0.034898396794949,0.0664590239367119,0.00839392758549361,0.00680141445560377,1.21280942881939,4.13911704555854,0.0032385043974207,0.00632285555578642,0.0119877370371099,1,0,NaN,NaN,1,1,1,-1.53252365498686,1.66253590302934,-15.0064575383594,2.53916484269179,1.32983166169165,1.59675486359403,0.21550440848933,0.921882115723113,0.882814244699442,0.814872296399364,0.00500525540405678,0.56437993480223,-0.265065573242913,0.469838500852719,-0.227319068316241,0.4448177369169,0.141587618046473,0.333741896345535,-0.23061316585737,0.34333289750711,0.0563432236883881,0.302122379167677,-0.0493933804415763,0.25617118657145,0.162907645376535,0.266331203950759,-0.000766296060758981,0.206726782882885,-0.000627662865116138,0.486813034970869,-0.00215405464791617,0.808306018764736,0.00141611506038244,0.51852021497912,0.001368144776337,0.322851577823889,-0.000514476253791516,0.277623169850298,4.37492618406868e-05,0.220084667975616,0.0009287299115787,0.188150074436378,0.000204823312648389,0.187815562668973,-0.000956805929889379,0.140405075810548,-0.000160584934471669,0.157086272542669,0.000335067381661044,0.149849784204581,-0.000322422419354561,0.124088615197866,-0.000205669028896566,0.129717280022809,0.000392469301079031,0.120107963592633,-6.8275460610729e-05,0.455387531421186,0.00147767779986261,0.636431671271608,-0.000436876278329363,0.409840229320608,0.000348242720471714,0.292445742799754,6.61724376936782e-05,0.244121171999157,-0.000291351474228594,0.207981521722354,-3.60771413677887e-05,0.19138673005743,-7.60694872022047e-05,0.186866985600165,-0.000432233352209285,0.152807623941966,-6.24333378518181e-05,0.17009555048413,2.27398826755852e-05,0.163100190437951
103-1240-0039,103,1240,0039,unknown,103,0.229265020965277,0.0897328728920485,0.50102880124434,2.98146819901236,0.159846050313989,0.220863683621909,0.28623190431382,0.476511063031421,0.197048832559592,0.270802974070155,2.69531038141597,0.32797619047619,0.472916666666667,0.616666666666667,10.7297935224233,8.73387470887667,0.15458476552927,2.6803092078129,5.03725657429831,10.0953163205107,16.2738343019584,3.92150862468461,10.842817698723,-0.128140581936004,3.14772680761567,-2.44697939258622,5.25749031845459,9.88057750761253,0.0488360503424082,0.0368796076177142,1.23139761459125,4.48608906522115,0.0198984594712898,0.0405879298052418,0.0673655799539175,0.0275100482000275,0.0135538521696828,0.801959368324312,3.10085247404407,0.0175219023779725,0.0250312891113892,0.0362953692115144,2.62259056931464,0.570353971138518,0.844497758192604,4.5267579742672,2.13186335759207,2.58829549379055,2.97159790646992,0.0486791447078618,0.0486470897894196,1.55315318045403,4.92253917112266,0.0138795222005086,0.0337471795796745,0.0625838725172613,0.00766551886242616,0.00719178057550048,1.67167565295649,5.83235417794808,0.00253579655834335,0.00559673646826365,0.0103055358518136,1,0,NaN,NaN,1,1,1,-1.80453551082809,1.90074455201337,-15.260895926243,2.96524046306659,1.31701518934095,1.39914934242002,0.0409739583662219,0.99350888227068,0.948137784612291,0.961599494671359,-0.204747985343891,0.584500448395202,-0.241861998966075,0.454137539699662,-0.224800643618498,0.461072174150735,0.159750527368077,0.351743227550566,-0.227340711180507,0.375362426227699,0.130313241904678,0.338869110202834,-0.0744169689582934,0.252419528584549,0.127817224120607,0.24966095833475,0.0161151275005656,0.226005296258565,-1.38558617264589e-05,0.507432371432944,-7.91492666265368e-05,0.836867058815859,0.000169940640812764,0.425332386609273,-9.19028688467384e-05,0.280951362170077,-0.000127358832370232,0.276386130407761,0.00026650727241246,0.208829252683436,-0.000335701974942116,0.181205081032071,-0.000163541669246154,0.177328103464198,-0.000133779958733742,0.140876844605743,-1.95074832966431e-05,0.153912183305215,-0.000119371954081082,0.143346406640905,8.63308850761405e-05,0.120996447211913,-1.36526186060579e-05,0.124042702812707,-2.85440388851842e-05,0.110297464912361,6.44601175136924e-06,0.433026429797816,1.736404421696e-06,0.66610682827622,2.3601546531388e-05,0.358166183684552,-1.72436701415394e-05,0.261653709877036,-8.32504177170813e-05,0.236802318805686,-9.39024286539619e-05,0.205199254738507,-7.14357055243375e-05,0.201209874766987,1.97305929543237e-05,0.17679921580212,0.000138434847906838,0.154523929453502,5.88157033282191e-05,0.165279480260089,-0.000110568821439547,0.152866024061791
103-1240-0040,103,1240,0040,unknown,103,0.221336439506578,0.0858887427840713,0.572588363259526,3.41312577456083,0.156309219904212,0.20923469047755,0.280794497421601,0.490734116536311,0.201358292064802,0.146618905419314,2.70770235518326,0.338709677419355,0.501024065540195,0.624816715542522,12.1995079650657,9.16456713290849,0.00744930863492205,2.52368152796179,5.93154307823285,12.3619948817225,18.7957929887445,3.28674616786837,11.012533774838,0.0749989519759645,3.6001386910509,-2.87217043228375,3.73110421007539,9.48844520770618,0.0499376409573913,0.0352696746226749,1.17853935339397,4.80761549190132,0.0215360932470643,0.0449393027741158,0.0686465728932494,0.0283240243058436,0.0145988055016679,0.857979525980588,3.67896740686302,0.0175219023779725,0.0250312891113892,0.0375469336670839,2.64134639833661,0.558824589105353,0.689996498109452,3.99963084631208,2.13774446692293,2.6399308564996,3.01030619140692,0.0500987413073924,0.0492345469316313,1.90890504659685,7.38685683719601,0.0153736313153953,0.0390297640033477,0.0639494838936913,0.0079530348605518,0.00725705831478315,2.01403150398056,8.84519735423823,0.00283979658499686,0.00616330346358985,0.0106447944517025,1,0,NaN,NaN,1,1,1,-1.6905647149104,1.83950880421754,-15.208733187683,2.81201156273043,1.16697922303262,1.3836218010419,0.132519034838915,0.918094008931388,1.02587859340731,0.884057257267662,-0.189947961079067,0.55445862895465,-0.293153029671856,0.426215054694238,-0.228233062756589,0.456760826715854,0.194608869000836,0.337976190150136,-0.2345980621504,0.369517032418413,0.143660976573575,0.310590055972997,-0.08412720687613,0.236734481320554,0.156683040218628,0.245807378054814,-0.0112422214955663,0.241751945435879,-0.000195115015409382,0.497791993317456,-0.0022490239868215,0.875436000813117,0.000206680732011373,0.429339123434539,0.000775658685118003,0.27880698385241,-0.000314569623217385,0.278459893925772,8.8554128754132e-06,0.20301467595305,0.000465758017068023,0.176647051044963,8.0400238156396e-05,0.176847957584235,-2.37000397426339e-06,0.141867499091847,0.000259479398079445,0.152087712854162,0.000103293985275866,0.136127172681527,-3.05408052885933e-06,0.121278616462862,-0.00035815331009729,0.124276187870979,-0.000143302337129861,0.119435706986947,-0.000113543570678117,0.428573448513359,-8.68483391959019e-05,0.701205807329414,-2.35016871677722e-05,0.363557287217675,8.90975911180332e-05,0.271481122466579,8.12215048695424e-06,0.246788564684547,1.98457117062535e-05,0.202497044829427,2.09320266822024e-05,0.191522743220809,-5.15253484882319e-06,0.177721099304748,3.45479815406018e-05,0.160158905748552,8.13728042855555e-05,0.166982740278168,8.29663714038732e-05,0.151969033750859
103-1240-0041,103,1240,0041,unknown,103,0.231124236954095,0.0946504249466663,0.49363549090039,3.25992582954383,0.159620808094409,0.22041661318168,0.29535487633063,0.493679115125992,0.196049208386449,0.267856157958382,2.98253504612959,0.360215053763441,0.494287634408602,0.609677419354839,11.2822716098029,9.65757610419371,-0.0294006375846399,2.65899583458478,6.01912556974322,11.2655294808653,17.1751462070496,4.39454250360902,11.7021006815321,0.0358997547035841,3.4941500349258,-1.7053603905111,4.85185570267521,10.3833555120047,0.0433127715874038,0.0339089194610231,1.25666000347344,4.42208656194757,0.0155678806845906,0.0359563072349616,0.0582773177980093,0.0263776268219461,0.0133142053906137,0.712350363812052,2.99412574508972,0.0150187734668335,0.0237797246558198,0.0350438047559449,2.55215033010223,0.475099632203226,0.364367976949047,3.10888278873672,2.13912627117087,2.58014417792488,2.88678567258805,0.03951299618363,0.038719566016713,1.58073248123848,5.40593222222496,0.0102291538942394,0.0280191909196799,0.0526304945840032,0.00646432062225943,0.00622679826122209,1.72889739706433,6.19796690285721,0.00188308922253913,0.00483460067071074,0.00862054994491374,1,0,NaN,NaN,1,1,1,-1.90486827794832,1.81454759410655,-15.7740506135624,2.96660578053056,1.48352698456263,1.26103103882347,0.108994620464118,0.876577732650591,1.10455780352128,0.936282383898041,-0.191804109612325,0.583362952339233,-0.252876031875005,0.534681568996345,-0.192656787651114,0.441930600615166,0.149870711333087,0.287479790475233,-0.195676093655175,0.368851597700935,0.150274172367523,0.299292057041546,-0.0689132746075583,0.263419465008506,0.144929872275985,0.229793297644335,-0.0355934728205069,0.243779323926639,-7.0055965658894e-05,0.400763420723675,-3.83584523555361e-05,0.78900719262117,-1.1260532007484e-05,0.371476496304094,0.000239449000756541,0.259458973180961,-0.000127580163870199,0.261946156106637,-0.000130002786723591,0.214085151902574,-9.76869678466621e-06,0.192749376056448,-3.45291088011523e-05,0.17278342678657,-4.35557711784748e-05,0.139868858424389,-0.000158190504234746,0.145759183502334,-0.000101275574106442,0.130000477769854,8.68024765128615e-05,0.123950950932893,4.33047216329203e-05,0.115975936073009,8.34962908284063e-05,0.116138999746203,-0.000103865358452151,0.340164971499623,-0.000113970095636958,0.620520432225881,-6.98910517107662e-05,0.317940218070942,4.01377142654115e-05,0.24108859789273,-4.60675863114428e-05,0.231276715478161,-0.000227579219775629,0.206526246166653,1.12168016940823e-05,0.1915625499159,-2.91931562100975e-05,0.175257856727559,-1.77842818878604e-05,0.155567270035157,8.6925846152778e-05,0.157388477269958,5.62485127867421e-05,0.140662754536727
103-1240-0042,103,1240,0042,unknown,103,0.220020598997433,0.0854466825225809,0.782951307196999,5.46665009249984,0.159801336944994,0.211829047240892,0.274557528961718,0.47797510946511,0.187027582258907,-0.0115754968597783,2.52485094898987,0.338624338624339,0.494331065759637,0.608465608465608,13.139437823189,10.1362529908203,-0.142707083453209,2.26017609712643,5.96475084619087,13.8106839737678,20.3447066653981,2.47875849227727,12.1063375424482,0.220259146754116,3.18076611847863,-4.7893140080375,2.27109836423971,9.74654828865936,0.0523787762378093,0.0367830850941685,1.1810084723966,4.61304133749308,0.0244122684135855,0.0453109241204295,0.0719338162159579,0.0291093301073642,0.0136960191146014,1.09917516923371,5.01365996234755,0.0200250312891114,0.0275344180225282,0.0362953692115144,2.67478968692693,0.536221842976673,0.671333572610609,3.82857621231109,2.24356973771473,2.64133916504787,3.01049735761445,0.0504890666173726,0.048358248879411,1.97330296518755,7.67204135411864,0.0173965905353071,0.0387525691725285,0.0657603009057124,0.00820543701791115,0.00741151434310757,1.88897822004305,7.47954801541305,0.00299592828224161,0.00638329649245254,0.0108377865317921,1,0,NaN,NaN,1,1,1,-1.56475833410797,1.80613955695448,-15.0572399642435,2.7631882117234,1.34207705244895,1.47694730527192,0.043609274941681,0.893292893829999,0.959442006771681,0.876125310469269,-0.12940498482376,0.569520727910929,-0.286600521493654,0.477196658688756,-0.249395869619572,0.449538037076768,0.12087087246822,0.375050524520456,-0.25459957402423,0.358371449227917,0.0678448152612714,0.302633256247272,-0.116663511375182,0.253893625728565,0.13962707382584,0.254580455300339,-0.00890555673216933,0.234129468813945,-5.95647741665105e-05,0.496800434105133,0.000799166074018878,0.88853695178553,-0.00022830695797085,0.47542956004138,6.96279349817817e-05,0.301198992706643,1.33623857695737e-05,0.279221632824522,-0.000181202801383601,0.226104073896806,2.8099994946762e-05,0.196162431389908,-0.000265194073014606,0.17951751149387,0.000119582025875344,0.157612562302337,-0.0003530417583801,0.164357602305561,0.000104188250527549,0.138900902367518,-6.53554248365222e-06,0.129725192619076,0.000115595821872501,0.126064187614654,0.000220363682319071,0.112807510898636,6.7351960882422e-05,0.459385483493529,-0.000104298476327606,0.734548735521614,1.5334675954051e-05,0.398982479320791,3.46746670737768e-05,0.288319815249302,-1.82364159969603e-05,0.25053208905433,-8.24217412952457e-05,0.220276374824512,-1.79506604946661e-05,0.200960433112934,-3.97982340260592e-06,0.177609856107918,-5.03341273809154e-06,0.173557249654971,-6.60701482654135e-05,0.181053097090302,-2.49073946799543e-05,0.153331842440503
103-1240-0043,103,1240,0043,unknown,103,0.187309197282205,0.0775956507546152,0.897924222459339,4.44226469435237,0.132033712335134,0.174201984274554,0.230903360680407,0.497919170094338,0.188490168023369,-0.0175850476545397,2.71759600286698,0.371428571428571,0.509523809523809,0.623214285714286,9.06063916845726,9.69476459284491,0.149392782188975,1.99968203079684,0.525750690435751,8.78458739810121,17.104611370211,7.97853930742483,10.5453859099759,0.276402609640997,3.25046371752958,0.836982543909042,7.71454418189314,13.7039032228553,0.046435486155799,0.0317100103451822,1.06139398153688,4.07111337479897,0.0219194067085788,0.0399973745690316,0.0638935281093067,0.0294194169342112,0.0130981739752036,0.703901882997001,3.30998598213417,0.0200250312891114,0.0275344180225282,0.0375469336670839,2.67020980235213,0.502658466296302,0.364304280301739,2.93319960416698,2.26520291073759,2.66937602891735,3.01824735400429,0.0485617096295534,0.0464103874369877,1.94536609544013,7.96126672350427,0.0153467391951905,0.0364002981838153,0.0642691832268207,0.0074719898473426,0.00648763453514355,1.72169954215998,6.83279634470489,0.0029211391609366,0.00558156660499318,0.0102078761669028,1,0,NaN,NaN,1,1,1,-1.76936399929577,1.6780255842509,-15.1445560893767,2.67899215877705,1.30994336130532,1.42497499564159,0.0836304325900834,0.871012038563651,1.0391564042584,0.889803863604104,-0.187686249325644,0.589258223318275,-0.230294062194222,0.465542232879,-0.234802446992827,0.422226369087112,0.182766851023973,0.30889285766443,-0.223170583037761,0.359733699914916,0.145113419432733,0.32051757961915,-0.10312539937529,0.263826723930785,0.150800337213342,0.24887149324774,0.0141431558804707,0.229353769935351,0.000253062633793288,0.46074122604404,-0.000750134798342676,0.851359315773456,7.05912576490647e-05,0.461908108241851,-0.000184726790178052,0.280239468026281,0.000111215547690869,0.268709940318896,0.000300255346765712,0.211913336710512,0.000305968667862374,0.180880353125972,0.000305808264435941,0.173075314076087,-0.000275884483947609,0.14141229646931,0.000162248226033821,0.156062812444951,-0.00011933867768598,0.138240127351564,1.96532333278685e-05,0.123691880166849,8.51771139897136e-06,0.11689693615377,-0.000210637093287261,0.118884492738818,-9.57814221938371e-05,0.414063993629406,5.79260129750659e-05,0.681390954211723,-4.34996516264978e-05,0.382176699678997,-7.60659883640873e-05,0.269510357324734,6.18482361295189e-05,0.231709678646476,9.23403682037932e-05,0.208235726721604,0.00014337363470784,0.188571188791473,0.000140539237288543,0.171942952119276,0.000119201591847679,0.156110893493516,1.74633367487236e-05,0.167067802770318,2.55880120427963e-05,0.154817060359896
103-1240-0044,103,1240,0044,unknown,103,0.255381494762369,0.100419717884248,0.508493566365583,3.85687386351186,0.182547588264443,0.244197205437082,0.327877766583503,0.468589233301996,0.208318922378924,0.284683017844168,2.68085859894112,0.306390977443609,0.473684210526316,0.608187134502924,11.44478945273,8.58916689054525,0.256351232959233,2.82047880193501,5.50779540947979,10.6376928965507,16.7053465225379,4.48491286003294,11.4534331577799,-0.232639087794779,3.36122837614044,-1.70976453595318,6.02688445485488,11.0039488985551,0.0443857399376694,0.0350511532336056,1.3404954800229,5.3677106815042,0.0171044009327055,0.0358579114475674,0.062893023532306,0.027744925805575,0.0133854418654921,0.689602696221314,3.56817328105455,0.0175219023779725,0.0262828535669587,0.0350438047559449,2.59516252609724,0.549346702403549,0.616543027059505,3.00648090368153,2.10826067827995,2.56306837371166,2.96739591181024,0.0431236265095136,0.0478470162868718,2.49604497464615,11.8011174445755,0.0113575024835669,0.0288757156546707,0.0564243566052441,0.00694778837076266,0.00681229771243669,1.99043934779735,8.81758379137543,0.00210834388925747,0.00478437830167539,0.00988022576163806,1,0,NaN,NaN,1,1,1,-2.07610794138284,1.83844721079675,-15.8066085591523,2.94245381502723,1.17377308597611,1.4940104020442,0.217420074880137,0.952866261981408,0.896761907769731,0.890702795500565,-0.144137249266575,0.588340284722179,-0.203978275195644,0.450071089295529,-0.172719190978038,0.441384250479751,0.152808962738118,0.32395246837486,-0.195836679147571,0.339035661646106,0.106880518386825,0.26987192206397,-0.0517180127768497,0.222706486945396,0.135127174355735,0.258278929137429,-0.041702237517246,0.217947753770087,0.000238718446778385,0.455788059334999,0.00144078562816216,0.807959660486185,-0.000480982724888573,0.488676082234584,-0.000803263850379421,0.28444447422002,0.000260531283609204,0.277193933007442,0.000153768825862691,0.224276655905987,-0.000137721622452748,0.183622271774253,-0.000242236801073024,0.168971193925258,5.39151030771384e-05,0.142642243100385,-0.000157615493441076,0.149507226622624,-5.15260236394376e-05,0.130386720136345,0.000129005786471218,0.120304532187934,0.000317879998218364,0.123146499531464,0.000191218653182344,0.11316751584215,-4.65340781063852e-05,0.414202113201464,-8.94484781356731e-05,0.647333881069559,-3.51157170773357e-05,0.400035447789502,-8.17027428678571e-06,0.266594887977325,-0.000125845468660074,0.243282676181405,3.46094573926214e-05,0.221631716738589,-8.45421540509873e-06,0.197622869650451,2.38813029920576e-05,0.177367912428771,7.78934474463648e-05,0.160253148538138,0.000104749684949284,0.166739602234493,5.18999186520077e-05,0.147163003920874
103-1240-0045,103,1240,0045,unknown,103,0.217392753462522,0.078844831867651,0.643327242727897,3.40806614326661,0.159958853714772,0.205308019221353,0.264894655082807,0.480680250362904,0.186382758812295,0.0915721181038144,2.94274193652385,0.347926267281106,0.498207885304659,0.602564102564103,11.0443374890704,9.62938676433582,0.110848229543843,2.42823463029035,3.78375749235858,11.1005867445791,17.7802398816999,5.01139693810331,11.2974788300804,-0.143494828547896,3.20370661263883,-1.61252377594299,5.16326517278858,12.2324680498544,0.0588846319791245,0.0401658603436657,0.932425131890522,3.91427268334311,0.0260027371628548,0.0515413544058764,0.0852748869237145,0.0327416628431091,0.0148967770165343,0.665794509738604,3.50223239541242,0.0212765957446809,0.0312891113892365,0.0425531914893617,2.75530231961664,0.575354897455657,0.403180873064247,2.91225746229234,2.27839008150217,2.76084126349823,3.13995737269894,0.0606497683983646,0.0547530369137392,1.53072799314958,5.76777733052872,0.0194541145020912,0.0463322055029914,0.0859904787076291,0.00993412059501761,0.00840409690050219,1.37960599278911,5.07501738680857,0.00367341192116508,0.0076240346748389,0.0140601428693067,1,0,NaN,NaN,1,1,1,-1.13866795933747,1.94638224302831,-14.4756302621194,2.90094118596889,1.45309384946125,1.49460152963674,0.00543825076580171,0.969290766546595,0.921547898016576,0.898213018848625,-0.363554851858509,0.596863552278053,-0.124328691010638,0.442918448297102,-0.265779626151591,0.468774394618518,0.122897891480858,0.366520106378476,-0.261084108918894,0.398057219209485,0.204135738799916,0.347422162443479,-0.0878192032743518,0.235403191124388,0.131884516971363,0.254419990662806,-0.0192215991135095,0.237818887007171,0.00133590464481545,0.516114044771194,0.00264084791174572,0.84270988031126,-0.000748158057078048,0.443344527601106,-0.000537326859968188,0.284568125538393,0.000193441903362769,0.272116602672827,-0.000380948380119955,0.232845039363425,-6.98614769683807e-05,0.179731913615277,-0.000599390887393721,0.179907932173879,-1.14537141719682e-05,0.153642072294103,-0.00019868895003549,0.159723453864414,6.24412810475368e-05,0.144005808676147,0.000244883901691428,0.127261577617381,0.000113462106641619,0.122107494505081,-7.87755001232127e-06,0.12002321046516,-2.40021248052047e-05,0.449191327680409,-0.000108351133347851,0.658769859170168,-5.70863026008789e-05,0.390137834371758,2.28694484003447e-05,0.26462252910517,-5.63580082020836e-06,0.239959253872368,-3.94514030293043e-05,0.229222201705073,7.1100058693541e-06,0.188271240808631,9.16383265747638e-05,0.18183959504793,-4.45495951830173e-05,0.165973518303768,3.76511198304603e-05,0.165489604489742,7.40081446777269e-05,0.15334919974133
103-1240-0046,103,1240,0046,unknown,103,0.193419834798377,0.0731935024180857,0.701018904074047,3.67212344227446,0.145870047135768,0.182835132051312,0.232722757872744,0.494613968406313,0.176320135035277,-0.0920316527202578,2.8842801142639,0.384583463014836,0.507936507936508,0.613756613756614,10.5574977074604,9.93018194376255,0.1761797944788,2.24824327145917,2.19271852401139,10.7206972424957,17.5431861088467,5.70281630963285,11.0787029108952,-0.102612399872935,3.49719652095672,-0.606776309091399,5.88260807603276,11.9726890585817,0.0706800328302534,0.051633577066905,1.19244449876754,5.18248652050932,0.0305649709871167,0.062259412867526,0.0992240906203494,0.0359590338066675,0.0164584587615858,0.438661504620031,2.55661034940734,0.0225281602002503,0.0337922403003755,0.0475594493116396,2.90666767242099,0.666628198320406,0.382001794623154,2.98607119684341,2.33577502564434,2.91837051461954,3.32918837540782,0.0877077623435711,0.0806683110602465,1.36286734328262,5.02448311160259,0.0240612564615486,0.0678594463488967,0.123773381433547,0.0137268855922597,0.0123598732065342,1.48907294605339,5.90214032915005,0.00467867785026625,0.0100897303957613,0.0195050327012999,1,0,NaN,NaN,1,1,1,-0.759039423747238,2.21903809770666,-13.8153712767835,3.28945372926995,1.45558229376161,1.25515863335813,-0.226129728134954,0.951337436124958,0.8878232260957,0.875043226939237,-0.409593321203165,0.635429436691563,-0.203617138291494,0.476222331840969,-0.373423905875092,0.479534085757275,0.207887277269009,0.377497705496331,-0.225869982885962,0.354272659006841,0.239228041668863,0.327176680384961,-0.120681397217255,0.263660065906294,0.202395625521129,0.26300049225547,-0.0261035219561989,0.256865660464137,-0.00120228431426682,0.61458867600937,-0.00349534666804301,0.962027771626251,0.000538533877050774,0.432959702496852,0.000837720872003914,0.291721903864339,-0.000376411560924198,0.277179512360748,0.000217939717341176,0.237732130498363,0.000149338127958989,0.187583418681537,0.000714307619351253,0.194435081202786,-0.00030714351353796,0.152448569648656,-4.25852355533053e-05,0.159876172717525,0.000350537034435173,0.137802356677475,1.08778548963987e-06,0.12810059572611,-0.000630663524851882,0.133908091487238,-0.000354064779966029,0.126072729385344,-3.76240215450201e-05,0.541780194590311,0.000286198610387687,0.750982175861425,-0.000284675760694435,0.398989005543804,-0.000156228387454656,0.260433233240616,0.000287794138528111,0.255807742599645,-3.29227541099604e-05,0.225982341882727,-7.22016647401743e-05,0.189675895658192,0.000100575991617507,0.191707543366964,5.74557696280087e-06,0.16690243210732,-6.8802999273359e-05,0.17894833228519,5.83221106672682e-05,0.151247648792129
103-1240-0047,103,1240,0047,unknown,103,0.237832862825118,0.0990229083770525,1.1278392121014,5.87962753805876,0.169517398555251,0.218314675680914,0.291112600386199,0.470438935209312,0.19591447757473,0.126814861071538,2.38479855253347,0.320754716981132,0.481656184486373,0.608490566037736,9.40086218404555,9.19830265556612,0.527313409068004,3.09283963479114,2.79082485136287,8.40456117643421,14.7194491620774,6.99129307196152,11.6233335490966,-0.485360893578884,3.91244809431029,1.92351451995369,8.38214509198858,13.3965697810231,0.0699110003681385,0.0542612723647087,1.01817052864524,3.61469607193195,0.0240007867071734,0.0604169854373936,0.0992331120859208,0.0339471031396249,0.0173019480263489,0.563733555563162,2.6723011281054,0.0200250312891114,0.0312891113892365,0.045369211514393,2.79073635808564,0.712461679693558,0.689866871214905,3.56509183800677,2.12114165076662,2.77557880351847,3.26270045760264,0.0825454111167376,0.0877654190672194,1.69881002134654,5.94591603184089,0.0155508329139643,0.0544999073556012,0.118435579717393,0.0134256468964988,0.013386650133698,1.64671334794372,5.9329351587822,0.00332271436514295,0.00939405751392086,0.0187555857276225,1,0,NaN,NaN,1,1,1,-1.10809749221048,2.26258570288181,-14.3034082070383,3.40844391511126,1.00035930534027,1.43310359688926,0.0122624276828936,0.913085956580417,0.87998433471452,0.856096277493703,-0.251971746790512,0.596993731730142,-0.200784377111649,0.458078488670849,-0.304582773965412,0.487111874383169,0.211733024683294,0.356222865126595,-0.239560503708063,0.412529314341321,0.152949619721026,0.319339502084534,-0.12883491669495,0.267229516898088,0.15542668282141,0.258616341156894,-0.0298525173482701,0.251776728447966,-0.000145081933064153,0.606106961493013,0.00101023155468475,0.958728473031286,-0.0003132170655121,0.455631449083986,-0.000525565404320055,0.28837388170848,0.000466934018467097,0.286128715833975,-4.90034710902862e-06,0.226549255319653,-0.000323885241200361,0.185797758048405,-0.000106318821315751,0.181953422114792,0.000160944583398049,0.154212070172016,-0.000215346101639836,0.15731338668176,-0.000120890835169032,0.146693372079609,2.63333411146544e-05,0.133089483247137,2.00179032602812e-05,0.120890925666463,-0.000109255252069744,0.124096701645359,-0.000172203349630654,0.540436418157352,-3.29804348212059e-06,0.74389806323714,-0.000190196255921121,0.398892510278841,-0.000143622150261134,0.276477314520195,-0.000136500815372479,0.27044684990123,-0.000140840094098868,0.23238738923854,-8.57295985054689e-05,0.193833727222393,-8.16676395507753e-05,0.176574064482464,1.46609973638556e-05,0.17083518977214,5.21897976483259e-05,0.170067170613602,0.000101458624226952,0.169809181253982
103-1240-0048,103,1240,0048,unknown,103,0.235175126363964,0.0902707908326531,0.477111024138004,3.01579648447864,0.16560860897542,0.224771024876746,0.301847620562026,0.492750654604291,0.197951324270231,0.247688418189442,2.93452953825463,0.361290322580645,0.491935483870968,0.619815668202765,10.5218476331994,9.65563991000534,-0.0850944403208412,2.35820030418005,2.93534545818082,11.2591491189792,17.3949765430871,5.90331070125049,11.5833223291925,-0.0265117595182302,3.27650455669281,-0.865056923769957,5.83303184710712,12.3497948318085,0.0458148676004314,0.0357559454587392,1.07331116159182,4.04534309894814,0.0164427630169313,0.0386303874816417,0.0669013207811006,0.0299423838521844,0.0151945777370523,0.914176689350673,4.33262101054395,0.0175219023779725,0.0275344180225282,0.0400500625782228,2.6367588068049,0.550842623041848,0.532782480161648,3.19804261813272,2.13001855742515,2.63266940968593,3.01122778323501,0.044967536525593,0.0472278765177534,1.86741863387039,7.18130994152068,0.0099754947713942,0.0315193708084614,0.0636058807243315,0.00757090137567339,0.00740021237375045,1.67447489937855,6.31847279268948,0.0020415702152884,0.00549381674103757,0.0106146602887855,1,0,NaN,NaN,1,1,1,-1.89010927640839,2.00415068348834,-15.5931663087531,3.15798176331395,1.38050512555186,1.3859157996869,0.0781062404529129,0.800963605326344,0.83959566896554,0.837653229703711,-0.203842013699393,0.565829791056597,-0.164372988600435,0.512080472622966,-0.149262267419026,0.39893655437263,0.137460559009042,0.344670691303311,-0.166338687692111,0.346310427046987,0.113120665081274,0.282224555104379,-0.0304897331616144,0.23707057820491,0.14452853572631,0.221509866750339,-0.0283403586114359,0.222262509346148,-0.0001564159215758,0.432119081428694,-0.000655353985690133,0.757466414753081,0.000165344178894715,0.433513791921226,0.000656155331507061,0.26029176861815,-0.000573533418051489,0.239469545438133,-0.000112190628484113,0.201897475727318,0.000163338965037517,0.187083839857541,-7.81593393059925e-06,0.161063150998316,-0.000153573673849723,0.132543777743158,-0.000140501825994179,0.145514091795916,6.62718783534012e-05,0.13218353055059,-9.66727297021848e-05,0.114361339783277,-0.000182140154757212,0.114439426843286,2.2224549025572e-05,0.115388368309912,-0.000102463003075653,0.365292070661752,4.32192196104235e-05,0.613733391300632,0.000189352557377051,0.373886375557865,-5.07527536552144e-05,0.244901351861259,1.64648097767797e-05,0.216855514316163,-0.000156251833781872,0.200629400739699,-0.000110448745353576,0.190054562391213,4.72503718497461e-05,0.168138727136512,7.12643914524839e-06,0.146346888118835,-6.66842245886276e-05,0.159488600633894,-8.59423431391039e-05,0.148578568351451
103-1240-0049,103,1240,0049,unknown,103,0.201822593938724,0.0718825481847554,0.319187631402378,2.57371495450942,0.145742222497532,0.194338960552844,0.255207133098533,0.474940609203999,0.184134330736148,-0.0507398989113642,2.56302292105238,0.346861471861472,0.494949494949495,0.593939393939394,12.1871888922095,10.116351338348,-0.109985204745404,2.12769648498264,3.85750270036134,13.390378424594,19.7001568109123,4.18777134709852,11.9781823275333,0.0480102774142497,2.89614346732879,-3.59038394526656,4.38469528450942,11.6623600277063,0.048024011511493,0.031998017699298,0.91547010777791,3.86756974792251,0.0212972565061311,0.0431997076218375,0.0664760387346862,0.0297156222180613,0.0144139284552077,0.764374947877927,3.40512966797457,0.0175219023779725,0.0275344180225282,0.0387984981226533,2.67239869504615,0.533366120971141,0.587070347068724,3.61643510200123,2.21714758336143,2.66506523439824,3.03815898990616,0.0490312335677669,0.04569189543725,1.48468333152208,4.95320581442128,0.0161482329789624,0.0361093755366714,0.065600754540583,0.00788537488278238,0.00677412145088194,1.50113929099927,5.61758466410083,0.00287949833533095,0.0060707568585344,0.0109158899746467,1,0,NaN,NaN,1,1,1,-1.68063125840904,1.83450093541583,-15.147386347573,2.78323693910507,1.29035546421609,1.3778288090842,0.107717816256682,0.882461811618516,1.04870285905289,0.891623891836055,-0.192901704561618,0.58455124976931,-0.296772567198976,0.474756180614261,-0.223722476819656,0.438153950037853,0.104269491193342,0.346066971062715,-0.243474143356607,0.337840503063601,0.0867012492142148,0.32138637130349,-0.0935944620660437,0.232011545070311,0.188960878286487,0.254957918868725,-0.0278971065467689,0.223520595324379,-0.00017661613504478,0.498435995804678,-0.00166208747809476,0.859987791767915,0.000110323006575239,0.446631583472165,0.000253357794382492,0.281789065919132,-0.000472643638060883,0.272560893533578,0.000154694949877224,0.225354280079315,0.000318954175285778,0.183830707577812,6.2732277197045e-05,0.169963097164002,3.57281847279505e-05,0.145951235999856,0.000514907959394281,0.150679565053573,0.000182916161269738,0.137206384897109,5.81972834936656e-05,0.115818879161727,-8.97818904912963e-06,0.121983737730471,-0.000260245188636305,0.118258931348967,-5.03133221898736e-05,0.458287523487584,3.41244792139197e-05,0.687794706022003,6.75323650049859e-06,0.384098404292435,-2.49502502728306e-05,0.265208062826415,4.61168551492579e-05,0.242521953447019,2.57008393921641e-05,0.214220487917121,-7.91118834074132e-05,0.188513268055655,3.62303726572364e-05,0.171395880481148,0.000133893929757825,0.163776238987054,8.57096464219238e-05,0.164694978632762,9.9082509497838e-05,0.149287526770639
103-1240-0050,103,1240,0050,unknown,103,0.239556597386858,0.0913622491963405,0.521172869352652,3.31029915993014,0.173903250545156,0.228843257668795,0.298295038563527,0.451301114979426,0.191926434365985,0.322882938217382,2.91923302573144,0.310344827586207,0.452586206896552,0.577586206896552,12.0654677704922,8.90087760433121,0.218185111500597,2.86846230336814,6.23284310126604,11.0162359622315,17.7602942494628,3.20690016515543,11.1605955506911,-0.148478985404607,3.46524789447576,-3.11871357824139,4.60720379081488,9.69312448523526,0.0508034234799569,0.039709210731024,1.49384139952992,6.24853727632904,0.0190670014535146,0.0428006632617284,0.0694011719245536,0.029721522432368,0.0140817745014784,0.903576494525198,3.59895811602316,0.0200250312891114,0.0275344180225282,0.0375469336670839,2.66234443238729,0.58430361808908,0.778946056100746,4.17798719215609,2.15803241536495,2.62021440488333,3.03519180706473,0.0502797058453652,0.0490526903141047,1.61665075323649,5.89354967975444,0.0137132767157107,0.0371585632445592,0.0690381653974073,0.00812277050485386,0.00770267223950215,1.65804783042917,5.98798842846041,0.0022649106754455,0.00554397118706766,0.0112037755388284,1,0,NaN,NaN,1,1,1,-1.74326274436374,1.92679001103361,-15.1652060062435,2.90835995674166,1.21707305574391,1.40729917787447,0.143098226990571,0.878081958479151,0.923717516349083,0.892226264698664,-0.281525487992888,0.609858683141834,-0.239783224189031,0.448271672510002,-0.188953595010828,0.387382631199803,0.0791224968870682,0.349993869074857,-0.20151170429458,0.346783549014467,0.0807508768819804,0.304544118297194,-0.0889690312932784,0.245535575848923,0.142096403151207,0.25209089409554,-0.101718905237049,0.219673703518817,0.000198724074213118,0.495193037329733,0.00132544758721478,0.834326154493504,-9.27528023709937e-05,0.463671978322615,-0.000318055855231389,0.278375652703458,-0.00014154725816909,0.267709568282564,0.000134518804044512,0.214629303546404,0.000142363670728855,0.182991623989787,-0.000407150594513987,0.158595264149897,-0.000120155215810644,0.141140456975702,0.000149343115862408,0.146401379888392,0.000524090412159554,0.136198065631612,0.000146635779765388,0.126467131604432,-0.000266907151220889,0.119095439014914,-6.47109987854485e-05,0.114079846688788,-4.55160652091693e-05,0.441211814482711,1.84717772436876e-05,0.690765918118551,0.000189510324262542,0.393362659061621,-2.01483366931002e-05,0.269482772268193,4.419529582043e-05,0.250681274590135,9.47383280437127e-06,0.216825473903767,7.61098302720819e-05,0.190036858048166,-3.46565103256401e-05,0.167234135380802,2.35192675129624e-05,0.15693155502781,-2.56072479942719e-05,0.159257138738651,1.2282118409681e-06,0.149149802823448
103-1240-0051,103,1240,0051,unknown,103,0.20874066814523,0.0725403730651318,0.29260872883467,2.99001964664425,0.157265115108597,0.201888982727689,0.260320427682766,0.472278085918587,0.18368021965623,0.00286725509972585,2.78885181381985,0.343434343434343,0.484848484848485,0.598484848484849,11.4211787206136,9.35848467890746,-0.0695115379584028,2.2829889972592,4.2919101916206,11.9194177031501,18.4592770794836,5.554221828935,10.8878606471559,0.128337725192934,3.42452706593461,-0.654353552857752,5.09898586962884,11.787752701731,0.0533583971950226,0.0404477750682058,1.32136742124467,5.1928773190809,0.0216284939500946,0.0452690477763147,0.0734959442668201,0.029052307551541,0.0142266815444644,0.986151642012493,4.44164608513573,0.0175219023779725,0.0262828535669587,0.0375469336670839,2.70169988550415,0.534644575752001,0.43395689962002,2.99871849476835,2.26491564924191,2.69156600463226,3.06328005963026,0.0543596841384103,0.0564772072770518,2.06129223205844,8.32356795394646,0.0152756371628548,0.037381727089058,0.0729050772539189,0.00842361579456477,0.00799352701690769,1.92600800087265,7.79747654008145,0.00280456619907636,0.00620003113318194,0.0112626426125201,1,0,NaN,NaN,1,1,1,-1.51037720679159,1.96326788784679,-14.8461266157366,3.01836387943837,1.58276086325376,1.37597825087357,0.0463078878923218,0.88251184350561,0.763809993114065,0.926918744746528,-0.460334759548121,0.718142050418036,-0.119730479889667,0.452443612630009,-0.172698566895635,0.468146589215423,0.0466241929115068,0.35951952212063,-0.195044447236784,0.388770036612941,0.0879075851013923,0.317399210701616,-0.0547045380869395,0.239579909906151,0.168493238631864,0.242659728613431,-0.0391219694206814,0.21317045002013,0.00132738554443789,0.499987259691202,0.00335137222991269,0.854739533670737,-0.00121800558515632,0.403788152387223,-0.000291599645193027,0.271832187506001,0.000513515603865167,0.257892794739445,-0.000599726004319454,0.233675626846495,-0.00041606320049722,0.175065918554113,0.000198607737085576,0.17757082178792,0.000184690841686129,0.149766107334895,-0.000181175341650366,0.159029863775537,-6.89534367874317e-05,0.138552024559707,-2.7383383276316e-06,0.125414932764842,0.000318637512171353,0.122013895842762,-8.68914883774051e-05,0.113898671138488,5.42660077496881e-05,0.427806489040083,-3.43445012645582e-05,0.663307880290022,-4.36932592104564e-05,0.354659886101812,3.52973124058021e-06,0.255179133128806,9.36948290048824e-05,0.23074629067917,0.000130435727368761,0.226008822798307,8.63409384546792e-05,0.179098740221912,8.01719310607116e-06,0.177217414587571,-6.84143278612983e-05,0.158951246490441,1.50821173604645e-05,0.16704077731874,-7.02185407500669e-06,0.151744311290971
103-1240-0052,103,1240,0052,unknown,103,0.211799259395875,0.0755058513712381,0.193253924154023,2.95631487854029,0.156293809712643,0.211796716184267,0.260960151325068,0.471974843470766,0.18675944951687,-0.0336760411258679,2.57365463641224,0.336442786069652,0.490049751243781,0.600879530916844,11.9773163670701,9.12800302476265,-0.119413288357826,2.26386194578788,5.07156774537873,12.8361396274304,18.8372275563357,4.82963265411569,11.2034424152936,0.0723755469598291,2.84692403347263,-2.43629453530588,4.7045436493723,11.8142468319917,0.041985738928001,0.0279214423711656,0.92684772608366,3.35029572467955,0.0189242754872289,0.036072142473851,0.0583756553738848,0.0283201459451432,0.0124411552020284,0.643189255819177,2.99734143180279,0.0187734668335419,0.0262828535669587,0.0362953692115144,2.67743725909427,0.533360590199152,0.371195088763291,2.56987333804653,2.22008458460824,2.65862699275439,3.04069802956787,0.0409361183333904,0.03999773261581,2.40387794757577,13.0248980491903,0.0134483047414198,0.0296142111218468,0.0558350007719416,0.00634736339542789,0.00524797133212194,1.47317897740934,5.33475640266115,0.00250858146978178,0.00492585812541639,0.00853770623263974,1,0,NaN,NaN,1,1,1,-1.93615415230665,1.74070769406176,-15.3274638420368,2.53465675853989,1.50842455854491,1.41832946774734,0.0120899016408769,0.81108836204162,1.00705116707701,0.833902464694184,-0.24260785612481,0.587671223272179,-0.277856989120907,0.479366778820746,-0.185684578082696,0.435146590670652,0.0974144806369743,0.329672350653031,-0.183676567640871,0.342265339558289,0.0912423598237482,0.300982014467622,-0.0951033339015905,0.226383883474374,0.164435337769596,0.256484416109949,-0.0657823894001971,0.22845101501707,-0.000922578204964021,0.506664880789813,-0.00159704875464394,0.890974341023699,0.000378261441826193,0.451030780921467,0.000299969480384372,0.270602295465572,-7.27143526778911e-05,0.265576930945766,0.000219176952695993,0.219153844328285,7.72331694279068e-05,0.177528421256658,-0.000160800205266706,0.180176263960239,-2.98811808946357e-05,0.150206492359184,3.1610732016865e-05,0.146915589651347,-4.59055302931219e-05,0.138303682115311,0.000190450870913202,0.123477225983943,-0.00023028422161851,0.123172686671413,0.000131120632381726,0.120793860506644,-3.84210048719099e-05,0.465015881142053,-2.57774385372358e-05,0.724620259513912,3.66106337561597e-05,0.374333852223526,-1.39450283551649e-05,0.267716171923095,-7.89929205409656e-05,0.242896773932825,8.12493690256278e-06,0.211612652038657,4.88767948476041e-05,0.184037489509173,2.77760791312798e-05,0.183847871015095,5.60319817184175e-05,0.16688433152964,8.62022811694204e-05,0.162725056981404,4.9905630198627e-05,0.154001239562368
103-1240-0053,103,1240,0053,unknown,103,0.218269001676712,0.082083833291411,0.212326684537376,2.51052233798569,0.153968582195703,0.213961043188531,0.278760513369914,0.478309922209863,0.185999482558629,0.121023062804498,2.9261240630998,0.35,0.488461538461538,0.596153846153846,12.1775627426021,9.52226690546804,-0.179461356975112,2.28619429894605,5.05116981736221,13.2824814650992,19.0090797735913,4.55085692352278,11.1772009341355,0.188658496381908,2.97305372525643,-2.72685893263586,3.9025218560243,11.6593965243599,0.0484103038730385,0.0355836242981324,1.0369965739414,3.80461947404767,0.0196380306210969,0.0397977425431273,0.0689209613046175,0.0290736033845537,0.0130551759066211,0.729110021415331,3.39725808609216,0.0187734668335419,0.0275344180225282,0.0375469336670839,2.72055958390527,0.555782600823126,0.405392812239968,2.88570309806889,2.25098291640797,2.72508205342941,3.07776452655469,0.0474501983987544,0.0476281508419232,1.89164965072,7.40265418433454,0.0131437977580582,0.0321118421910743,0.0648908125815779,0.00767267815818581,0.00706088767448307,1.68650899180085,6.60304820107114,0.00251638052024206,0.00540639956921319,0.0109468028318877,1,0,NaN,NaN,1,1,1,-1.66601127875924,1.90123405868487,-15.3819303074239,2.76292349342581,1.4076893686556,1.49198126525244,0.27755915843771,0.85148434135398,1.0270903546848,0.893592293828196,-0.135128073871642,0.588762093394809,-0.205202266602876,0.444592544477436,-0.229578896932949,0.38347667367581,0.0534647475738553,0.345974176215236,-0.33792054452795,0.369566810546596,0.00986613499137197,0.305997162156709,-0.0739149115452987,0.252853653654837,0.138200295365973,0.273641127911556,-0.0243099692793028,0.226932665555932,0.000887840631139857,0.535475419510784,0.00175953394687476,0.862242886303951,-0.000741285814410689,0.468200595204723,-5.10933038447107e-05,0.277431774946208,0.000165375577993738,0.279244880640515,-0.00023800226951339,0.211229338140675,-3.24564693219115e-05,0.180471033982136,-4.70707102228621e-05,0.171492165019275,0.000209764851405483,0.151264194349636,-0.000239444666560927,0.158234846787468,-0.000228579480135967,0.137621104281984,-0.000110601729538201,0.129578592279733,0.000350373478703066,0.125351223481003,0.000139956495866061,0.116913790212884,6.11838368731686e-05,0.438288520992052,5.06029431978352e-05,0.672574908200232,0.000127285343938087,0.382974641046911,8.99060635291108e-05,0.272672041464902,1.02111962598626e-05,0.250404719954749,-5.40414607352475e-05,0.209639985189195,-6.73212567512069e-05,0.192774869134273,2.4997043032259e-05,0.173744234717294,3.92515875810672e-05,0.17127408216511,-1.89012607015271e-06,0.168893582456802,-0.00014332624417093,0.150731374131495
103-1240-0054,103,1240,0054,unknown,103,0.225009882261271,0.0808477810673507,0.233837199315008,2.90693920032499,0.164793491366559,0.219644951466825,0.284129318240362,0.476386163772292,0.185814755858023,0.0825065439490347,2.82550777189506,0.34375,0.486979166666667,0.6015625,12.809981397327,10.2560707815043,-0.288553039111507,2.58105064822314,5.3935729093794,14.1568479450312,20.0879283148944,2.97718728402303,12.534937860846,0.123035672963745,2.86527940762489,-4.59881259306826,2.73475710765921,10.9181145127686,0.0447119486526374,0.032324833279668,1.21001546114953,4.78054930012652,0.0190308526068319,0.0389514362113439,0.0609935720737739,0.0296610788039991,0.0131754872613492,0.592941379396516,3.07824539071088,0.0200250312891114,0.0275344180225282,0.0375469336670839,2.6473505823166,0.505213869202856,0.692813335603107,4.23180211706846,2.22056822599097,2.6343557936917,2.97297449780007,0.042130177071103,0.0412722508194858,1.86645017408387,7.02284452539176,0.0134020054958626,0.0304511927200409,0.0559651109817644,0.00705330132787019,0.00647249990308565,1.8952441636287,7.66699694630515,0.00252103956035962,0.0053388812469076,0.00919655927567782,1,0,NaN,NaN,1,1,1,-1.86912665416491,1.79129345785735,-15.5394894352464,2.68460019541926,1.37321388088647,1.49588436588602,0.288298061662759,0.80919898235028,0.896425950879887,0.879526827170278,-0.136186383983082,0.557744477005702,-0.190000469317458,0.472710792155671,-0.169661136886152,0.401723679414493,0.0618365265270882,0.372855944261261,-0.198890702903883,0.35337159860595,0.0639770710600443,0.299961262786745,-0.0647487109940515,0.242959353307402,0.155437771473895,0.238202025336128,-0.0619574436151707,0.218854513186703,-0.000694500938920952,0.459292084954766,-0.000966356255834641,0.791502237756216,0.000333943332555962,0.502933876221207,-9.00901962563609e-05,0.28379441643627,-6.62903263691848e-05,0.252303733685118,2.52544687407511e-05,0.216616331421229,4.12246418665756e-05,0.189094547106298,0.000157401973879179,0.173850941291993,-0.000158834697134856,0.149941944621685,0.000108665878277762,0.15171023193183,0.000251996937761043,0.136343669385585,0.000127644427226633,0.128158008764052,-0.000132596774492991,0.123454638329485,6.0045984283521e-05,0.118617842786358,-0.000151303291188587,0.394914413015092,0.000178221081311076,0.639011769440134,-3.59289894043305e-05,0.401382977514371,-0.000153663983090444,0.266827941061058,-0.000100657051245014,0.220154262868508,-8.79215552368327e-05,0.21028994023793,-3.68463614910494e-05,0.193008159425311,-2.91374172860913e-05,0.176164083360136,2.82003526352081e-05,0.166107868909298,1.22909796033472e-05,0.166281521971255,-2.30336543067205e-05,0.146443695284994
103-1240-0055,103,1240,0055,unknown,103,0.21892162733526,0.0749261632826418,0.3244219586928,2.82750318220817,0.162182836462435,0.213512836679145,0.273352336346392,0.488245102831729,0.183631543924656,-0.193473659578735,2.53057728847817,0.375,0.515625,0.611328125,8.89181950384036,9.68614100507514,0.121090086073269,2.13448593948682,0.937687656091515,8.88896946493601,16.1653902084565,7.39984417790933,10.7846967209931,0.149846756497325,3.34487218784777,0.246961895313037,7.12381904185216,13.6173755299673,0.0470511252262777,0.0301694095639811,0.572245213183148,2.74244534315658,0.0198683571465716,0.0447491106262924,0.0667835997236629,0.0321406222063293,0.0152090850098735,0.479184033308716,2.52813469219141,0.0200250312891114,0.0300375469336671,0.0431789737171464,2.71115019676708,0.550935149724062,0.292786718375553,2.59211682083574,2.22843712226237,2.72441586345593,3.10505044298416,0.0468700372692905,0.0397893353620466,1.07533739638792,3.84937872604123,0.0128333643919104,0.0398168802945583,0.067491737605226,0.00779567220278257,0.00599169815744957,0.934764262882609,3.72112906296774,0.00266441164441932,0.00696723262450148,0.0110602025347891,1,0,NaN,NaN,1,1,1,-1.53596180926469,1.87688082623221,-15.0856557115084,2.7974212261957,1.47287120795182,1.30373933365408,0.0332887699867048,0.824141649284819,0.943267923142074,0.847449338626145,-0.200555166182933,0.547191783649222,-0.183307216674985,0.460269921078492,-0.158420103498011,0.407982732989098,0.118279959675573,0.352083012126734,-0.155004846619156,0.35852452051572,0.173900019885062,0.305769457487412,-0.06956759642633,0.221296753892289,0.128978481663211,0.253885506232009,0.0139223857152835,0.228803858264565,0.000365516599299276,0.464935089134346,0.00109521394250477,0.852944335221523,-3.93265834747265e-05,0.416102021187604,-2.86150596310659e-05,0.28269287167457,-0.000152562282402598,0.267168294754781,0.000305805229709255,0.224076985067881,-0.000498269271323311,0.183765597807007,-0.000177048065888753,0.165686374416253,-0.00034632655129413,0.157305071393461,-3.50207667466647e-05,0.149804199698062,0.00024517547650822,0.140334975378657,-0.000298774054021541,0.12409719344938,0.000252096855352595,0.120796152853283,0.000198221216422621,0.121187809843717,-0.000120308145464993,0.393389906548638,-0.000166861377852477,0.681827007416215,-7.37229001095846e-05,0.363100041562252,-3.38686041261464e-05,0.256287550765609,2.31139848386232e-05,0.235246263443033,-2.02904030310275e-05,0.220490690495675,8.58758907847769e-06,0.193877699567998,9.09526984937869e-05,0.172435818032547,0.000168189584280307,0.17172389223685,0.000180629361553946,0.165493933556547,-4.22392641898043e-05,0.155342864749149
103-1240-0056,103,1240,0056,unknown,103,0.243741192037863,0.0893613457343524,0.462774813930438,4.80608225506011,0.182747815590641,0.240466845948905,0.303942265513672,0.47543847675911,0.202645785713118,0.325955059660508,2.83381560270942,0.319672131147541,0.479192938209332,0.60655737704918,11.7484895088695,9.6749650024656,0.0393975794203137,2.42424058211958,5.5256721595477,11.2543040690173,18.3827694114664,3.82177906717649,11.6398907441202,-0.0346273004882546,3.15016098238241,-2.93079443427462,4.35720827448408,10.275065537673,0.0413777806890248,0.029544695077337,1.23087264937171,4.76700612734783,0.0180257207931894,0.0357104238731156,0.0562157420169295,0.0274703926509398,0.0133695138235733,0.836213275674688,3.57277511525499,0.0175219023779725,0.0250312891113892,0.0362953692115144,2.55749695578754,0.493822383927108,0.658976558157968,3.56274719781866,2.13006666923988,2.53924037964708,2.89499083328386,0.0358527651372978,0.031634861046323,1.23167730658421,4.09162964599101,0.0116890748295616,0.0257588806430259,0.0524660879260983,0.00613763527508926,0.00541262805678742,1.50825044370025,5.23896795001708,0.00216368516222279,0.00454338851865356,0.00837630497256772,1,0,NaN,NaN,1,1,1,-1.9629381563182,1.76100120647589,-15.6488887226562,2.65182940583982,1.59300184023847,1.57189712131469,0.0437675089837357,0.873130530027319,0.818452535239502,0.879660674991872,-0.140408803494963,0.550587376068192,-0.129990667810487,0.486976085278565,-0.166254431059758,0.424800563915879,0.0739108015653314,0.384322326967389,-0.192073575862214,0.386509995248016,0.110297276961808,0.274231324161572,-0.0447069425334229,0.241597871005137,0.111577781720274,0.231707953841456,-0.0466893003411647,0.224111603762264,0.00104336819851129,0.429356272704254,0.00418711620893038,0.777803027642424,-0.000434616467912392,0.455701348991689,-0.000924379523031891,0.265034654034443,0.000485741512443464,0.256764739427341,-0.000327089110390283,0.212500777464765,-0.000430350858188319,0.184054968292424,-0.000414448849827915,0.175046391003604,0.000159650794674275,0.147881331232924,0.00038063510727069,0.146995569233221,5.86663353512764e-05,0.128635898348565,3.98900303255873e-05,0.122991214328433,-8.08304627947943e-05,0.113439482195552,-0.000288434288300603,0.111988414281545,-0.000104534280148788,0.368339421576323,-0.000198720855637005,0.612340694004992,0.000133251379055174,0.366267475311006,0.000170975008305119,0.250083608597258,9.48211653934042e-05,0.233599723405422,6.08837415428521e-05,0.204403752749253,2.63715647632524e-05,0.189443523773453,-8.92719362101439e-05,0.177909655758255,-7.28248791351606e-05,0.160662093208239,-8.32490128620909e-05,0.153409470790896,0.000123342343643884,0.142927599961924
103-1240-0057,103,1240,0057,unknown,103,0.244563601269536,0.0811908414299974,0.0201049440449057,2.57497732362712,0.182255622110721,0.245264296534223,0.302187787000893,0.474032980475787,0.208763622506472,0.488687645865297,3.14432415622337,0.311475409836066,0.480874316939891,0.594262295081967,13.7202603739506,9.67963775442789,0.0292138326609505,2.58296244771442,7.99775987456357,12.9295938339779,19.7531779870196,3.08187457787619,11.7177126804754,-0.0189104583299463,3.47451378699161,-2.52203505814574,3.71041759838423,8.93548914431682,0.0450627274425985,0.0342163345538525,0.989241714229377,3.54013130095801,0.0156359468262198,0.0384341394881609,0.0641973009856292,0.0285507398197821,0.0140571312374216,0.732821641834399,3.2455234290816,0.0175219023779725,0.0262828535669587,0.0375469336670839,2.57225904148339,0.528403622078358,0.516583012933553,2.75686285456129,2.07970676609931,2.54928423739278,2.95813910934393,0.0435734218582526,0.0415357992398262,1.41417350581896,4.86230651956472,0.00903658690116016,0.0361609213760006,0.0565428498338741,0.00721411598221217,0.00664514320218224,1.40678315864475,5.01753611138925,0.00178655997934338,0.00542032224427617,0.0100953512711342,1,0,NaN,NaN,1,1,1,-1.99041850530106,1.91907026304842,-15.6814352103266,2.93998730793085,1.17948843707346,1.33974916698877,0.142115021288239,0.906334821535311,0.760922418268985,0.758146667076281,-0.0587920756376674,0.550203700482497,-0.21993203204131,0.473636367145766,-0.248301365872679,0.391197639906946,0.158717788301981,0.286085714771034,-0.139479015894037,0.336518002023261,0.116595593761509,0.321635392242777,-0.0754658940821963,0.231193762093778,0.125977410096666,0.25013525991683,-0.0259139689224355,0.203399932869526,-0.00162815236310479,0.44440051556403,-0.0030980446026351,0.765888997869588,-0.000656074944998186,0.463910159346089,0.00186290378275431,0.255686697074591,0.00016662947734643,0.22225895483053,0.000852816331463805,0.195141488027397,0.000131773186785586,0.170921210777255,0.000755075379051885,0.168208179020728,-6.8137520253543e-05,0.141597601756471,-0.0004488572272703,0.13983488149562,0.000270614195359406,0.123966827709237,0.000463397950028431,0.115585898157827,-0.000509458994835267,0.126169351136257,0.00055411852246817,0.118929837347633,-0.00020374552281927,0.371602193086735,0.000311288580027007,0.579618630845841,0.000261104038943242,0.371561587602884,-3.35259306640158e-05,0.24234973378184,3.32376318859703e-05,0.206070353389838,1.91675352679607e-05,0.188568040820811,5.00233659385207e-05,0.176361919708709,-0.000166625775957591,0.171182336356651,6.31262890069942e-05,0.165579306141676,0.00014536910737991,0.15551647902162,5.01334431139853e-05,0.141452610010976
103-1241-0000,103,1241,0000,unknown,103,0.232082590440345,0.105428104812848,1.44853372756079,8.25552828390428,0.163781815877661,0.210796317150365,0.285062360739211,0.502774939063773,0.197819256021665,0.0125677073787891,2.19638477193776,0.348484848484849,0.508748196248196,0.653198653198653,9.99910076601208,10.3356635026336,-0.132564282122742,2.14957538854529,1.44780505212765,11.4702209608174,17.6294300975635,8.35516875086515,12.3542228725686,0.199813634020022,2.89008638631279,0.380308737713735,7.2556941514949,15.5941656083657,0.0289824384905943,0.0239058750940904,1.2269015739395,5.12623000278653,0.00879300581227291,0.0242616921572691,0.0422740368586986,0.035579964905881,0.0143722526742409,0.866476482417123,4.37530636080767,0.0250312891113892,0.0337922403003755,0.0431789737171464,2.98136085309802,0.631807023694512,0.990241174966432,4.2721853868693,2.48096380953451,2.87171082798127,3.35867627230832,0.0296794158080015,0.0311282190898668,2.16412892049225,10.2828165501605,0.00612948778618132,0.0227813502019969,0.0426584241159616,0.0050058358875247,0.00498113541680006,2.04613259813816,10.5828581270254,0.00115490180089327,0.00379894797801394,0.00751358251690551,1,0,NaN,NaN,1,1,1,-2.6478690125621,2.37204967504817,-16.967960640484,3.64885612618914,1.90030526543461,1.49790880005129,-0.271438111851051,0.931963815949291,0.868408322910119,0.80843365749125,0.243684837874537,0.618827767862418,0.0692459951546288,0.451491903646935,-0.29389005716648,0.467134284667808,0.0666532561497536,0.410827750557841,0.000818272627037751,0.372692244682947,-0.0571616209819179,0.32380530801344,0.0274515584922235,0.251452087854312,0.0345984345331199,0.270550498296972,0.0617084716079493,0.243723864551064,0.00151836452529942,0.552077857871923,0.00466592279162638,0.807841656699044,-0.000887091733719299,0.437256633648665,-0.00139016800811933,0.27549970565663,-4.88658165932351e-05,0.238594888006822,-0.000256503013476603,0.193102028434632,0.000192631967862825,0.17621091551244,-0.000776035924324615,0.179521032687056,-0.000346144459068412,0.148091493910719,0.000307813512916856,0.147748535947304,0.0001083085610306,0.132147726913168,-2.00973117633857e-05,0.11978775108158,-0.000268686934440692,0.118860461104334,0.000361194462415007,0.118959762353989,-5.23465540973539e-05,0.519757977279434,-1.06457482028638e-05,0.636532246172079,8.15586214971161e-06,0.363871992078155,-2.67098726118695e-05,0.259721964436038,3.07565264055674e-05,0.22376312863348,9.30788025871835e-05,0.185320536471067,-1.12368917676489e-05,0.182231727550443,-9.19606141046214e-05,0.179539540204489,0.000117621884873067,0.162824370310307,5.72913079845113e-05,0.158826007565995,4.53410167351172e-05,0.142781002087442
103-1241-0001,103,1241,0001,unknown,103,0.188674705463264,0.0698646742523143,0.419655013427572,3.28585486405041,0.143531184370772,0.182403228038631,0.232565798307239,0.529455916225877,0.179842941415238,-0.387144543123832,2.59814702416725,0.411255411255411,0.556998556998557,0.659976387249115,3.02718713799521,6.46645857005092,-0.032065373777474,2.7237083362237,-1.77665855292269,3.55690423711172,7.26728831995467,10.9745864727085,8.33630505501963,0.839375177541666,3.52280016597137,5.0902526431609,9.70646515359501,14.9260182488382,0.0304929639283134,0.0222844259434417,1.45153919268413,6.78524605035121,0.0149583906347315,0.0263687205232839,0.0404099184697555,0.035778120458439,0.0139906800789993,0.824453333499096,4.46396802638669,0.0250312891113892,0.0337922403003755,0.0450563204005006,3.00451031994759,0.613142739175119,1.3654099990902,9.79683549797802,2.54959249168492,2.9401314495376,3.37248400389801,0.0290878713426533,0.0338876292247789,5.15926598955155,48.3137548648076,0.00952233169522731,0.0219870675552313,0.0369935902150094,0.00512080356786694,0.00471392597720359,2.05283758684983,9.9017442253667,0.00193673182167182,0.00376025790376135,0.00680341859105839,1,0,NaN,NaN,1,1,1,-2.1485913708722,2.11347276004387,-16.5985693219324,2.88098782656237,2.17638705415991,1.7327731417167,-0.105271382514798,0.935802792321499,0.774936452463675,0.895195829670608,0.277347950143577,0.662716512528122,0.0811981032028527,0.563295469376827,-0.29078216749024,0.480915507855251,-0.122473018337808,0.387871396037525,-0.0142827818070953,0.367311631545784,-0.109395033086214,0.358459809687594,0.012330530154761,0.260362316608958,0.0750758646940966,0.229726245794031,0.00292842054302161,0.235934160422477,-0.00166592294349855,0.525952083019101,-0.00367548324592024,0.803289224063507,0.000471324564720107,0.421374970423621,0.000956105647846608,0.25064169949278,-6.11013002431897e-05,0.217247092017203,0.000713532806335076,0.190973412281879,-0.000567243855684506,0.173001377819603,0.000146079364213517,0.179531124321666,0.000147409604805958,0.146211633431985,-0.000133825432214761,0.145163826390659,0.000303565534941928,0.132408140816192,0.000233017400831934,0.117303000140046,0.000375147481744799,0.114963873113841,8.8018529018176e-05,0.113034577497757,-4.26693520896686e-05,0.481881402818181,-0.000545434092859114,0.630845794196031,0.000227397092911565,0.346530381592803,0.000132589590906667,0.234084438745318,-0.00029303042329736,0.20001090259629,-0.000196513509180674,0.18604164340692,0.000109290830805067,0.167675997255887,0.00023612099566743,0.173416967322335,0.00014288124523538,0.153026257978802,0.000129941539158416,0.15678794787063,0.000185146878074051,0.141107489885464
103-1241-0002,103,1241,0002,unknown,103,0.179123050025132,0.0634614628970447,0.426070429852248,3.20328086696726,0.13354422726692,0.171827806610751,0.219912605212145,0.526404287608977,0.181764286944858,-0.144455488484349,2.73524838009671,0.41156462585034,0.535157699443414,0.649350649350649,3.49659542791028,6.65748995942427,0.354190393023352,3.52181855547916,-1.30793176936061,3.74918756692789,7.43534451745658,13.8131769346715,8.81150605159023,0.681181347790202,3.1342769173409,7.52041292000084,12.3634254298465,18.8193868542241,0.0313339170820948,0.0245163512453062,1.44545370025938,6.10049307276933,0.0132719306068593,0.0267615022193956,0.0433054622628435,0.0379291769350863,0.0132721725698677,0.65384562221041,3.85109973124499,0.0275344180225282,0.0375469336670839,0.0463078848560701,2.99075680267132,0.576718088745597,0.874313812506474,5.03586281838317,2.54487170933614,2.94343954525163,3.34762975511795,0.0326554941438701,0.0316811322310304,1.92774241038179,8.20448077544488,0.00864926684683612,0.0259187791622948,0.0441283970933872,0.00547361288720925,0.00510920239561844,1.82526003613047,7.4495044591874,0.00174979309219436,0.00426432111950776,0.00767240424604103,1,0,NaN,NaN,1,1,1,-2.31118075002551,2.24489464634969,-16.3248459447479,3.17778610348182,1.87699460939004,1.49219455082289,-0.17733081373549,0.93461257811424,1.02877585869015,0.852901639631726,0.135044554079365,0.640562400933751,0.0579523367628637,0.46406624711574,-0.347734808472205,0.494704249187847,-0.0244390261632632,0.370509030040899,0.0553567059497737,0.403054682406144,-0.134513443539802,0.328033760039912,0.104150141164458,0.258052632108113,0.0519932811026472,0.274403736351813,0.0771651226579633,0.245787728741617,0.00158163893764771,0.498987273076683,0.00332001375544388,0.816148361303182,-0.0012979302420207,0.430784624479344,-0.000448564618760397,0.271672215309769,5.32519011501965e-05,0.248372399195305,-0.000382967139076145,0.207750588348687,-0.000112114205898852,0.161074507771094,2.18825463315911e-05,0.189112773641987,-0.000149226833189662,0.145113802580545,6.61798143517729e-05,0.153962835759023,-0.000249096439861521,0.142536478161088,3.59472673222547e-05,0.118551731837827,0.000102742354339688,0.120504014132623,0.000215011785140844,0.117763750474805,9.07911070017166e-05,0.489685132273264,0.000196909777599991,0.63423689945991,-3.72690980854998e-05,0.346494298197947,-1.87120975265379e-05,0.254558220074911,-8.51763017502941e-05,0.234437334117664,-0.000149308602580296,0.199318195126224,-2.43248059910663e-05,0.163406957453952,-5.4329472398681e-05,0.180121626674568,-0.00011002712737696,0.159506259604136,8.17885586366142e-05,0.159690217616152,1.12359643092701e-05,0.152330651295969
103-1241-0003,103,1241,0003,unknown,103,0.202215193258786,0.0698926302206978,0.582367028652336,3.57423449690938,0.15588822401402,0.19503030140697,0.242612853124212,0.492181437625135,0.187571526626039,0.0287599611805033,2.36072183501237,0.351770451770452,0.494871794871795,0.626289095519865,8.44271753862707,10.7305997664554,-0.0468884526662169,1.83253295914048,-1.26929378665481,9.29919358311619,17.3462463887015,9.16705255992103,12.1702851391538,0.539425977845471,3.0542758380922,0.787755365930544,7.19662888664861,15.6210920835463,0.0303467511860822,0.0207085951067223,1.28161547432812,5.97776362953009,0.0154491395470747,0.0265489581440623,0.041080239029701,0.0397751524665948,0.0156160587010815,0.86392169207592,4.56260305833822,0.0287859824780976,0.0375469336670839,0.048811013767209,2.92759366284337,0.542438473636476,0.921190687526967,4.80761989551186,2.52644571791479,2.86194196707238,3.23228025060832,0.0291915989318678,0.0255046849978259,1.69851672047577,7.23233820866234,0.0105316567722992,0.021602555692734,0.0411925708849348,0.00542927663724579,0.00449076841408476,1.53068867409499,6.51228376672182,0.0021918688499947,0.00422270480751257,0.00757089656505669,1,0,NaN,NaN,1,1,1,-2.26016710855214,1.96961828869536,-16.2237695267737,2.67805382182304,1.33083095620469,1.76483124228548,-0.0359459294068749,0.979097833675397,1.10187750529806,0.878545779689471,0.123057204085718,0.609760092069639,0.108516449765516,0.471645875104567,-0.262365325469848,0.464560913350195,-0.026015808055499,0.394340904998676,0.0342226595675153,0.369239350785757,-0.138533950664681,0.286156190437088,0.0371049531605928,0.282852945481061,0.109661548205193,0.250673300353096,0.0155230525997339,0.247059414905287,0.000545879637635899,0.533553315057967,0.000765579331105941,0.771945715971474,-9.83665411136402e-05,0.443535651478019,-0.000218339085233776,0.28812298239628,-0.000168830338231747,0.252507469193111,-0.000357572250721163,0.202227935592342,0.000233979753545867,0.168331913477138,-0.000310837751267078,0.17753707212763,0.000261445709649661,0.144564321135127,-0.000198072765093721,0.142848001282132,-7.72541115255699e-05,0.125946735789232,-0.000139102432047311,0.121468346971423,0.000351956537889464,0.116434190461525,0.000102192485026947,0.112731800035445,5.60500062562975e-05,0.539605278129599,-2.09791214210431e-05,0.62568512395423,7.29284291143782e-05,0.343249770919411,-1.37449150601659e-05,0.265012950504153,4.28323197582948e-05,0.230544473026191,-3.94771734764453e-05,0.19887806520824,-0.000103599265015536,0.179154775985024,8.0512027150816e-05,0.174185195625966,8.8801424885872e-05,0.157921506457438,-1.34048083715276e-05,0.155442587734888,-4.27544412048995e-05,0.141998396603087
103-1241-0004,103,1241,0004,unknown,103,0.261790900218897,0.113078066101374,0.525764695819415,2.51164233362437,0.173443130913608,0.237435086670919,0.347051910191979,0.453076940654203,0.189748033597946,0.184835723272103,2.3069007307186,0.297881355932203,0.450847457627119,0.594703389830509,8.42035839631662,8.13064021697977,0.333240800705802,2.65266117529251,2.84705419568491,7.38760904128628,13.4819968957036,7.07565385722707,9.43823154375117,-0.0892941074691869,4.24806647904891,2.0869007713208,7.73627652403736,12.33742518235,0.0273337614151195,0.02639612223665,2.04592709064614,10.2564798915477,0.0062234572225669,0.0216358162707624,0.0389846857957446,0.035848685772239,0.0148952241379462,1.13428807225363,5.54651884586343,0.0250312891113892,0.032540675844806,0.0450563204005006,2.86568364081782,0.577587939687063,1.34898099645743,6.00178894260886,2.44485043694815,2.73530668461171,3.16878131326116,0.0269060435567655,0.0317291884781598,2.72555885542396,14.9388982268465,0.00324074100195101,0.0180005129193479,0.0385341823493597,0.00479406022519549,0.00559761408669347,2.47303347896197,12.1906708343829,0.000707367413772932,0.00317789597944944,0.00642310890085644,1,0,NaN,NaN,1,1,1,-3.00338856662025,2.56796262368719,-17.5893714181603,3.7760009434862,1.65937136573081,1.47391491459083,-0.0897995114485617,1.02333607787546,1.01687370088312,0.835660672924198,0.220874678678938,0.588857083092244,0.154727626003246,0.4692080549374,-0.21989520898132,0.481557528847076,-0.00945965306547786,0.377782349792289,0.0657978743154359,0.393882702506041,-0.104040633203534,0.318051337002983,0.0578012350472939,0.252387577573207,0.114742660780445,0.252944853561016,0.0322760729143446,0.229234533600354,-0.00239683188327906,0.505776484344573,-0.00411217870822207,0.767334079928324,0.00161507351771045,0.421766061812991,0.000622371906980313,0.253764197022923,-0.000333369637996618,0.229890718510775,0.000388576947444118,0.196195968646239,0.000317285050928746,0.166798827772407,0.000163495296161104,0.186361138387421,-0.000555665288321201,0.140565269892671,-0.000343631536297659,0.141928292534793,0.000427190574184827,0.134195990893165,-0.000226285629061526,0.117056413927596,-0.00028722369723251,0.117534519896295,0.000108410720052092,0.115879715193085,3.32153561256353e-05,0.480199297845117,-0.000143718991820553,0.608792256102449,-2.86571793256545e-05,0.34490796437947,-6.1478830211762e-05,0.240207000173958,4.14304160860076e-05,0.218444088924132,0.000108805176057436,0.198114052641642,2.35426992476219e-05,0.173102448963464,-3.08239203905493e-05,0.183507123449285,-0.000108243336706098,0.152714285341733,-3.34906426793532e-05,0.152599030438867,-2.72748116710583e-05,0.153862671861934
103-1241-0005,103,1241,0005,unknown,103,0.189753318243404,0.064463821081932,0.50239740665648,3.27716821300414,0.145554501655826,0.179142754018293,0.231379640248088,0.523909250549294,0.181065434290892,-0.202807763660278,2.42778074047175,0.395632239382239,0.544226044226044,0.657657657657658,4.06246590630834,7.26794531071976,0.235177608918393,2.20994759640436,-1.73665129424065,3.31399472469793,9.82296422206901,12.5063714798751,9.52895225659885,0.66217962254736,3.03157416500821,5.91197395937655,10.5436781125009,17.9892780583758,0.0319432643662461,0.0219421668143566,1.14843604067039,5.15654186766142,0.0167030745026135,0.0276922323531271,0.0447560173604425,0.036245235013008,0.0134424345189709,0.843297388337443,4.5592274038078,0.0262828535669587,0.0350438047559449,0.0438047559449312,2.92458791173594,0.553314618204946,0.781376165829275,4.61131745706181,2.49361706728457,2.86910964556904,3.28098066373022,0.0296372233592923,0.0257815643899134,1.72708587722969,6.94181553554702,0.012220389312328,0.02314180142914,0.0407588121820374,0.00523927157984917,0.00413465310861091,1.2007686812333,4.45737907291955,0.00219103666232462,0.00415940174456002,0.00731697626307211,1,0,NaN,NaN,1,1,1,-2.29109081251051,1.97987187163212,-16.3369876066445,2.72218145939799,1.65741441209388,1.77168860715024,-0.00572268340464232,1.03058099695679,0.871255505222476,0.980414341412949,0.0997719181094898,0.689718859771611,0.194382895962896,0.510209728373197,-0.340231259476916,0.489997144914058,-0.0700613623354136,0.39928621600407,0.0331245824735008,0.416159969327146,-0.171357435924079,0.331010099965292,0.053838181903394,0.312671216226874,0.0845709286625411,0.270494747535695,-0.0396426197873755,0.258122813632069,0.00147782502419802,0.487617297878547,0.00289006483134778,0.711992900671504,-0.00120838613515845,0.461529201753994,-0.000914108800049802,0.274079179426907,0.000858951439269161,0.251254254337655,0.000190935177628002,0.20547282879455,-0.000600252198360005,0.191362719810806,-8.72894919740153e-05,0.184717823460482,2.6148264651514e-05,0.146710453272417,0.000399608050150366,0.150143929935819,-0.00069641987692816,0.134915103656338,-0.000169762675174899,0.124775581536943,0.000466363713051234,0.118859674024033,2.80622049747286e-07,0.117645860821996,5.83723157306759e-05,0.449122753701543,2.9352184740263e-05,0.557905510597261,-0.00010360994619551,0.357317809381075,-6.15037947704931e-05,0.250542409781353,-5.22005633282813e-05,0.222914650751087,-1.32963174184765e-05,0.203358568283132,8.74890505859566e-05,0.186666114482332,0.000108952227282828,0.181084423549391,1.80831791520992e-05,0.157097781590842,-2.93459370872641e-05,0.159266470562723,5.80112720551484e-05,0.144883285307347
103-1241-0006,103,1241,0006,unknown,103,0.225363759213431,0.0806334243628507,0.348590294963816,3.01884862994341,0.1693958321929,0.215922571048885,0.282647062954601,0.480110711479769,0.188961690224866,0.0184205497512228,2.25018391215086,0.32421875,0.490564123376623,0.620535714285714,9.28300071805348,9.94017302518888,-0.0931468356873463,2.11838535642497,0.95217525625954,10.452758328854,16.8699779474187,8.0478576925874,12.5764814003365,0.329936601730306,3.00941290730825,0.198098833947955,6.40178335371186,15.5549742230304,0.0299151871054755,0.0227968513280831,1.89925797362229,10.6385446264629,0.0134953537440537,0.0269527420717814,0.0400293749013991,0.035465661899626,0.0127335312100164,0.46548762296441,3.37378060771991,0.0262828535669587,0.0350438047559449,0.0438047559449312,2.86389725974363,0.55794122322315,0.916583094419764,4.27174095868863,2.42384929074,2.80467131883011,3.2072472697162,0.0277209169674907,0.0302644231047496,4.25344155242912,32.9468443685758,0.00903064779082326,0.0222730371964324,0.0368008013312758,0.00497377243664267,0.00518136068954536,3.933592997188,30.6898995768628,0.00166203876829093,0.00391477613078057,0.00670111527807378,1,0,NaN,NaN,1,1,1,-2.55520310835542,2.05237316879625,-16.8003880914116,2.94292736644258,1.51672673170827,1.70887703450168,-0.00232987788585228,1.03529371505292,1.10870672520921,0.871772605149409,0.203686317582696,0.580559700186054,0.00823505957417646,0.490206732232243,-0.265493839659341,0.48585786182041,-0.0291179229922884,0.392030517058261,0.052875820705969,0.385133309523873,-0.182303842931032,0.308511117722781,0.045575666323317,0.276417997967176,0.0517900142515514,0.254173013019167,-0.0219486589859183,0.232355453755857,-0.000469989798360727,0.512462124418812,-0.000639759119043336,0.754641983082435,4.64098171624407e-05,0.469248980046529,0.000155275031884803,0.278793683111123,0.000304330503698936,0.25048074902009,-0.000532728899224949,0.202462468660622,7.88429592414735e-05,0.177549888757698,3.00279218943951e-05,0.179459028266505,0.000594882367666107,0.145286796283345,-0.000279360495023315,0.142336598520477,0.000104450343829311,0.131463170330302,0.000112604663774411,0.124843860147256,-0.000297450803337797,0.114874792526329,0.000317800562051855,0.114032992259725,-2.76926271980849e-05,0.494780337496977,6.97057260034297e-05,0.601810789017765,6.38818266869038e-05,0.374822559397732,1.63724545951697e-05,0.254923619809487,-0.000118222200267412,0.221297248460581,-0.000100282577546802,0.19931305263562,-4.59101535840721e-05,0.179105670722629,-4.35796271093032e-05,0.179642774720946,4.72875536954813e-05,0.157405528851369,4.33897867978005e-05,0.152487663389,-1.86832697100343e-05,0.145190618747229
103-1241-0007,103,1241,0007,unknown,103,0.208741916778761,0.0786198767295914,0.503839304713036,3.05180366885874,0.152890772938372,0.195104451540325,0.261189408900023,0.502933826116876,0.185077440023673,-0.114036362237881,2.45339597447143,0.367788461538462,0.523148148148148,0.636111111111111,8.02109623701739,8.89769328787222,0.000657170172002969,2.07241256219664,0.202249883992717,8.65511761920874,15.0568756680328,9.85444507586318,9.34207801395901,0.412136049560677,2.88258176863049,3.16235672118146,8.85380112338303,15.4580831246759,0.0298069417533798,0.0252744900300639,2.02122197932076,9.80979637233275,0.0116984033472741,0.0245682120641416,0.0414403136333295,0.0355419439862742,0.0151485595880906,2.69916552655959,24.3572439704504,0.0250312891113892,0.0337922403003755,0.0425531914893617,2.90624781314265,0.543129897253997,1.29151989784247,8.31774078894636,2.50130922581177,2.83517015690644,3.222675986168,0.0283087060552604,0.0294848692733619,2.35855396300299,11.7653962243169,0.00763875559716829,0.0210049734296378,0.0389690451393355,0.00479332976334421,0.00456007162962773,2.03290393895064,9.24491150511824,0.00152493576523361,0.00363898863879186,0.00683609715763563,1,0,NaN,NaN,1,1,1,-2.70194584687946,2.08022010338661,-16.8898580102895,3.24434560109668,1.6305756750356,1.54331807489779,-0.0584591870813667,0.96215171378596,1.01312210862092,0.878492375792592,0.10665995235511,0.639431891093697,0.0673509422566714,0.496767845294614,-0.195406940396952,0.472446132598882,-0.013129187237889,0.406644817325564,0.0427703059648941,0.399326745395953,-0.178371509721786,0.314249669092974,0.0900383044708378,0.247143639505948,0.0437823136613028,0.238890847172032,0.00362462188235353,0.237011443572242,-0.00102097299967632,0.508365670960964,-0.00278192676413488,0.789145905409259,0.00110387553303975,0.442512342541027,0.00108034396048918,0.263972966435208,-0.000977178637296844,0.261008123276526,0.00044298968207222,0.21006909292566,0.000318599383619762,0.169366036587454,2.81445310766468e-05,0.177849515947773,-0.000382732047045983,0.147405092372886,4.20308508269993e-05,0.140511160460247,0.00025105174739258,0.134781411387492,-0.000177342864041449,0.123262410118757,8.29980838579739e-05,0.11666142737449,-1.28012452506344e-05,0.114841924966398,0.00018402714254412,0.493027104233318,-2.39390493273276e-05,0.626965748121785,-3.97667119321661e-05,0.362531586449261,-8.38712748717058e-05,0.245148475234895,1.14544307591789e-05,0.230638594807647,4.42263545876606e-05,0.204025077350413,6.30779632841504e-05,0.175450264016061,5.40600866088206e-05,0.172997525143577,5.57936277143656e-05,0.15562948248308,-5.91675069753067e-05,0.152205814695345,-6.85284821271253e-05,0.147505770693193
103-1241-0008,103,1241,0008,unknown,103,0.196243030461585,0.0796595417559635,0.751868044682138,3.87539224847074,0.140671634243916,0.184664397346629,0.238392096293276,0.485825518396229,0.179218401020114,0.127181072456935,2.6136671915308,0.36,0.483916083916084,0.612912087912088,10.353197446186,9.87349350532901,-0.00826931780756422,2.15142993285908,2.28012024998533,11.0377235740357,17.8084116303693,7.19428895286434,11.4338829870158,0.0576957042570684,3.19075795547588,0.0557647289117951,7.04069570888143,13.5970319923412,0.0399061010873885,0.029382197228683,0.836454276332531,3.58735405905975,0.0163591738198605,0.0352020424820489,0.0585034388949921,0.0395507638358419,0.015751052201754,1.21331183569381,7.64096051521879,0.0287859824780976,0.0375469336670839,0.048811013767209,3.01350565111966,0.612958271921439,0.805715564516077,4.0718558916563,2.52088289031565,2.94306913189349,3.40671175905928,0.0448963889379035,0.0378232923014836,0.911840265299487,3.35411948997158,0.0119439255700109,0.0397486042492816,0.0638531534063528,0.00746238737116241,0.0063246379891963,0.979190234941356,3.44538622486679,0.00242148731956942,0.00595253547779558,0.0113082222497518,1,0,NaN,NaN,1,1,1,-2.03342853550865,2.390874619406,-15.5146673496209,3.4316111003853,1.51384184228315,1.47176188734886,-0.2524826075032,0.952801375243556,0.80785440062225,0.959966171388297,-0.0155277162418099,0.668832121648662,0.210081119757497,0.481334729292199,-0.404982353908699,0.505701734455516,-0.0654024666719697,0.384376744763518,-0.04372450615202,0.457831948584364,-0.0883052072958159,0.35230540435711,-0.00832529050327328,0.269373108061682,0.224493186821665,0.262499684494362,0.0377632171307336,0.233942914155778,-3.25550420177912e-05,0.555759488062253,0.000442253525968255,0.81756170237125,0.00011216131338,0.446554865734928,0.000163763739624705,0.274857053525011,1.10674210975477e-05,0.250661570601553,-0.000391427906666018,0.213219765869719,-3.90740513259965e-05,0.165088505026264,-1.25962598060599e-05,0.191668070725102,-0.000125185933511979,0.151038605064786,-0.000471927853149599,0.14209742700252,0.000490979571087378,0.138886008075188,0.000227808642705109,0.124188715492655,-0.00017937308636019,0.116209971404146,8.58180032312015e-05,0.114732000669988,-0.000104367627115996,0.493563641987291,-0.000365622789347,0.617483809701854,1.87578589044901e-05,0.358590031536261,-0.000108546745141937,0.256216778261821,-3.91156755207517e-06,0.226131898338304,0.000207818579113488,0.199958608540085,-5.0143280349847e-05,0.174900113586611,0.00013080334332949,0.185628702049835,1.60217301259847e-05,0.166066743183526,5.36828272819138e-05,0.152419461053924,5.05069106912594e-05,0.150348840952593
103-1241-0009,103,1241,0009,unknown,103,0.28928376349433,0.142467771755185,1.21466300535674,5.52628443354464,0.187602704935099,0.253188562269822,0.375821449231852,0.443627242454551,0.183303432035874,0.348575209389349,2.79671019144097,0.304976851851852,0.438271604938272,0.565843621399177,8.32152067142423,7.80731412818267,0.506498961189122,3.26771978783728,3.31842346868839,7.15390858984279,12.5493510342833,5.98094227020033,9.70047397560443,-0.289869697458579,4.23946264942431,1.25050657401486,6.55290471778874,11.1122500308549,0.0322628012425428,0.0292496679131473,1.42760921934114,6.32983184866088,0.00743712094563896,0.0270306718765482,0.0487124273221271,0.0355467783502826,0.017089497358922,1.27452509955274,5.86723252715962,0.0225281602002503,0.032540675844806,0.0438047559449312,2.88689646642633,0.649687493797981,1.28683157831222,5.60643777763678,2.38498966727852,2.72574577615672,3.2472152239601,0.0342981243644764,0.0431799986330258,3.25916969298579,19.883554068297,0.00405112521349494,0.0242946361865475,0.0492925592540252,0.00569647263294403,0.00627189707662358,2.17787953343325,10.5615778564647,0.000893894703540103,0.0040928270991481,0.00833979982251395,1,0,NaN,NaN,1,1,1,-2.86304955805777,2.51705535903873,-17.1480617730343,4.02621740021199,1.53653174657445,1.68226334064947,-0.120585633470677,0.97918879594042,0.840056797853803,0.879045624863197,0.158016410774908,0.602640262431304,0.188749521575798,0.451823786728202,-0.197068777557003,0.477564892931133,-0.073375654621518,0.362299548892616,-0.0144110745234574,0.416461056604938,-0.142402579700892,0.299538681422041,0.0236398804304264,0.254096527102033,0.177178814637904,0.241858550136321,0.0573872056819523,0.21985898588601,-0.000191349235479168,0.50441302893221,1.04944705153135e-05,0.77213686886131,0.000382526098207998,0.462322153969991,8.88557071278335e-05,0.290894524525896,-5.83847466403735e-05,0.256428819781183,9.87088237191668e-06,0.21003167643327,-8.60000196434037e-05,0.174838158137029,-0.000115321827562503,0.183178869753958,-0.000191261534793827,0.143832251893801,-6.14032356879275e-05,0.150745245639033,9.14175455849719e-05,0.131099660384254,0.000260738233340192,0.118233316069576,-0.000229714466933314,0.119159214725233,0.000169299811534345,0.114489521888162,9.40280860899691e-05,0.463919362883448,-3.71248034556358e-05,0.600732463793137,7.08005013881638e-05,0.361276012830946,1.95272438621551e-05,0.27007947136914,-0.000126600436603666,0.228435887807437,-0.00011276288487626,0.207240935410266,-0.000102576113299023,0.182872482377596,-4.27405791817124e-05,0.181929115579135,-1.10595486324442e-05,0.160148045456591,6.29172421079605e-05,0.160921968570662,0.000116870373263421,0.150285916423788
103-1241-0010,103,1241,0010,unknown,103,0.189150047654728,0.0727817569001816,0.584739613061991,3.23226974512264,0.137236294930958,0.176207731262706,0.238214739584405,0.529735374721263,0.191195965248062,-0.12390150679889,2.53441744723916,0.394366197183099,0.542795232936078,0.664906103286385,6.30742599298043,8.83386201137062,0.174752316623716,2.15595359684441,-0.489349442125445,5.34949390433372,13.3746000390706,10.4401607808977,9.88822551474317,0.524660528879008,3.20003008969515,3.99062865996812,8.87356908077838,16.2254467890913,0.0384844805899419,0.0279832782121065,0.75567464459377,3.25049255338355,0.016318325844176,0.0341438016949178,0.0562638118144427,0.0392191123300841,0.0151143674779023,1.18960269363427,6.80054225102606,0.0287859824780976,0.0375469336670839,0.0475594493116396,3.05066945543092,0.648153592335943,0.76472080115566,3.50827478257342,2.51782463630583,2.98484374392615,3.4612023608469,0.045355377627892,0.0445225007381135,1.30382035782151,4.08527313129159,0.0121996684366832,0.0323116846452358,0.0644915628422394,0.0072510024692984,0.00637028706473424,1.10592476408227,3.77602338812906,0.00227332271557929,0.00550559133768515,0.0107853794176283,1,0,NaN,NaN,1,1,1,-1.98055623879761,2.36193716344595,-15.7786006277443,3.393377032379,1.81095571547864,1.65542746418584,-0.346822964778251,0.958837353442203,0.971486748689357,0.856412942213858,0.0649629356849595,0.701930166539207,0.0361924846438263,0.464053526466918,-0.415974099680552,0.544714739166553,-0.0199325543436361,0.39977863322685,-0.00185528032601647,0.370481009648669,-0.103195544412517,0.341048701614912,0.0632609372225866,0.288951584867125,0.11047349675405,0.240231508407148,0.166684708529707,0.239709794415893,-0.00020075534702453,0.498024585287382,-0.00188793663968962,0.788669979806008,0.00166339750291469,0.447364048385741,0.00074739276049377,0.262501772681559,-0.00042100758724317,0.246413034698278,0.000489026281780384,0.208378332849681,0.000438669095843267,0.162067801308218,-0.000320298278818992,0.194968587763502,0.000118663604067787,0.150416558616026,-8.33333546394988e-05,0.140590808565146,0.000115807207100226,0.136396109783841,-0.00032871278556053,0.119189334468934,-3.80509865763383e-05,0.119396281024103,5.44783595339211e-05,0.112099677322992,-0.000128702232773596,0.43166432920441,-7.79276849899317e-05,0.603807975700743,0.000120284226070269,0.347790229937129,8.20309104216932e-05,0.243097248122526,-0.000166085100788992,0.210073923076102,-8.23217064341617e-05,0.197939446349522,3.11805512013951e-05,0.168643685501234,3.76674930122186e-05,0.190134430193091,-4.53425273216667e-05,0.160539928468887,-3.92067232569441e-05,0.154176469881683,5.83874024452082e-05,0.147765200570462
103-1241-0011,103,1241,0011,unknown,103,0.227535775574846,0.0987569915522407,0.963653495105221,4.05318528162548,0.16010751853396,0.205959797820621,0.281141994946512,0.476847350265658,0.192456282767527,0.223698112441407,2.47641208590917,0.333699633699634,0.468974358974359,0.615384615384615,11.2242525791673,9.87154318024005,-0.222572236883232,2.32923067058057,3.44900378009814,12.9104912609259,17.9917797478242,5.60207632183723,11.8805845922257,0.3040714450354,3.54450350777505,-1.32874027624085,4.73517613213118,12.1939698594476,0.0361909002880705,0.0284433596820133,0.798744560212826,3.50338019356559,0.0116000066551155,0.0315154689743568,0.0547416977427223,0.0355777131386532,0.0154967739495742,1.20465994146671,5.82743813078652,0.0250312891113892,0.032540675844806,0.0438047559449312,2.92757318265168,0.618413109775201,1.01528568509491,4.27742253827219,2.42910353505052,2.81828330269585,3.31404568497131,0.0369006537830139,0.0358315436188314,1.49398642988393,5.89375160843833,0.00643570725812439,0.0290503273541989,0.053111499120094,0.0064126150237255,0.00621773918476285,1.55519657354305,6.30862302515276,0.00143520927119756,0.0049324854947659,0.00960561207690275,1,0,NaN,NaN,1,1,1,-2.42584969929762,2.44567002853545,-16.5221304448776,3.87640960906518,1.57283014572686,1.74691584534175,-0.184748945450553,0.898221335573789,0.921148280612948,0.845833108213287,0.212989746654176,0.546447789868602,0.138871216338276,0.433157067759208,-0.354794964683815,0.505655973458677,-0.0573862589577204,0.416586406975866,0.0356083288611695,0.416249573162215,-0.136721026457228,0.339200885576231,0.016143126999391,0.246835493458632,0.128123597340513,0.242381264703558,0.128906689554357,0.246181735227392,-0.000649733923249394,0.480528135088306,7.00190169712588e-05,0.779770602348973,-0.00141352030491231,0.468819605097779,0.000216742433023501,0.279266968893165,0.000394453053596672,0.229458637805554,-0.000641952184358677,0.191449468117663,8.19325148677057e-05,0.170042077085241,0.000386164204165585,0.189155080691736,-0.000248574106458891,0.146332010183236,0.000126910334915928,0.144234300162409,6.56405076962751e-05,0.129541211040407,0.000466278701052209,0.118183756034288,-9.58308352391796e-05,0.118205673385111,-0.000191867789759827,0.112341422205034,9.69590612263515e-05,0.447724615038927,0.000162379542832956,0.615955154976898,-0.000235221976240438,0.362353258897917,5.21285409077706e-05,0.269588835515019,2.16737721556187e-05,0.20734166770907,-9.71521107279641e-05,0.193648746543042,0.000190304188750366,0.179336901817509,1.55699211213634e-05,0.188655628766777,-0.000109991081343615,0.159856788874636,2.57745813105318e-05,0.152162515682989,-7.91402623647901e-05,0.145885963419235
103-1241-0012,103,1241,0012,unknown,103,0.199613645206969,0.0792161254127262,0.902837640062583,4.72661467632193,0.149696335617106,0.188802402467585,0.240266688641835,0.507112801118655,0.184099441748672,-0.000539363179388305,2.53355659070484,0.371296296296296,0.518518518518519,0.638888888888889,7.27088089144732,9.46179588870566,0.0678778835525627,2.17491607719129,-0.440065835049324,7.41497299068677,14.4077776874256,10.4594839551267,10.6908242755691,0.279066950314677,2.99457320558773,2.96855241000086,9.47513406070753,17.1693433810942,0.0344948722164421,0.0269448222653976,1.10558171822533,4.80954195034891,0.0118888498697694,0.0311048377988197,0.0492549125345603,0.0367636587233371,0.0138316385591709,1.02587206226295,5.54311327929615,0.0275344180225282,0.0350438047559449,0.0450563204005006,2.99213809562964,0.608335328548048,0.902753433623645,3.74291226354252,2.51694016560749,2.8833225549378,3.35122972728329,0.0331591933334308,0.031815941338184,1.65199431984148,6.797878335206,0.00793539171021122,0.0254537902915399,0.051162780569524,0.0059703772800568,0.00547980613622917,1.46209496933023,6.01211233692424,0.00159301371638821,0.00471010256648973,0.00866192631430088,1,0,NaN,NaN,1,1,1,-2.22340834934458,2.45935798791702,-16.336502105178,3.47641093573162,2.00144295952818,1.6659746265301,-0.346893782718242,0.921064388324728,0.883868110260465,0.951023301938288,0.0864554567570135,0.705241929486645,0.093857808182414,0.461250038401744,-0.242816445412995,0.449885841345005,-0.100635713642396,0.385909490309371,0.0601639210472158,0.406303730172533,-0.109990722731263,0.313785452960713,0.0456527612020088,0.270113148498243,0.0732435603345097,0.273424651940068,0.0638647510028365,0.25227997287083,0.000679125692666756,0.527891554069762,0.00226830570148539,0.796618937428437,-0.000179477627580475,0.431736697548709,-0.000742334966922005,0.282169365569458,-0.00048712292428761,0.237343893157661,0.000200833814659724,0.213102810830402,-0.000222674068986829,0.181162697902867,-0.000288941257778942,0.182727170357295,0.000456540518362649,0.146821239326547,-0.000186830647745312,0.137756317358561,-8.1456593621723e-05,0.131994011920584,-2.21467754674338e-05,0.1190442467177,1.43959697988167e-05,0.122401203454536,0.000299839602698398,0.11290534488712,0.000136488746731185,0.496276506794053,8.44609764458595e-05,0.621148090892694,7.96428693560725e-05,0.343489334395513,-1.32242004392926e-05,0.265667446308257,1.27173067675193e-05,0.217429801096467,4.55988384145099e-05,0.207070370302826,3.5063108758861e-05,0.188045811185935,-5.89848300712683e-05,0.177664631856359,1.93835983355885e-05,0.162905165034342,-4.30268707099572e-06,0.14549602158555,2.15283714705908e-05,0.14702698890945
103-1241-0013,103,1241,0013,unknown,103,0.196332604734149,0.0758926872435089,0.52182691818289,2.98498797189571,0.140962476931957,0.186052771820488,0.244090737386939,0.514311581722073,0.184248588492532,-0.155498048951067,2.41199108286392,0.373333333333333,0.537,0.646666666666667,4.64258619542743,6.95811261490303,0.137973750320596,2.74444115481188,-0.288665147179815,4.53789135558014,9.44269254149623,11.8914400792298,7.95388826531046,0.797292228309607,3.61317600708646,6.55756560983006,10.0294861674533,16.1036172035212,0.0330455580890773,0.0269239262636761,0.989960529183715,3.60206326585567,0.0116131755558981,0.0273689690390934,0.0476590887586243,0.0372240859639206,0.0146607265768921,1.12341851244659,6.05581909234113,0.0275344180225282,0.0350438047559449,0.0450563204005006,2.95973570960226,0.591873408970314,0.924760424199425,4.14432587495706,2.49673448700909,2.86860803650173,3.31373511729066,0.0328283277959459,0.034476195732116,2.10385239703067,10.0222079720664,0.00688059522373832,0.0240104681114399,0.0455797668398597,0.00573666654471174,0.00545782961289168,1.37434901770244,4.94307013788866,0.00143567298171343,0.00423847546921477,0.00842006611466641,1,0,NaN,NaN,1,1,1,-2.39411888714266,2.47721308697407,-16.607805139832,3.68794126731223,1.92515550556633,1.68711245380294,-0.406624491080995,1.07758336710355,0.883014967996522,0.828290375885117,0.100800902723837,0.580415622312135,0.152056746169278,0.470956649092215,-0.162017003887278,0.465294342981281,-0.0357044288006655,0.391798143646002,0.16423258457635,0.418589421282797,-0.127369302788161,0.292185735863408,0.0267459932966141,0.250868943810172,0.115395753636562,0.237169628802673,0.0335521091999968,0.255340214602709,-0.000414082820909109,0.482251193374526,-0.00108205198211896,0.7355392096129,0.000248893541131254,0.457082064248518,-0.000602458384304227,0.278756751359443,7.92506983155808e-05,0.228259312394106,0.000105490373772494,0.195471634699412,0.000150433803471405,0.162887088485821,6.25658103279092e-05,0.159427487123492,-9.8437205154737e-05,0.137282559396201,8.93906930597161e-05,0.147052972334363,0.00021157212334889,0.129489506988398,0.000185888699990104,0.118372271099498,0.000121460243889188,0.110752360885399,-0.000164261714325144,0.115052842067237,8.55458234259271e-05,0.44319017115858,7.46318252327306e-05,0.570569831017582,9.10634786117044e-05,0.348654466341808,-5.84039181453091e-05,0.256618412201177,-7.23103117223327e-05,0.212134388021764,-2.86332683772432e-05,0.188946694746703,6.30683727075876e-05,0.16917564226915,-6.59939638345678e-05,0.158852318390269,8.43063691670601e-05,0.15144412468301,5.50149373722055e-05,0.155324315554623,2.58415362064278e-05,0.149503366033796
103-1241-0014,103,1241,0014,unknown,103,0.200476982177526,0.0784136340494277,0.878092848721823,4.95673203981844,0.149802355227153,0.186888091892252,0.243266144601176,0.519464720311704,0.192770815038554,-0.0607820585330854,2.4325110683936,0.383802816901408,0.525821596244131,0.661971830985915,7.39204507069269,9.33776144444197,0.105131250029144,2.11308353105233,-0.37832275070276,7.68714238419356,14.7709935140584,9.13373769712728,9.72728325995216,0.327102603911007,3.37468842325191,2.8719880657483,7.77853613760878,14.718716728967,0.0320953959512401,0.0255739601030648,1.1556212485909,4.54438191024369,0.0109402054463044,0.0282116639421808,0.0449835229279043,0.0363749916023259,0.0141457397474771,1.03996494278454,5.70211462809782,0.0262828535669587,0.0350438047559449,0.0438047559449312,2.98191153810267,0.60595120020359,0.902084732767818,3.8909965030397,2.49951404912942,2.88770003435417,3.34691805963448,0.0317816071332716,0.0299092042061669,1.64459178934339,7.37216195122686,0.00690980879580724,0.0249815799727716,0.047138329567696,0.00554629469621715,0.00520422597290482,1.51202606524585,5.7484064400991,0.00140286300661637,0.00430443025812668,0.00790574188888204,1,0,NaN,NaN,1,1,1,-2.34195897563008,2.36322213367979,-16.5026867886119,3.32242706113342,1.80206515494704,1.65174102485596,-0.369971796734602,1.0130228975922,1.11093484277323,0.867294857728272,0.152693188666623,0.538460557592636,-0.0335765332090859,0.441732809982602,-0.22208321370059,0.476909938630978,-0.105379237673401,0.418039042153622,0.0786375196068634,0.439214831685342,-0.120868988515288,0.308344553500799,0.0459455265746899,0.231934848965507,0.0827745283326143,0.25369022957145,0.0604198991494334,0.231767952451626,0.00108859695074229,0.522567381720535,0.00304640839632793,0.796122179960012,-0.00102135834680631,0.431694222191776,-0.00120857119163334,0.275771952066347,0.000995137649606122,0.243398274313439,0.000101126616496509,0.185481947691239,-0.000329774756095456,0.166148909746095,-0.00024710518740016,0.174716656167995,-0.000134652081432589,0.143665961955538,0.000303985058848384,0.145185059761518,-0.00057070016626297,0.128039258613111,0.000226582225650329,0.114279551998501,-4.81215507284289e-05,0.115876029453368,-0.000134966863640097,0.112391225597026,0.000146239495557514,0.490975691187295,0.000129240601251355,0.621140027878464,-0.000202816586788746,0.355624149905286,-5.45276421721521e-06,0.259968857140281,8.05963307282819e-05,0.227253253893044,7.95566569688854e-05,0.186208630025648,-2.2531789965999e-05,0.174707918181923,3.77000502952573e-05,0.173381102814105,6.84627185918895e-05,0.156670744326449,-5.70714782916926e-05,0.153554928889886,-1.96416757411974e-05,0.143945925436287
103-1241-0015,103,1241,0015,unknown,103,0.23252388948588,0.0868591516936552,0.466609611948058,2.95349418355985,0.172414618859084,0.218926780507012,0.289101591893791,0.483893211857101,0.201991110945265,0.178380065319845,2.30253114333564,0.322222222222222,0.485260770975057,0.632094757094757,11.7638102381976,9.6751655991628,-0.238172601586547,2.43241755003582,4.59160298118763,12.8031961426537,18.5846364735642,5.77059653072082,12.3450800068558,0.0927654946361453,3.16717022265623,-1.13602523573493,5.58662709503809,12.6994753419405,0.030765325292075,0.0264143021097159,1.29041321029426,4.99285091142007,0.00894974350107743,0.0245347357560183,0.0456525345496584,0.0366071404574258,0.0151125167659802,1.56343815786358,9.19778360216977,0.0262828535669587,0.0350438047559449,0.0450563204005006,2.90397456733131,0.598364792291349,1.07430132082281,4.97160959710237,2.45006937903723,2.79944395594936,3.25312360866246,0.0299780402355216,0.0322576763502981,2.2813797975389,11.6593737288985,0.00544047155529345,0.0206332869796546,0.0426180180672641,0.00542597024728485,0.00556758514669006,1.79743733689785,7.85191777975232,0.00109495442572663,0.00382063028613557,0.00788978976053843,1,0,NaN,NaN,1,1,1,-2.65014104511492,2.50641689558175,-16.9757074774737,3.47993872854296,1.77141725115341,1.87505585165651,-0.311784967647661,1.02502659629448,0.727245087721146,0.918893060639017,0.266694108870939,0.669760055709358,0.0657685578386426,0.511487468780255,-0.245635042168579,0.471960525334329,-0.0755855165379019,0.400941228004413,0.0942958053435803,0.38776105401934,-0.166076897679224,0.353995224226621,0.0781264924892664,0.274346051243271,0.156234258246101,0.262570068322263,0.0401259648711183,0.244605030671956,0.000780140023378337,0.531909648069823,0.000766679531255322,0.727398711785089,-0.000434268436692058,0.445565389847401,1.98855792066376e-05,0.266025641220111,4.08139431227685e-05,0.229781954340656,-3.88579802877588e-05,0.19413587307402,-0.000421498489563653,0.160773487765458,0.000286238103564316,0.167244252580321,0.00058478983322311,0.146131589767603,-0.000244241830323254,0.136987274153182,0.000561935203704084,0.128933422592775,-0.000804660376073243,0.122631505021377,0.000112187126871848,0.116323341298647,-0.000117310763011639,0.111325269988432,-6.15432110982977e-05,0.505297237188021,-2.35374004100227e-06,0.556727395158411,0.000152391239575559,0.337940076270251,3.0846858454286e-05,0.245498307252477,1.49222879665753e-05,0.207906893900457,-2.06585866792558e-05,0.188397630929944,2.46869094781451e-05,0.165872476210862,8.12312285243133e-05,0.166218831196537,2.79405323534544e-05,0.165587477831943,-7.72175356599297e-06,0.146243808117137,7.08219518969935e-05,0.145289794884375
103-1241-0016,103,1241,0016,unknown,103,0.203418206269311,0.0804648083752278,0.755304395104588,3.60234462110009,0.150059210054293,0.188249073896232,0.248591777008868,0.492490141219377,0.196176764724473,0.0420995009788947,2.30376296028327,0.337174479166667,0.5,0.636393229166667,9.25192433147565,10.0977514820348,0.0723659718157769,2.17482197029054,0.979261845704114,9.5211147370884,17.3213269109017,9.58946688579814,11.9301203331089,0.437188006492116,2.84381913615097,0.865361846112776,8.20188352352184,16.4873458936861,0.0339026434753192,0.0247869953200089,0.966673852468331,4.01383568169322,0.0140694195424683,0.0307264599310772,0.0480731449425176,0.0404335789093411,0.0164629885363055,1.30790744403274,6.09264397569888,0.0300375469336671,0.0375469336670839,0.0475594493116396,2.98245014991437,0.674906793215503,1.10578526814277,5.21173493952859,2.44363128109003,2.88433844643199,3.3780504593525,0.0350743126242912,0.032760788135622,1.8672149857781,7.73462148533267,0.0102018504582958,0.0298212293400997,0.0467542036428948,0.00636775843313923,0.00559851297014497,1.46606874136877,5.96138732776054,0.00194880254513446,0.00516757655690356,0.00952747574022083,1,0,NaN,NaN,1,1,1,-2.19533186579672,2.33174378640507,-16.2297124911244,3.15394943218633,1.56238713972761,1.77160343083135,-0.0813171555555787,1.03545490791943,0.901765202590151,0.815752301910017,0.167071889660444,0.603156829905434,0.0332487139974243,0.504517697897926,-0.286687657308249,0.521754579787156,-0.0295994163097808,0.391637406112478,0.00515517712280656,0.37129552091207,-0.083791681955643,0.31401952508426,0.0266502359188917,0.262743642397983,0.153669726446376,0.248558860412557,0.0382639952929487,0.241589759265676,-6.06155849254056e-05,0.60653448937194,0.000411190183277517,0.85162906888124,-0.000457494126296874,0.472267717445935,0.000242525728242527,0.284666613385413,0.00052524710185628,0.245709212419421,1.15901428114511e-05,0.20886547592878,9.70491306115312e-05,0.17270247913508,-0.000366811595162149,0.186117083657994,-0.00057259823802653,0.149567882371732,-0.000135776046708158,0.141876013382185,0.000163634250581383,0.131322217235813,0.000902423319443202,0.121942426238259,-0.000452936750835392,0.119234390957897,-0.000200776604226061,0.116388859876775,9.16496911576566e-05,0.565949881909647,1.21958127301144e-05,0.666104092257185,-3.58127097125648e-06,0.377085886894019,-2.09011778788994e-05,0.257738411934222,-1.83472590054055e-05,0.230586131010838,-2.31115375086805e-05,0.202319095194791,-0.00010323703234959,0.180122617651773,-6.09190487995215e-05,0.179229053601763,3.25775967049385e-05,0.162736685606498,2.72828243052149e-05,0.154602083176097,5.66482898861224e-05,0.148344854211144
103-1241-0017,103,1241,0017,unknown,103,0.210176225347458,0.0769939634235162,0.711029711842042,3.55588971450576,0.158220976318532,0.194766324587147,0.253955946415825,0.473287177065565,0.189598390187614,0.194606486720334,2.42531657944215,0.32843137254902,0.470588235294118,0.611990950226244,10.0537630145854,10.8021899236661,-0.218146584785828,1.9942736050292,0.250210802024356,12.1797384494822,18.6025790537838,7.68905690940744,11.8561803892185,0.404172319520391,3.04893745946718,-0.417322873992848,6.74126103561763,14.4578408216295,0.034884815522055,0.0273867153891962,1.13117209117897,4.43798554115381,0.0135076967347244,0.0300570064132962,0.0487796728294994,0.0375540403422258,0.0152299958122253,1.40741995438656,8.69091577548154,0.0275344180225282,0.0362953692115144,0.0450563204005006,2.93436937173579,0.620441769815422,0.886479727251329,3.89545539450526,2.43535228942885,2.81393934917071,3.35366918953248,0.0335402114600628,0.0318559491954881,1.70569747110736,7.12468712824135,0.00881404116411071,0.0244996945990957,0.0493768677004686,0.00620454936301757,0.0059248814915707,1.64321562495322,6.55299455133891,0.00181848093090015,0.00438900360310266,0.00864929935755527,1,0,NaN,NaN,1,1,1,-2.30289192439616,2.34431068615116,-16.3167571582692,3.32498270438143,1.52388922058625,1.78192173096012,-0.267968743795874,1.0773110715774,1.07944452657756,0.858861037848962,0.218370856296464,0.580535472259445,0.0724015525687732,0.444173910657288,-0.298973947503345,0.47085939162517,-0.0917732207856588,0.416958937485556,0.0695253917780336,0.367557904596556,-0.0861475894324947,0.290046272487617,-0.0149733369557848,0.238390543391014,0.0374579211426343,0.255585345318311,0.0517859533172933,0.242258548890549,-0.00205700707817496,0.516614089479885,-0.00503703186147281,0.730463637624773,0.00133581196817815,0.465519465899335,0.0010350453436706,0.275856087978519,-0.000460789092986596,0.249575122434348,-0.000247052329948951,0.191910195674467,0.000622450617778021,0.170558027817976,0.000789543071392659,0.184349488497992,0.000468617299210276,0.150234460989744,-5.48609114863906e-05,0.135329715624512,0.000366592692596415,0.124199068140832,-0.000111081025180407,0.11746102071356,-0.000256871509104516,0.119190395600549,-0.00023510098337585,0.119942072552336,1.68303950492155e-05,0.467696641999553,-6.92402936863054e-05,0.568868769163769,-0.000148137982631426,0.353467040503254,-4.14763795804129e-05,0.253340045813473,-2.60988805139383e-05,0.223313767000758,-3.38756897134736e-05,0.197396702214589,9.14332317558607e-05,0.181150800024519,0.000203713101736288,0.18814979684365,5.91692434117651e-05,0.16466078176553,5.28145718269917e-05,0.150333073758073,6.029647897381e-05,0.139843929878569
103-1241-0018,103,1241,0018,unknown,103,0.220745417772725,0.090154400964614,1.5212827349593,9.95067241599698,0.164741928231348,0.20671073967065,0.273314054785404,0.474268905381147,0.185470037679384,0.0608936802541849,2.37856493006419,0.336065573770492,0.479350567465322,0.610428051001821,8.71089287473295,9.96428555444882,0.0090812741766455,2.33544615723541,1.21182239760099,9.20591327021434,15.7319241465041,6.79821407837443,11.9344484481973,-0.172518241545448,3.58544879518907,0.91516517810868,7.81113952626993,13.06917201999,0.0337946744517416,0.0273855940005961,1.7914768221514,9.03548997755159,0.0149407823988934,0.0292828653309661,0.046726182597715,0.0394049537427642,0.0171439642358818,1.52665951167764,7.25873770282369,0.0287859824780976,0.0375469336670839,0.0475594493116396,2.89502589326142,0.566506599352251,0.928141033842542,4.05191302620172,2.46674545199317,2.80060073606343,3.2318869304183,0.0320536310353519,0.0353548473150587,3.90301208821606,28.8916963423893,0.00932227576504279,0.0231392386755816,0.0443237046411501,0.00593951579871554,0.00591474886444047,2.54158081098586,14.5375556244166,0.00204583562979463,0.00435692169565658,0.00790851018928323,1,0,NaN,NaN,1,1,1,-2.28807461342356,2.37530604385438,-16.6146088495653,3.21545451646514,1.3838608889824,1.61296299377388,-0.000219744452595108,1.11620424608133,1.10952152074858,0.999169236285193,0.294125045959723,0.571197230571031,0.0855116132169778,0.404788870277086,-0.198326840407031,0.433858912045831,-0.105707949668406,0.416424695922674,0.0546388692118374,0.403775771673185,-0.126206110823437,0.285170346271053,-0.0500072709245045,0.299263612328522,0.0642898992967035,0.287405773478172,0.0375895888574516,0.247134275521462,0.00399473528036081,0.538285103570763,0.00800301160281556,0.808092735991638,-0.00293045999400647,0.470507295306255,-0.00156287718931498,0.303448604250566,0.00164616384299601,0.271801244389921,-0.000451671058977003,0.212312654578315,-0.000366922336959899,0.169979578353443,-0.000312249525221429,0.184548698219226,-1.1425492630694e-05,0.151081899421544,0.000134811590821576,0.153200138890508,-0.000263279853771648,0.130989696997441,0.000531346708881492,0.131246387063177,-0.000181736718921576,0.123858935342422,0.00036760860351521,0.115311244461061,6.96266171138784e-05,0.522083693249175,-0.000222644102178764,0.657395446242613,-6.39511520914474e-06,0.372856062575474,-0.000287319090181843,0.290536974742106,-0.000325630105873336,0.22931478897645,-0.000138604915330208,0.207776352999378,-9.10065381228418e-05,0.178888687728971,5.88574999561977e-05,0.192613222206052,8.39970408297844e-05,0.169349899945914,-1.09350728783352e-05,0.167580550039808,5.83089817319598e-05,0.146237259168482
103-1241-0019,103,1241,0019,unknown,103,0.204511283559053,0.0829984256459352,1.10357640907879,6.52511565522222,0.149455790541432,0.191943295821606,0.251741332331802,0.463305236316659,0.192712681483463,0.172576213184169,2.36085649467304,0.315702479338843,0.472727272727273,0.592112299465241,8.71615510257536,9.06859799575417,-0.0126147491575322,2.2765017296454,2.3928050389557,8.67992414742052,15.3680853697354,6.48517774665728,11.7828155983677,0.236785638612618,3.36147957961525,-0.631622414777953,6.80794709109118,12.8136101956093,0.0351628781834214,0.0251231637617271,1.41104905911598,6.07606650161029,0.0161066403363233,0.0298417816592081,0.0496276148564874,0.0409236377686874,0.0160385064844658,1.05648031751322,6.11153212988999,0.0312891113892365,0.0400500625782228,0.048811013767209,2.98491355844767,0.671644434255384,1.19802982946252,5.7076102624659,2.45195279221314,2.93873343167242,3.36681836616584,0.0414447386739874,0.0408296511092169,2.73816317130654,13.7962025280884,0.0119566883920327,0.0349744228657795,0.055909706366682,0.00687162318806455,0.00602608911500915,1.62736382705454,7.01057741481083,0.00222248591948952,0.00473190495861915,0.0104384400386411,1,0,NaN,NaN,1,1,1,-1.87590173695275,2.15003614366988,-15.3771259543814,2.81214662108483,1.5322797011118,1.39881355050146,-0.403709230367062,0.948307468733968,1.10933274986871,0.775060019599446,0.00490757128243721,0.483287118821358,0.00429316332859523,0.483835020455822,-0.163116385500763,0.41441806984466,0.0222984002239781,0.333385593382966,0.0776003085264376,0.472991754852326,0.045238461728314,0.261072374658151,-0.0311128802796712,0.23370080864164,0.0278208899635788,0.24875942075498,-0.0245844136032975,0.258207425777761,0.00711341063489872,0.611265699318916,0.0157453602567345,0.966351203629851,-0.00341071122079055,0.447226168986006,-0.00538373600146806,0.299183886568393,0.00255081582534019,0.255201934416215,-0.00114511532275141,0.205538010386247,0.000712198448513272,0.190019234857357,-0.0007313180006969,0.195064789374294,0.00148943195100512,0.149183789069955,-0.000390550606107673,0.17692357645638,-0.00133887622655619,0.126985546481254,-0.000327739804155853,0.12430322946602,-0.000283398061953352,0.122678911723771,-0.000390406314648693,0.126355346983919,0.000122753781879285,0.537969791081873,0.000380897568996158,0.796286842298394,-1.89972744170078e-05,0.410005383238753,-0.000502060580544547,0.298108723842413,-0.000579679568914198,0.227542011634364,-0.000546899366405521,0.206670880255691,-0.000144739667401958,0.199261184626079,8.80876089546655e-05,0.202606109920758,0.000161874452097041,0.167544981982892,8.02562121154636e-05,0.184292694671146,-2.92785015011145e-06,0.146225827005672
103-1241-0020,103,1241,0020,unknown,103,0.215436435681867,0.0784562801309031,0.322433779009548,3.19015793429514,0.161275112468506,0.20917521243772,0.264017550503887,0.49184610766164,0.174737507236955,-0.0647577616885242,2.61976162099468,0.363699776785714,0.5078125,0.617815777972028,5.82391048057471,10.8895430535037,0.19720721369118,1.9798302064937,-3.31420146041971,4.33609679562155,15.444410405112,10.2543645113482,11.4302902217162,0.288508066332581,2.9826501297048,2.16463611976978,9.91825181040608,17.098960957493,0.0360396386205658,0.0267792368268039,1.3476269351208,5.29170049829928,0.0168428807722641,0.0301124420532396,0.0480771150049788,0.0382561966677582,0.0146450596267731,0.942637723570466,4.83169367574075,0.0287859824780976,0.0362953692115144,0.0463078848560701,2.88666042195566,0.544388947095192,1.3333562878639,6.25989257750354,2.47115668550783,2.792431353775,3.18759875076456,0.0326429889735434,0.0347456368030008,3.55130034327258,24.7311960456306,0.0102845473983904,0.0247199878447025,0.0412261567561955,0.00622551619659817,0.00601834336590623,2.00763889640434,7.69812556498919,0.00219095681842416,0.00455286051051927,0.00776808162344513,1,0,NaN,NaN,1,1,1,-1.74169055077779,2.21184779073011,-16.1522156514224,2.85554989890688,1.86891073532191,1.71080670234038,0.0114718252570781,0.989190344215355,0.93513836137461,1.04257242838381,0.130262638070925,0.678750153098552,0.151209904457029,0.480073386719073,-0.0662315570939228,0.430433028044138,-0.158567972825281,0.405709736391298,0.141646433258902,0.390718389031753,-0.125703400118811,0.310991480114205,-0.000698136428482031,0.294839467338255,0.0603007343332541,0.240199820758146,0.0486727324201525,0.223690565285325,0.0023787769580825,0.485529999929493,0.00330709640335161,0.800443413908059,-0.000781153222324675,0.435119775855738,0.000116696163579817,0.279099873199377,-0.000176797697273342,0.253007757055063,-0.000957426718701068,0.210008707277661,0.000332907638128074,0.193120908738996,-0.000332044322267657,0.172884692937821,-0.000110630086763559,0.145943276290963,-0.000579826279709626,0.151058959185797,-3.90753349438689e-05,0.13380662293224,0.000144888060678686,0.12066739171976,-9.00374228032162e-05,0.119395475166372,-0.000305102376160605,0.120800222243079,0.000291656917962419,0.417248240277197,8.10513735063671e-05,0.658294949575639,8.63489193782428e-05,0.361843978915436,-2.69153836807348e-05,0.264052550938998,-5.92168842442152e-05,0.238743742159958,9.57217798062309e-06,0.211653956846511,-0.000147748173444166,0.198643742602765,-4.55564977152774e-05,0.175435484411625,-2.96173427613645e-05,0.159874495452785,-3.95194788577799e-05,0.164594438286116,-0.000143491046080909,0.156289290286353
103-1241-0021,103,1241,0021,unknown,103,0.212678479701286,0.0881279223672967,0.842486154315742,3.70579565893692,0.15419102799091,0.195600601691494,0.25335663473277,0.500398360599884,0.195026750732046,0.00465604950848483,2.38455558805665,0.357843137254902,0.502941176470588,0.647058823529412,10.2772616570613,9.95978647365174,-0.0922103528921394,2.04435380903836,1.64844571006281,11.5932937711157,17.9014557949431,8.71228819447532,12.1484596971083,0.357604255899918,2.83664453299075,-0.107177714770124,7.69999483290084,15.9668714712926,0.0301812856812041,0.0247901442057365,1.32957523998555,5.7198267974828,0.0113611195726943,0.026472642020972,0.0428779803261544,0.0364119283847213,0.0140123933343965,0.581716500433114,3.53106163279844,0.0250312891113892,0.0350438047559449,0.0450563204005006,2.97615904218721,0.619665378526987,0.870012224409182,4.43746268616946,2.46730915620659,2.91129106037213,3.37026963928904,0.0304765743238668,0.0293382387348556,1.40718232074506,5.28983403483877,0.00668866572218291,0.0233920560230903,0.0440320805980214,0.00527203422848071,0.00517795080209921,1.74258843007352,7.14701563643833,0.00130876541844047,0.00401646258961908,0.00751443949735692,1,0,NaN,NaN,1,1,1,-2.6053744524124,2.46426349580878,-16.8234926257446,3.74939075006131,1.78549771241827,1.54868673313089,-0.214658036752845,0.969712876277353,1.0108803099518,0.897986604557679,0.0991744354301088,0.564338405364322,0.0636244724304051,0.461793269041468,-0.270005300557349,0.494645583956318,-0.0599389863280896,0.426978623114404,0.0768123195880789,0.384392796331466,-0.148417158470319,0.291177194762825,0.0971993654175302,0.259329607793602,0.080395599843344,0.237719562409532,0.0654404749535198,0.24020219240358,0.00211986211481206,0.531901121203633,0.00428365528548796,0.796662818043924,-0.00115282445972756,0.397812474952319,-0.00163027900188317,0.268109071031369,0.000632552303315898,0.259430881542258,-7.65721100945754e-05,0.191059838041044,-5.98184429735218e-05,0.168156766267444,-0.000443622038352289,0.192806519371586,0.000312824997606818,0.148417055860592,0.000241947869988244,0.135245324792167,-0.000579897699119833,0.132895091515852,0.000104232307324202,0.122906366898554,-0.000100098495209296,0.119755684054431,0.000205728008365322,0.11435497196854,4.20909933204216e-05,0.513655494706563,4.30968019579607e-05,0.623483847057103,9.86701552611718e-05,0.345816194630921,0.000172525316384756,0.248895788669152,0.000200342258824023,0.237327980154845,6.85003055229345e-05,0.192357993733367,-7.87359051532823e-05,0.173799768816326,-4.15006809509759e-05,0.192404109213633,9.24630094849005e-05,0.164048916542506,8.81063503161311e-05,0.152288373270633,-7.12658796757151e-05,0.153577634924136
103-1241-0022,103,1241,0022,unknown,103,0.230612723491713,0.094048029127446,0.808549844874985,4.80182486143665,0.163518904104748,0.215254706843173,0.293446895519056,0.470489517839457,0.199339956129074,0.224259597975936,2.22955885339931,0.312271062271062,0.45,0.623076923076923,12.3681950153246,9.27322459695272,-0.316068602846547,2.32885430253733,5.22308924685677,13.6753160290491,19.1413704252995,4.86874586522606,10.9937448567105,0.504437102645768,3.65438217242072,-1.74589817765328,3.95307994834606,10.8569306378797,0.0288127415938407,0.0251936827540475,1.02412771839374,3.63693478817758,0.00580949222171973,0.0241081494974155,0.0428474224327344,0.0350622214002941,0.0135567378390172,0.75068864461909,4.13218128442289,0.0250312891113892,0.0337922403003755,0.0425531914893617,2.9149298640488,0.625915496291765,1.48791608971292,8.74810168008478,2.43673071364383,2.76686598690603,3.26730933464516,0.0280962895350766,0.0283944070729201,1.61250986605272,7.09832230601195,0.00344438847382757,0.0220202682824518,0.0427120650730942,0.00493036516868071,0.0050897029526899,1.45680131432254,5.12166548542785,0.000678392997012693,0.00344186467570233,0.00745365919337864,1,0,NaN,NaN,1,1,1,-2.98166828877244,2.57867135627251,-17.3463774577225,3.86105705068453,1.73104604132543,1.62999109383766,-0.13966449379446,1.01281646946813,0.898786525941029,0.931751289102143,0.138843212789413,0.668664571095904,0.00703773384894921,0.514392624373481,-0.286402900081565,0.470369861304219,-0.024445608033141,0.441290139808632,0.0945535574294947,0.341241502109981,-0.0979641972801889,0.312325382413112,0.085672958879757,0.239532032163021,0.0411234064280521,0.254541840913537,0.0705520625598928,0.226817037742306,-0.000404021398567698,0.528336298331209,-0.00043145552216434,0.769761281175962,-0.000187195384681293,0.451506201445669,0.000662125698163091,0.272916779076533,0.000542255853620492,0.248105079182865,2.32465853986557e-05,0.184930455397753,-0.000308863960874582,0.171616075080672,1.64946090409175e-05,0.18351786684912,-0.000408381981183009,0.150087054164796,-0.000671042457771073,0.141089277614299,0.00034369618606878,0.132618458501509,-1.60537703817577e-05,0.118970346877819,-4.84696029704149e-05,0.115811043356893,0.0001010585499636,0.113159904492895,1.15864183930648e-05,0.51587361286901,0.000167750220834171,0.605567329124256,-2.6243857911294e-05,0.356336219313045,0.00014184786864438,0.244730864854429,-4.43008293501192e-05,0.224347574255074,-2.80278256590161e-05,0.189194530492757,-1.08796837271847e-05,0.171372938078222,4.76491671436339e-06,0.183350500641465,-3.64896145637351e-06,0.160752626801111,-6.19766537748042e-05,0.154364495067262,-5.19963274198985e-05,0.147881969727531
103-1241-0023,103,1241,0023,unknown,103,0.230318567006069,0.0936185025703806,0.702476164253892,3.26936869287271,0.166496810997208,0.212384417899353,0.28157445321026,0.45481433843491,0.186512281040973,0.291551535100863,2.57009872970703,0.313559322033898,0.444915254237288,0.587570621468926,8.27381956485363,9.08867255725043,0.0954204565162338,2.50246355488529,2.63037031458799,7.32729789975897,14.8611991964151,6.41716613523867,10.1906914250999,-0.345346732035869,3.42660853789607,0.685699333745325,7.97183853504995,12.4694471969299,0.0321298935883842,0.0259656684531308,1.27405627286688,5.70094758226809,0.0112597917690389,0.0274913912801823,0.0457575646586781,0.0385441212218821,0.016092729795151,1.4288395567299,8.47297607554247,0.0275344180225282,0.0362953692115144,0.0475594493116396,2.99100618530137,0.652160778139795,1.31773856007382,7.37016537419347,2.49190686615615,2.85727068742274,3.3987175708516,0.0334098264396863,0.0433270749788317,6.0910914240814,62.9928666735703,0.00750735682501027,0.0256217726040473,0.0448907290175616,0.00585755898936195,0.00568604685147909,2.04589719682715,10.8242522260371,0.00156787186549571,0.00442096049054728,0.00886662769602995,1,0,NaN,NaN,1,1,1,-2.42275863536248,2.48249065536527,-16.4908192779382,3.47331266626635,1.70873981763864,1.41243799614712,-0.17638222177303,1.04530208139291,1.00103140001565,0.934340743076282,-0.0139854137707798,0.604266889874845,-0.111548846001919,0.489567426120905,-0.134856322675221,0.430376706611201,-0.07828175485123,0.39592790169,0.0665187633271079,0.373438085536478,-0.0501757630161345,0.297931043335194,0.0769026161679594,0.245993548256408,0.0770437726461079,0.236618558578508,0.0413493372307193,0.239813133699705,-0.00234572273229315,0.622173710462933,-0.00479702525885046,0.870401603317537,0.00169029115516165,0.437772190956912,0.000752119924923,0.305028044138765,-0.00084992230238776,0.265613737869174,0.000316152770245172,0.210526991031684,0.000186590825094759,0.177082112652964,0.000120433284117909,0.178499523498752,0.000295652876534622,0.151424434349583,0.000480245135398265,0.146702843461859,-5.75935404845087e-05,0.130720709295072,-0.000201973998731648,0.117928893285003,0.000322303866074131,0.118915723751774,0.000135190128658497,0.114034554114534,4.94933018175759e-08,0.637677965666165,3.88073226183104e-05,0.707736700817408,2.66162885777104e-05,0.37289127214679,-8.79013986031605e-05,0.295191549378513,-4.85589919026474e-05,0.247833403362452,-3.8716595937181e-05,0.205825442450086,-8.70226042002122e-06,0.188818122491371,-4.27074788620812e-05,0.182078938508292,-7.67753098077494e-05,0.16898263110166,-9.26191895929578e-06,0.161175764868551,-3.75244196618246e-05,0.149535424571511
103-1241-0024,103,1241,0024,unknown,103,0.22904611914029,0.0924391573160894,1.24256550007171,6.43163687425113,0.164989252586047,0.20805985299258,0.280844799965353,0.489919947816367,0.189040230555038,0.230094515767254,2.49791487377188,0.348360655737705,0.483606557377049,0.623770491803279,8.67748413576064,9.26909351893397,0.0145183230102975,2.55153646264767,1.81477072615988,8.64211118737667,14.9933166197221,8.25965193471329,10.5926300545244,0.0593946118293325,3.48124564101152,2.45270156189275,8.31763864492154,14.0379287622491,0.0303394907072568,0.0244887943428232,1.32335100759306,5.85727505033806,0.0109449271309113,0.0257138869664458,0.0439988834700119,0.0400508522087941,0.0162364181644374,1.17326767330189,5.81102627485537,0.0287859824780976,0.0375469336670839,0.048811013767209,2.99135799800305,0.635265201366692,0.905250106946648,3.85864247873533,2.46684133663608,2.89168800098122,3.37621013810246,0.0294951677547988,0.0314989685662889,3.3615704683993,25.4837665231818,0.00700003414175418,0.0232974953317881,0.042866596342953,0.00560645106450635,0.00531739892843379,1.63441296937567,6.80902811398341,0.00148798116733214,0.00421385358074,0.00836887906018765,1,0,NaN,NaN,1,1,1,-2.39643237591621,2.44868814156473,-16.5356875659165,3.44401906195124,1.9462131352887,1.54619313849978,-0.288404157151466,0.998207117757297,0.727187547515052,0.873458422798303,0.187878265951818,0.528136690378273,0.0746938335404715,0.478151738328449,-0.192794989156205,0.428427457102476,-0.155994591910445,0.433681314640226,0.212022309968353,0.37519917590276,-0.118625777053848,0.28788539807648,0.100164589336977,0.282668592211364,0.0917929028865657,0.249727866152661,0.0382666701576332,0.239559348255905,0.000191697685724237,0.529428193098997,0.000947102595901958,0.773226804843384,-0.000167705089153692,0.435892431438505,-0.000582273877295161,0.274827034349531,0.000349964961987353,0.233883031065427,0.000473033000726754,0.191135635821301,-6.578034387045e-06,0.180883028903998,-0.000261546351535704,0.184091574152516,0.000365235978325665,0.152658371886895,0.000285192146472556,0.145934887587026,-0.000344783609717592,0.134383569017176,-0.00016401851890753,0.121537722903548,0.000303196565995194,0.122067035611222,-5.23256392120859e-05,0.114920546530435,-0.000131182718393462,0.481710478022558,-4.75958752566313e-05,0.598481140830863,2.70963854146034e-05,0.350978248605677,2.64939574478143e-05,0.252329388409591,7.52668357381159e-05,0.213879275947786,1.43935966602486e-05,0.18406015169569,-3.08137036635311e-05,0.181513380905393,2.69736811874957e-05,0.188035562541609,2.186444775311e-05,0.164160461479649,6.18096135917912e-05,0.159811132333112,3.73059437508238e-06,0.150639533703595
103-1241-0025,103,1241,0025,unknown,103,0.24835113080449,0.110284947327476,0.929577796606652,3.42518022084306,0.166986797303324,0.21580994150482,0.315903409225644,0.461099919044704,0.174015587605899,0.163521300779013,2.59908907856907,0.333333333333333,0.454545454545455,0.585454545454546,8.50900117912373,8.56028081199071,0.327312676326866,2.83530987618384,2.77648617489543,7.60998705337791,13.3249098133387,5.48832806527817,11.3191091836612,-0.204428459692638,3.79044614755216,0.536189998965424,6.71225773320435,11.0638809342391,0.0318076685579938,0.0252919898373847,1.07461090096,4.17950353356099,0.0103566968679283,0.0263835696892247,0.0457575243977558,0.0392975561832249,0.0183061996944617,1.43916083504233,6.33759404883266,0.0265957446808511,0.0362953692115144,0.0475594493116396,2.94139186790728,0.610730052076425,0.837017387474979,3.62418030363361,2.45231923919249,2.81636745585035,3.3174868196779,0.0338444397879576,0.0436139483727159,4.77071190216474,35.5934043720655,0.00801638030152344,0.0229400563050902,0.044699309176309,0.00594088974330691,0.00567324716925461,1.49765081489213,6.34564702528989,0.00132185994989176,0.00419817648370493,0.00913182634318309,1,0,NaN,NaN,1,1,1,-2.51666347124043,2.10008464010678,-16.6981373834684,3.3352394264287,1.29479503252067,1.44991473256928,0.0848825030922529,1.03661661120615,1.10142628342013,0.917437944457952,0.0363353266887525,0.582545472333381,0.0764103347232254,0.479006022329016,-0.112042820442299,0.375879887506656,-0.00668394841868121,0.370956523822058,0.066103642121552,0.367465331480367,-0.190885525396904,0.284554511926468,0.163114524966858,0.242784710796876,0.0972642738344276,0.208235223466111,-0.0203930948615865,0.237023222982576,0.00448675009343793,0.622699428146685,0.00857133032418028,0.945272794110394,-0.00177432036486111,0.487219644984558,0.000390379807043513,0.310150181555284,-0.00167496694693924,0.28186098261552,-0.00141032785809831,0.225142507840751,-9.78856657194594e-05,0.183155310944511,-0.00127238190200158,0.167018076587221,0.000101324663504235,0.148555299205439,-0.00133242264515505,0.13625926647503,-0.0010697141913654,0.140324434904057,0.000295200540589988,0.120918485825646,0.000571428706746219,0.121003576879179,0.00123817435665903,0.115862686792813,9.04216371359307e-06,0.615467084532503,-0.00029037251897374,0.802647666571473,8.40141284127606e-05,0.392690316482699,0.000123735398794337,0.304619495090478,0.000152975101146167,0.263296085188605,-0.000307514636331582,0.234869915312418,-0.000128406886820687,0.187241847268257,0.00023694350860303,0.179804275422339,0.000204692573095823,0.163243544371393,2.60425876892932e-05,0.153585787665758,-0.000369311031678844,0.163826323160243
103-1241-0026,103,1241,0026,unknown,103,0.250924920239826,0.112302039306949,0.953681560589903,3.84246612320789,0.172129482190676,0.225511885538171,0.304964768451817,0.466174272705818,0.189727947493917,0.261433099939862,2.56994719331774,0.318965517241379,0.468965517241379,0.594827586206897,6.54914292089119,9.38413806595131,0.179650980011727,2.57845870475227,0.400549418632033,5.71053240157818,12.8539963660093,8.414286050231,10.8405031492758,0.0435281835643467,3.66860529976477,3.02308798897248,8.71072900275052,13.6745937862262,0.0275573987543475,0.0229993267336594,1.08056021978409,4.53566747632353,0.00668756622789749,0.0247908511535841,0.0414874105037467,0.0381887030320747,0.0160654575644157,1.51000296514534,8.70239253049449,0.0275344180225282,0.0375469336670839,0.0463078848560701,2.91192060530142,0.611244303175914,1.55749590075267,7.56431771479479,2.46413813525582,2.75436087261733,3.23666493374781,0.0264833614080746,0.0272713559742218,2.13747380201138,10.3256980310438,0.0043248590954212,0.0206735383542382,0.0388361876129265,0.00504145719693235,0.00492323713919671,1.59060924912311,6.60205359211936,0.000854431567217738,0.00407638740901947,0.0073463924828853,1,0,NaN,NaN,1,1,1,-2.72558016709611,2.52846743899599,-17.2540218366484,3.70660599481925,1.76201210206526,1.59291850679654,0.00722936277322852,0.880922136290344,0.79119738702992,0.83844022852244,0.182086306714413,0.557682349326044,0.0434524046526004,0.405292912443867,-0.178970085465084,0.450954754679808,-0.0726875554287372,0.348846946263333,0.116350827389521,0.380454862209201,-0.072862121448352,0.278849579427469,0.0766505493140852,0.268914637342375,0.15355333609377,0.230618359927438,0.0452606186753337,0.232293670466682,0.00279154292230873,0.479056077962719,0.00726789843348616,0.714264537036099,-0.00269586573692324,0.443848065551326,-0.00118357411961079,0.266098796250192,0.000902360544570878,0.205256317891986,-0.000302640236114043,0.192484878278728,-0.00100361114846112,0.163993467434084,-0.000176833868393634,0.170141435008532,0.00026337541383074,0.140086735585039,-0.000113507224224629,0.138982989835863,-0.000826223845580625,0.128948985122754,-8.62442674897754e-05,0.117581884950715,0.00018297753378544,0.115664107403987,0.000351432953925312,0.118043410574369,0.000153440839469843,0.433545926705846,0.000133370226238805,0.559682078385509,-8.1488313574862e-05,0.364918346698752,8.39617929973545e-05,0.242844614320023,5.06361077825986e-05,0.195970869254147,0.000119850639693316,0.188995232258973,2.55711873116102e-05,0.172776234057207,-2.23114861150153e-05,0.177285083909124,-9.2195043037303e-05,0.15759692349481,-0.000234549715304377,0.1515208739557,-0.00010013698826646,0.149618300303492
103-1241-0027,103,1241,0027,unknown,103,0.215377666766999,0.0920013469220758,1.00372112121588,4.65349309701352,0.153172801434656,0.201118822050663,0.266523768729142,0.484814043286459,0.204654453983454,0.129195144946809,2.22044144837884,0.322916666666667,0.480859375,0.638020833333333,11.1541087465432,9.23697692474353,-0.40710566623884,2.46950217096721,4.52215073821464,12.6949709112748,17.7925477247249,7.77201885697253,11.556619527172,0.496631019334184,3.11609523525182,-0.218426917810655,6.12819324815087,14.3162607692193,0.0316681632799537,0.0238083560064256,0.786997059974975,3.18059052382837,0.0101119174867277,0.0276803979037042,0.0479643243856701,0.0382393423045653,0.0163390646652442,1.58180786748421,9.52720108101301,0.0275344180225282,0.0375469336670839,0.0463078848560701,2.97550760258711,0.654015169131929,1.2379542687379,5.56524171319016,2.46285710930175,2.85901827431455,3.34262595959175,0.0333788196021131,0.0332926223605513,2.01056365406412,9.51137719969978,0.00746886022169115,0.0256439498210398,0.0484093696321983,0.00570307677625214,0.00513364761578613,1.22314668957042,4.39326701815967,0.00130318326264628,0.00445146517861741,0.00857314366574374,1,0,NaN,NaN,1,1,1,-2.4859875282146,2.23932897131348,-16.3036428242305,3.36793151627874,1.64461818839588,1.4997126460698,-0.419296288996137,1.02640843746182,0.865015653972763,0.749799236167721,0.0580197929602307,0.583237779786232,-0.0177002599342098,0.446437120320355,-0.183502232395066,0.452445779881123,-0.019430858372639,0.383638171794932,0.107055518008685,0.383285650853831,-0.126356387987038,0.291581959134322,0.102773172146836,0.249766335121154,0.117753116091532,0.234634066342136,0.0245149188034918,0.235991378757339,-0.00273336719969087,0.520440260452757,-0.00543593013801688,0.822213905842001,0.00189971375403077,0.433890224107444,0.000944281060909669,0.296815366611946,-0.000149482377147721,0.237076182489843,0.000172841917655387,0.206412632075712,0.00047895880959079,0.175953900075801,0.000566912070096333,0.178336595762462,1.76075149358105e-05,0.144172586095638,4.66667558058915e-05,0.150456018714803,0.000756557298531485,0.129923188294058,-6.86590671979659e-05,0.121493124995369,-3.14748883300496e-05,0.12244480390009,-0.000186445363627992,0.115672122384439,0.000117106248257962,0.494566814450861,-0.000132941928215521,0.652387903269384,7.62102671275483e-05,0.346991478675939,4.42423481368765e-05,0.273798248940045,0.000127447773213385,0.221034537404704,9.9384627305539e-05,0.204060730710393,-4.30572457212808e-05,0.184996268879907,-5.67453797778652e-06,0.184362297016086,0.000108675553083312,0.156399489416539,-4.95771172982537e-06,0.16944298747587,5.15165523379359e-05,0.150448224828923
103-1241-0028,103,1241,0028,unknown,103,0.201803976309188,0.094907544563609,1.68601683055459,8.31766130798458,0.139251336849714,0.182373488817487,0.243353472208761,0.496190098435781,0.19577242281247,0.0567430692020916,2.45829549524177,0.352941176470588,0.502941176470588,0.632352941176471,9.91176423560928,9.28873569326768,-0.106818473041586,2.07472503406526,1.73731118304894,10.74912456674,17.1846679689964,10.5115007367896,10.3256609370147,0.505945118669077,2.75662493098319,2.8743239036101,9.28581694975349,17.0758997379224,0.0297266326432933,0.0222142337697723,1.03414246707913,4.15690617473721,0.0119540934720786,0.0264085488684138,0.0411457756111494,0.0382392884722925,0.0160505709765836,1.11752402346409,6.50920876054836,0.0275344180225282,0.0362953692115144,0.0475594493116396,2.97365590973235,0.615443752729302,0.71003579734427,3.5769327594472,2.46109805857566,2.90336129284561,3.38437956097095,0.0303681678257761,0.0273460867462368,1.62414449174616,7.27851398402337,0.00840645203248972,0.0260911918281762,0.0419537618698538,0.00535406426825598,0.00475788753720105,1.32579897515542,4.87684754195022,0.00165375281002857,0.00419449229455375,0.00761852146001065,1,0,NaN,NaN,1,1,1,-2.49095386685767,2.15478183068293,-16.5944096224054,3.40389143192638,1.65290302149104,1.58604434960537,-0.144282052331113,0.978476952745787,0.833610192129168,0.821160544895106,0.139894604268452,0.567058638446271,0.046808134010562,0.466171569839595,-0.14411698029915,0.455993574970425,-0.0898638723026765,0.407183086240463,0.142073697721218,0.37468097494214,-0.126651305392985,0.304091879231868,0.039929907257248,0.27149978497194,0.0663093856073288,0.228110922303593,-0.00967199932632794,0.243585389338975,0.00217243249551675,0.538345141067381,0.00430258061388052,0.824146981833295,-0.00151371012305019,0.448356537197611,-0.0012458494544736,0.287037487454649,0.000419751620190224,0.248790767121847,-0.000248183704368778,0.193464476825383,-0.000633449103859971,0.179774668174176,-0.000234190322107272,0.175526544472124,-0.000109030445310459,0.159835788183524,0.000138833376752392,0.150101177040382,-0.000486725318835203,0.136791796537034,0.000328230902079934,0.125193739504306,0.000277361646667138,0.121324757001103,8.81060218653449e-05,0.117887775126809,8.21466586985649e-05,0.521530228963955,-5.81003136647317e-05,0.666318233950909,-0.000141921148342963,0.363993190156244,-1.39431766522692e-05,0.268779268025279,3.49083317926677e-05,0.228038815096831,2.53840608374526e-05,0.192994655869329,-6.44380165175183e-06,0.18334490321199,-4.02923330792442e-05,0.180141476224212,3.65953483732588e-05,0.176737883502679,6.24218321950577e-05,0.162021858831319,9.96430592008889e-05,0.154445346521941
103-1241-0029,103,1241,0029,unknown,103,0.19095262720884,0.0712566723583094,0.500075740026083,3.28637133210667,0.146834896434802,0.178803432969124,0.235725118909207,0.516573303742964,0.19567153502201,-0.111859877076984,2.29046993183529,0.367370892018779,0.535211267605634,0.661971830985915,6.83242200908565,8.62695099208423,0.117354853122962,2.26641944759624,-0.199371994925872,6.68507527379653,13.5136065760535,10.1279405203935,9.42260671579828,0.55670883153688,3.03115666764867,3.58449470241642,8.81231533619435,15.5104033208672,0.0330730531004147,0.025613573292747,1.0135507510009,3.83552350614783,0.0129684113194859,0.0273276526838629,0.0485517856527935,0.0366937060323439,0.0139995650113838,0.883745243881333,5.00879448715846,0.0262828535669587,0.0350438047559449,0.0450563204005006,2.98059723587243,0.628716323061816,1.08825815811218,5.33395082897285,2.46816376153224,2.8756773602375,3.39584859673263,0.0323859715442195,0.0286818005742424,1.12849273790351,3.97365128948686,0.00904383278919497,0.0257351578051059,0.048106229824995,0.00579779708175942,0.0051784838741227,1.22370878378589,4.22811251374372,0.00180385284968799,0.00435621873925713,0.00847125610762683,1,0,NaN,NaN,1,1,1,-2.37816415532579,2.27837838908014,-16.3944808213064,3.20543692679718,1.64787941091041,1.69287646326054,-0.147292069174271,0.964394458661691,0.822211458049788,0.857151764444857,0.236782379467162,0.555721416594699,0.113206237470695,0.464735365564436,-0.273759937423995,0.463223029242083,-0.132593627492338,0.387479354420177,0.133585452151052,0.366435150069155,-0.115639983633118,0.317475421338761,0.0254823774782472,0.237188802157687,0.108216328004005,0.254129747015253,-0.0311631250348157,0.217075601398109,-0.00169860471221035,0.567609026648442,-0.003196688179498,0.821493573912146,0.000793143682274774,0.491726172971057,-0.000202709976711505,0.264748914084093,0.000532268610626605,0.233945657396267,0.00017599918815655,0.188674680396137,0.000320245044514201,0.164218894098978,1.61984770244398e-05,0.17656894105002,0.000620808569029028,0.153322714757104,0.000356824015032354,0.140666707634846,3.93573002020532e-05,0.131900646790978,-7.83067621023489e-05,0.121255296518637,-8.26804284975116e-05,0.119353307688732,-0.000338090358572676,0.111109941216606,-6.27530989253584e-05,0.503373433619929,0.000106940180850466,0.635058864470309,3.37717360117269e-06,0.390084830824692,1.73559950650583e-05,0.24937460032796,4.02411305071683e-05,0.217297131750897,-0.000116417077210206,0.19243294367368,-0.000117862761621301,0.167353784556032,9.34760149731926e-06,0.170535436630717,0.00013975790372804,0.168730017043979,-5.5217043401885e-05,0.151663089025489,-4.38386548124739e-07,0.146783237864376
103-1241-0030,103,1241,0030,unknown,103,0.281452215996793,0.111214717186938,0.736548058851362,4.62113668515446,0.196235506828366,0.271125165501823,0.355910648015846,0.44862395119042,0.183070784560064,0.304289969490827,2.69953106768472,0.307017543859649,0.447830101569714,0.568233082706767,7.53676806139468,8.58800878232634,0.0143761037434807,2.91453560427897,2.6037642063333,6.8807820986902,12.8756572341817,8.13004459410357,10.3098126739907,-0.0467039262249703,3.59904962845771,3.05923168580276,9.01709237836284,13.5060867591465,0.0259598294388622,0.0247681221107189,1.63866549577215,6.4138675101589,0.00538138359495918,0.0208785551499954,0.0367141941939813,0.0357219044868951,0.0154173170810623,1.08016134214281,4.87110558179135,0.0250312891113892,0.032540675844806,0.0450563204005006,2.78480671467569,0.50654682522215,1.13971781195377,4.48652616185302,2.40543661396442,2.67629711576694,3.04748433117835,0.021501715339617,0.0229929034529755,1.63188107755466,6.25894994851594,0.00264251834272011,0.014577206152087,0.0329552048391161,0.00430570529652205,0.00475277494486303,1.74565003402896,6.244649950958,0.000573409783839707,0.00280644358280032,0.00603070364685619,1,0,NaN,NaN,1,1,1,-3.00040970976112,2.60027323181945,-17.7019781984566,3.67504975432912,1.96609602692719,1.44374359338671,-0.0977050480224643,1.01404921383379,0.662639967191987,0.945335194339086,0.11833548270763,0.680364860054118,0.0993698432540972,0.485588832620031,-0.0677701342392629,0.421005041017683,-0.104285034138226,0.391276892878281,0.25043865905107,0.403661904707169,-0.11855011349263,0.284830228499435,0.0776438199703307,0.275589967219888,0.106852123883857,0.240381841349933,0.0172247353601628,0.258714196481425,-0.000790111443953108,0.482752747419202,-0.0012953927707386,0.709031362135895,0.000534309492722679,0.367730780621174,0.000651229280226218,0.251609994481523,-0.000236815418873021,0.219512702150351,0.000480816048095108,0.192575717232941,-7.24086166627536e-05,0.163834621748033,-7.19514744656697e-05,0.154386308467634,4.38007361582883e-05,0.143933746962486,7.75187596510224e-05,0.142689073731743,0.000187157736435224,0.121077209010731,-0.000341737441603961,0.119722223074739,-0.00010030497733395,0.116285508700884,3.61264594154057e-05,0.114983678492143,-0.000172632059609459,0.460422893597247,-1.31313773463592e-05,0.538183752632362,-1.07568487019153e-05,0.310436947584708,3.12010203211453e-06,0.225417580928812,0.000104551955538932,0.199609149714015,6.7662512595438e-05,0.182542844017562,2.4356268754665e-05,0.168773198668278,-3.81840053948666e-05,0.1595375065883,4.42164395309922e-05,0.158488461108619,0.000115578554715712,0.155591181943314,3.15580135644264e-05,0.141887848456705
103-1241-0031,103,1241,0031,unknown,103,0.201007274145425,0.0820348710760064,0.822889271759103,4.01751768200315,0.141901146552066,0.191057066578933,0.249434253670514,0.495471529584688,0.190260110555858,0.0120203826470389,2.53286443709757,0.356770833333333,0.502314814814815,0.631696428571429,8.34134518366864,7.86302651779499,0.0434523140395086,2.19910486898386,1.73215335136952,8.65776445946069,14.4904004137558,9.56720282208065,8.62814920194377,0.443447315888036,2.93208646669265,3.46950057809011,8.57425890823583,14.7760762369984,0.0346160714165937,0.0277890915843749,1.22785144114363,4.75528080049581,0.0115498664419998,0.0300532517332187,0.0481826106068589,0.0334453288662896,0.0146200146353776,1.49720918741056,9.28583923818401,0.0225281602002503,0.0312891113892365,0.0413016270337922,2.84698684342869,0.578071627712608,0.917781541279497,3.67745630010556,2.3973676998083,2.73122811755043,3.19785886712217,0.0330467408206978,0.0375964478620294,3.28112689987773,20.0723696447547,0.00634825955599014,0.025136985128306,0.0463474803746423,0.00560544957645207,0.00544638250285082,1.49493406936497,5.15400175298646,0.00139952123104613,0.00402752568423223,0.00775226154819539,1,0,NaN,NaN,1,1,1,-2.48057540283141,2.14816912300261,-16.2732674675227,3.21707780776946,1.91827427762327,1.60710586959274,-0.451187426266584,1.10039732832037,0.86257655227503,0.889861045678186,-0.0261338261861164,0.638198939367316,0.031647779585241,0.549638300483264,-0.269345996528835,0.470581930327018,-0.0660131166530342,0.41788468862724,0.147625677312416,0.405647024311998,-0.143277604833681,0.285339379213982,0.121672960404655,0.278446904033947,0.0521228437622594,0.251335965955303,0.0470268861708851,0.220011493555662,0.00117062604408203,0.541284217629352,0.00245475259795497,0.826268994363666,-0.00133800926150325,0.434715230324711,-0.000276932633629646,0.31612344469266,6.07067298296979e-05,0.252761994157484,-0.000174871282916239,0.217981736160761,1.33230346837912e-05,0.182617060435177,0.000722520601538477,0.192038401687077,-0.00047025727694171,0.15257005287053,0.000349164562128056,0.155016519704261,-5.99872950958208e-05,0.131193860463557,0.000121186613646509,0.122072481726173,3.80848203278109e-05,0.116877698074942,-0.000156971500006699,0.117664047169089,-1.66919362139174e-05,0.563717767763957,-0.000120512362303728,0.640591206259011,-2.62756436425519e-05,0.337105674194876,5.3966325478361e-05,0.285012611272324,-8.48742172039126e-05,0.225986069861394,2.43507777300074e-05,0.208788702670596,0.000138389960557308,0.181619753397613,6.83687769002815e-05,0.187999215796902,9.75081369632636e-05,0.163544520309493,-1.11134094211398e-05,0.163326153851863,4.33425201553349e-05,0.146912226490448
103-1241-0032,103,1241,0032,unknown,103,0.235301761852044,0.08542359278144,0.435090200347529,2.92639842298947,0.172731531012028,0.224694460372502,0.290955788824661,0.445069977949837,0.188669463895631,0.348903946945573,2.69721817472639,0.297413793103448,0.436781609195402,0.577586206896552,8.51606639133304,8.76179871617417,-0.213194157211212,2.89745634947106,3.70337762432601,8.25165584331827,14.4071009271899,7.42253119265666,10.2935947620788,-0.0609230153881531,3.42104755216814,2.05941912998295,8.19979198426325,13.1610699434502,0.0295997842370713,0.022839981189197,0.922345892511497,3.62446923782998,0.0102501930323356,0.0262294930970701,0.0436552061581545,0.0396690347174655,0.0155943358019988,0.910754757729444,4.54617114097065,0.0287859824780976,0.0375469336670839,0.048811013767209,2.89233424727188,0.629816921702121,1.23880463662699,4.88309371331159,2.42345652380324,2.73025707574037,3.24509296251231,0.0274749372757876,0.025042322282614,1.26870781031919,4.64128691227444,0.00761585422933141,0.0213587805347759,0.0396109551716043,0.00529968217228201,0.00487145100399775,1.36901553196123,5.09157100970823,0.0014038930216509,0.00389742947955409,0.00774915754517467,1,0,NaN,NaN,1,1,1,-2.70939864988555,2.44688349291791,-16.649824667122,3.38583642566647,1.59817649929915,1.67602263135051,-0.272264295195518,0.986459456495496,0.698054354818352,0.795310427109123,0.142243581147779,0.617539284915425,-0.0704799409302773,0.456440724911936,-0.10311610732761,0.455587641727023,-0.115588981108554,0.430406844617021,0.13986956610735,0.369429736739439,-0.0977240700496464,0.257192963948352,0.0500059274213645,0.250074697032785,0.122577530910372,0.222290690961768,-0.0194643278615399,0.230658157733442,0.00173638147940328,0.587474529585926,0.00243563536139522,0.799309308675656,-0.000701570532660544,0.446933413140995,-0.000135346992690639,0.278048258422006,0.000385743753691554,0.242847761314399,-0.000881394784225437,0.200902611287878,6.33040794945002e-05,0.17382562590868,0.000227561708297793,0.168297683817561,0.000531097914500959,0.157174011150045,-0.000384062495426478,0.144802427069352,0.000265742478932907,0.126947863604125,-0.000249262776201195,0.121221954574465,-0.000427926574436616,0.115778804476327,-3.38029954389595e-05,0.125959883114992,2.53142184147962e-05,0.557478677272268,-4.04503518956443e-05,0.614722492120548,6.97391062540855e-05,0.357905174094936,3.78175193197447e-05,0.246336230636956,0.000215781060320647,0.22689850319272,-2.12491315794976e-05,0.198869271654808,4.75248953315571e-05,0.183079546530805,-1.63019683416736e-05,0.174718775374708,-1.47065863476056e-05,0.166223050606115,5.60373978750836e-05,0.159357173711826,-0.000103082373631931,0.148865915196845
103-1241-0033,103,1241,0033,unknown,103,0.196371849552653,0.0718233285606746,0.863015895686665,4.83333057450827,0.150574431237342,0.187611349868735,0.232049022401553,0.499338344671125,0.195483064306613,0.0526694650727169,2.40264939868755,0.353233830845771,0.502487562189055,0.640547263681592,9.26398376480957,10.5722997473518,-0.0374442239316558,1.97092481035621,-0.00146084118820689,9.80182585180895,17.8993567598081,10.6188696478321,10.8074568913814,0.430955734153956,2.7340336958494,2.52296905423746,9.40230234648554,17.3372900979123,0.0374154644328578,0.0264745287034093,1.10919651877749,4.80475506305161,0.017074701773677,0.0339453539614548,0.0510003958709955,0.0386127563913491,0.0141442598959316,0.565563789457065,3.87756570586831,0.0275344180225282,0.0375469336670839,0.0475594493116396,2.97042096178205,0.626461625369167,1.22424395579445,6.99490746750985,2.4792960815726,2.87689655691597,3.33857169589336,0.0364780104297934,0.0311820103601453,1.46716707449544,5.73872065002665,0.0138364451134948,0.030139224540006,0.0493048521750662,0.00655646423895815,0.00525111468581213,1.18867761588568,4.56875115338711,0.00250766915616687,0.00567714637988184,0.00916807854263244,1,0,NaN,NaN,1,1,1,-2.03009012163037,2.13602968212027,-15.8872391729058,3.0680550501354,1.66019613084716,1.682138736706,-0.163499126759848,1.02524642367973,0.78118079050584,0.944623594269306,0.114185548456281,0.577381337398836,0.0925617565648164,0.454552551607568,-0.226165627545771,0.481484294456416,-0.0882966764461691,0.385553912769589,0.122711990348455,0.417364625819762,-0.186021859582345,0.308646438298329,0.0657439419699373,0.269434335519403,0.0821013090056787,0.234900565546105,-0.0323375323325266,0.234899001955761,-0.000385959340918851,0.543678791515931,-0.00187297648710622,0.824757694680609,0.000177940291051286,0.488096674021118,0.00081519635165246,0.297616676396596,0.000696574590403195,0.268834196650712,0.000599357559156079,0.211289517244258,-5.77063219817586e-05,0.175806624751672,0.00025728570719527,0.184153576512712,-0.000301042789485612,0.156708572987374,-0.000242697803354534,0.151160303876631,5.24887046612922e-05,0.136062376371722,0.000473139655461313,0.125781968945824,0.000162437424293386,0.117076406460144,-0.000181591462892182,0.119737570976626,-0.000154810329348453,0.546575865302385,-0.000215627415304064,0.657783201499982,0.000201445804004227,0.387185007023736,-1.72647971747617e-05,0.266700316993652,-0.000145424926648173,0.234492952690778,-0.000133278786677954,0.214938482793129,-6.99872197221616e-05,0.181349716179401,-0.000108328285814073,0.184692344026845,-3.84472344717024e-05,0.169648948694967,4.43668204366368e-05,0.160324718659763,6.202432613351e-05,0.149577349567938
103-1241-0034,103,1241,0034,unknown,103,0.22077639752416,0.0859668355680624,0.792027890549796,3.60163303171701,0.162248547357352,0.2027835825646,0.26912258008733,0.493351089418131,0.180622819772361,0.124688200227589,2.55946837450192,0.357142857142857,0.495238095238095,0.621489621489622,9.54201137694139,9.88670235031195,-0.0697438823128688,2.16159853865578,1.02611096494654,10.6304526819924,17.2725372854582,6.76851431745157,10.6851164998169,0.0134355772796179,3.60096284688845,0.547745883089263,6.44707951571337,12.9254135503708,0.0353230101757156,0.0277702776123973,1.3286385529469,5.56914379996523,0.0143272556802301,0.0298734091345304,0.0496313186379549,0.0377598554209359,0.015048133962172,1.17608125875543,6.59771089240031,0.0275344180225282,0.0362953692115144,0.0463078848560701,2.93421252572257,0.581161879783574,0.993358840184443,4.29326825472513,2.48554020458592,2.83836149091396,3.26883149268233,0.0340404930792836,0.0326924775229461,1.77209759309532,7.36842385066466,0.0102478389001924,0.0252766200891953,0.0477640542494535,0.00613398843415117,0.00564638884213788,1.55719905348931,5.75185727587579,0.00198219062452036,0.00472604903026642,0.00833909560274205,1,0,NaN,NaN,1,1,1,-2.2072763372944,2.26925400520455,-16.2084913298793,3.31330878630111,1.77561498443335,1.57661824421505,-0.168432916002058,1.08279072212826,0.838464445837171,0.811432027641488,0.071282088665847,0.649822618285895,0.144435569062827,0.480501696193216,-0.205852551282203,0.449004691556754,-0.128078782193714,0.402297878308751,0.143181043269232,0.381120089537071,-0.151444461838781,0.321357843737898,0.0606891067007535,0.266435120156932,0.136265150268386,0.240378784023245,0.0242648504746789,0.235867698459524,0.00022047415659117,0.53573122789196,0.00145768045432671,0.836396025662333,-0.000950609624258893,0.455263132643896,-0.000346655113477768,0.286974530676618,-0.000517588817479766,0.245578332560463,4.8204814075027e-06,0.211051271686815,-9.40676110800656e-05,0.177637163403968,-0.000117973613509315,0.179816147251813,-0.000127161383752272,0.155205893782469,0.000216593870410752,0.154619933617719,-6.49675064549968e-05,0.135296379400697,-0.000333237855392144,0.125915541497429,-6.74235133580693e-06,0.120000345139082,9.26632110126187e-05,0.113514338416769,0.000192280314892936,0.514538384452332,5.67906900557866e-05,0.675946567309936,5.79438086436484e-05,0.380390283211548,2.38349928850923e-05,0.273935338755373,3.79924457942791e-05,0.224137359742967,3.47899833334383e-05,0.205631672102034,3.16606092918545e-05,0.190286375379561,-1.94397576779506e-05,0.180725380819887,-7.48252061588138e-05,0.173953918392536,-0.000112825436984481,0.165132810953923,-5.24547521737121e-05,0.151587607387282
103-1241-0035,103,1241,0035,unknown,103,0.2273099513417,0.107854409212479,1.71790456073209,8.86843117789719,0.160213568298813,0.206405715463301,0.277340767971636,0.499691163064715,0.189177240015686,0.159526332471169,2.50979261862743,0.355191256830601,0.502732240437158,0.629359165424739,7.77050110247684,9.15237656702192,0.00362823955021249,2.47458266945581,1.06376012507407,8.1939592371031,14.2338156827253,8.26955204121039,10.1650239568242,0.16313916533695,3.56908769772958,2.21013378901835,7.61487618314162,14.0350805784183,0.0345610136114207,0.0291806030385887,1.46028749214865,6.50876155337404,0.0119897896724138,0.0290588738452361,0.0493061779261238,0.0387533094640383,0.0152903824554331,0.861496100618088,5.60009972023236,0.0287859824780976,0.0375469336670839,0.0475594493116396,2.92951350337605,0.625183592530868,1.05994403350853,4.42772682842192,2.45288780414295,2.80571571832169,3.31439463966727,0.0348991233711602,0.0385862823497083,3.15808230985108,20.1515912476647,0.00732940232428571,0.0256524591486711,0.0480710562178612,0.00627735606297055,0.00603771683370167,1.61211388421591,6.68694294135095,0.00141447497836418,0.00478021520023452,0.00944250521044847,1,0,NaN,NaN,1,1,1,-2.24162546490042,2.46133164625275,-16.397290602934,3.61823480676484,1.74135933431551,1.60387986147851,-0.188294531125161,1.04399367246938,0.675645864516985,0.8085956970035,0.0685067000090678,0.614594108621229,0.109239188054715,0.440211008405021,-0.197968189653293,0.454474103122516,-0.0784106992691697,0.41089500345408,0.166421420499653,0.406972663949275,-0.155673590573717,0.306974131636999,0.0660935809443574,0.271707746780148,0.144366868365732,0.256257838582721,-0.0182247928215981,0.241264535707689,-0.00152870059151789,0.578380049261367,-0.00324005136702057,0.872106089879313,0.00129549588821787,0.435106367330982,0.00083820110889957,0.285697707423736,-0.000285364097025822,0.2426847320958,7.63129113943429e-05,0.1993845988722,0.000503484933088509,0.175123193936542,8.54488811296298e-05,0.18594247802459,0.000102131459023737,0.153240496408732,-0.000347206869365704,0.149326172414882,0.000284431736796925,0.134697340392077,0.000108668236690732,0.122212698649034,-0.000162081236964467,0.126147184599589,-2.60216311988937e-05,0.11896840680231,7.29395698898586e-05,0.55963217587712,8.59372568821986e-05,0.69174461303643,-0.000123800348841825,0.363452556825599,-0.000194812846158431,0.272840372786995,7.06846037716752e-05,0.230250044388298,4.12246460533252e-05,0.205173047748366,1.74438084013115e-05,0.188009168633429,5.03133422894579e-06,0.19315269258921,-2.20717651003072e-05,0.167446741396624,-5.72096730056543e-05,0.163875619595751,-0.000107281765399438,0.155693441322235
103-1241-0036,103,1241,0036,unknown,103,0.214156415581722,0.0842544957736937,0.686792346281391,3.54242036384782,0.154560928784975,0.20117985133207,0.270268585597867,0.473344193502818,0.189939685330694,0.193311227502537,2.48699307837112,0.332512315270936,0.470443349753695,0.599353448275862,6.61486227915579,8.91617536985405,0.0305097371403713,2.65888208095526,0.537601380272726,6.74478021088534,12.2431074681973,9.03771821047042,10.4784227758903,0.0233812420991971,3.43136296887497,3.37900507647012,8.88788784348774,14.4605430873339,0.0356705600916269,0.0251042582150858,0.887394575508116,3.77964481007558,0.0164290127957855,0.0321437914746493,0.0498192940124692,0.0420104705624298,0.0165406570648748,0.927152996060655,4.94249557117119,0.0300375469336671,0.0400500625782228,0.0525657071339174,3.0435942814493,0.680965326737027,0.892959032713791,4.08934774465619,2.49644303233626,2.93312419028242,3.46331249825106,0.0376631517211803,0.0330904299442761,1.54227166214217,6.53175405391192,0.0119083942199509,0.0314755666853143,0.0543914609878645,0.00695038312050122,0.00583510555054339,1.1770057656271,4.49931412494098,0.00228648016342504,0.00565659805651855,0.0100869898843061,1,0,NaN,NaN,1,1,1,-1.9534924329909,2.27378713049075,-15.9284124958081,3.08301204470945,1.57615107547366,1.698479766909,-0.0757634772546083,1.10592536816199,1.0394609859946,0.872199106300532,0.0611061358918656,0.601735458968141,-0.0531234324092357,0.452560541669511,-0.172111872374404,0.423215269770691,-0.0751773373212482,0.411220707945192,0.0425341728439145,0.388096606895946,-0.133163359034673,0.301460910957927,0.0844168485295282,0.296150885829388,0.075667203690977,0.278854254652274,-0.0229551268666628,0.280866216495698,0.00113521798378065,0.576284323867424,0.00194954474550391,0.83430020959978,-0.000660425480865794,0.486881396950207,-0.000943171684940364,0.305311417254814,0.00031819195408458,0.255417411979707,1.32323019768976e-05,0.202298919860825,-0.000101194161648128,0.176455959876265,8.22634018045538e-05,0.183715758026219,0.000329515830258325,0.160063816496883,0.000216353940025004,0.147282977892741,-3.87081456951571e-05,0.139824239018681,0.000313882317627848,0.126806240236263,-0.000442124103313227,0.1221748685833,1.13342688242769e-05,0.129495790600874,-6.98220158700373e-05,0.575133374224701,-2.54654553858276e-05,0.686883873411602,2.46971225397904e-05,0.408714321606144,-5.18079754022432e-05,0.282317627950839,-0.000109232275980049,0.231016069874925,-5.29784274105727e-05,0.194222022952723,3.53999922965132e-05,0.18397449094661,9.09079295926734e-05,0.188803923927262,6.18805994944943e-05,0.169496796137658,-1.62715207944438e-05,0.159404627425553,-0.000127928258971346,0.158680778822683
103-1241-0037,103,1241,0037,unknown,103,0.224401591340895,0.0900790259551974,0.824974875178165,3.43307237844256,0.162670111624451,0.202798746398568,0.274401886478749,0.474060214590547,0.177195199589229,0.174816029183508,2.71811557435668,0.358454398708636,0.468926553672316,0.590395480225989,5.61849329245174,8.8854363678334,0.179168911979018,2.46199786861824,-1.641493906219,5.41210993599444,12.0840999391427,10.51151271315,10.3590775844765,0.3899500307484,3.47440648282425,4.3047401954277,9.33425945844502,15.0876390884834,0.0311106144188239,0.0200473395957595,0.671944569924523,3.60353634001774,0.0166534601783576,0.0295548594690012,0.0438813083921865,0.041326206068662,0.0173571803700498,1.04084475821761,5.9356499054129,0.0287859824780976,0.0400500625782228,0.0500625782227785,2.8951398867212,0.570671972096711,1.14362338958979,5.30920948323771,2.45808914388606,2.78433671874819,3.20804871171881,0.0288867208517561,0.0231061861951536,1.32264093030514,5.94409238033311,0.0114951394828051,0.0252549258858678,0.0425212575813924,0.0057198462283605,0.0043772320562321,0.982888387853778,4.23514284355846,0.00223502929840087,0.0051299792999345,0.00828041428539087,1,0,NaN,NaN,1,1,1,-2.05937828599895,2.25800024559068,-16.1463451454823,3.10079646590285,1.96384110098039,1.60015234029392,-0.148393229431281,0.984197208747174,0.539098944292207,0.96524177991448,0.162640954817425,0.653650308030385,0.190639266737428,0.552804123098792,-0.207226603266655,0.463858055392418,-0.184622708552855,0.399102514664124,0.142623073734028,0.395903301025959,-0.118019367443264,0.325048609588409,0.0853251765558509,0.273959264337449,0.120077220680351,0.252678803109491,0.0214020950258126,0.217546086331527,0.000918649753266154,0.513650286075662,0.002190610806065,0.766704051500689,-0.00145351572917435,0.389951290914112,0.00074505541898821,0.254990488919731,-3.88611420730813e-05,0.229236198254271,-0.000527012838392064,0.194060296107864,-0.000235152851387499,0.176897977967382,0.000486352700331239,0.182615398986704,-0.000465985543586943,0.154162419569894,-0.000906546922986541,0.139389872827899,0.000269121080565941,0.141256397127107,0.000157289767846184,0.121950223491775,0.000381469169904646,0.121730953633551,-9.21298000087871e-05,0.114202466072587,-3.40097160050521e-05,0.468330758191552,-0.000198275338196192,0.610326297262191,-8.45264278332479e-05,0.326881988659748,-0.00010706790297979,0.236421801267806,7.0925400869938e-05,0.210337488379936,8.00381387365994e-05,0.183570816494367,0.000118085735096708,0.178085702650903,0.000118310256458387,0.187497973024261,0.000106547659100957,0.163876136350937,-0.000109342431830321,0.152979503500893,-0.000130001568316194,0.156608868186515
103-1241-0038,103,1241,0038,unknown,103,0.200572422155985,0.0814291388699175,0.808688271198313,3.75561354072,0.144142456795739,0.187891862841697,0.244553713025495,0.496223872810947,0.200232906561995,0.121783577932603,2.32510413600822,0.34375,0.4921875,0.646306818181818,7.83342447891689,9.79066125351088,0.112087797171323,2.16699476307888,-0.714674815240023,8.34421745881086,15.4580203784828,10.8417709530077,10.5589624581299,0.254319011120041,2.85369722996758,3.5874401507745,10.1486408608835,17.7690391812863,0.0354691821587492,0.025620299578163,0.969734807895967,3.97672732311826,0.015952537924946,0.0310462268966334,0.0488585556634238,0.0413999702448745,0.0175983305303117,1.42349447191206,7.4502734981441,0.0287859824780976,0.0400500625782228,0.0500625782227785,2.99540837722679,0.64054453191976,1.2153088339657,5.63261414309378,2.50383880655123,2.89436081895593,3.37393656788242,0.0359226193905653,0.0309629835568196,1.59567351922876,7.64144330582986,0.0125990425550546,0.0298378259245781,0.051261933649199,0.00671562149654991,0.0056868306616182,1.27409971193786,5.1707286976205,0.00226797880785758,0.00541235581173029,0.00973216926222951,1,0,NaN,NaN,1,1,1,-2.0759035755389,2.23441929296566,-15.9151997170875,3.23260366565355,1.5546033462432,1.63985762890765,-0.205725267999456,1.0369948487731,0.919640430252981,0.716327611951031,0.107549521141208,0.580022896342543,0.0328956455678126,0.452663630953876,-0.220139150327063,0.431289231857297,-0.02681709285147,0.404742724372615,0.0707137679354553,0.365537056482574,-0.115928966186354,0.281260470967925,0.0454805646758421,0.237939326884515,0.165080045793538,0.25512760307392,-0.014369595781926,0.24378473845113,9.7251181914331e-05,0.560750615528358,0.000483326002933342,0.869405275868269,0.000273390571763786,0.489424651238741,-6.43364034984566e-05,0.305441197015365,-6.23395240960581e-05,0.236095162907088,-0.000253938728443851,0.211121027741677,-5.32316746626845e-05,0.178978666583617,-0.000318127325115916,0.18537598214411,5.50533272456508e-05,0.153936356986111,0.000221055444265411,0.146394204923279,0.000136562433054512,0.129569621581012,-0.000272794611967524,0.120971021287843,-0.000168513260807049,0.128996053791352,3.32734831758883e-05,0.120718023927458,-8.44226194865259e-05,0.538410348700525,-7.79275980709512e-05,0.71169259068625,0.000108595844528895,0.396457166412139,3.08030147759616e-05,0.287919937957954,8.65827386739197e-05,0.220006622274388,-3.28309424387784e-05,0.20788491697354,4.88484141192053e-06,0.18893492036791,3.03014652239677e-05,0.190268092603332,9.26337776376874e-05,0.168872788514734,1.8943053049067e-05,0.160087302729708,-2.38348506889709e-05,0.144633374375583
103-1241-0039,103,1241,0039,unknown,103,0.238272242011691,0.109993694714108,1.11205706988393,4.16227449491998,0.160022605176761,0.205691866231188,0.298502846398804,0.448997394597535,0.19184195660595,0.36640474283157,2.49346532767019,0.300242130750605,0.432203389830508,0.584247258225324,7.92685069092359,8.35273639737764,0.235199605652397,2.73541009495076,2.52326524282345,6.94439512055891,13.4257679594394,8.51293448252112,10.0827390801413,-0.0212686760408419,3.83076324226297,3.80334606561034,8.78836658179156,13.2958114901436,0.0344789917293881,0.0288862612107672,1.09793278160991,4.42607103062645,0.00873742934653453,0.0308098688159931,0.0513007263858624,0.0401955209705107,0.0191197274756179,1.43999204073223,6.66067944434878,0.0275344180225282,0.0362953692115144,0.048811013767209,2.9516462974593,0.660372732308596,1.11050516554507,4.54801903340636,2.42862400880824,2.82026022355624,3.35895184589512,0.0368427524860126,0.0374108593455609,1.40479583741228,4.7061451965292,0.00523307688804539,0.0285950677139206,0.0509113133720563,0.00663783606700395,0.00639626267571814,1.26389153947895,4.58753700291632,0.00110601608751026,0.00520368013161937,0.0102380653162245,1,0,NaN,NaN,1,1,1,-2.45062124816028,2.56237104369507,-16.4555393667581,3.90641853113885,1.59709167585763,1.64871989469818,-0.298383725177439,1.14840277125686,0.801889567610448,0.875994394002039,0.0660530032166598,0.586619079808255,0.103193428410075,0.426276220236001,-0.253304451349965,0.439119095656588,-0.0100225687666148,0.362955248674918,0.145274685819916,0.425764029555707,-0.0821588162350379,0.297448955758186,0.102882668973489,0.269414811578723,0.0617931663773069,0.233461526356856,0.0335036610317271,0.251331434255996,-0.00087375529499499,0.563939296469946,-0.00327852409243519,0.784017765072704,0.0011649172745312,0.449044821854625,0.000781176263032997,0.297188474278024,-0.000919152860696519,0.242509341145701,0.00067660054293631,0.196845500242469,0.000230604763561003,0.17295554358682,0.000381515398941586,0.177797530493956,-0.000213788449646169,0.151644025272966,6.27070672353584e-05,0.143092023094389,0.000162598960769562,0.128505275457404,2.39083461974839e-06,0.120785575420434,-0.000121966975035131,0.117730774595329,-0.000356182838902425,0.124353021122271,0.000156221131316029,0.56795576307549,-4.01453435595871e-05,0.619988248014216,-6.36680926739854e-05,0.374786411966052,-3.95020583091895e-05,0.268642023095438,-6.03736514822903e-05,0.214693357861996,3.51004750397881e-06,0.195673585262868,8.52683157651539e-05,0.186926327481527,0.000206023780322154,0.184451323657981,1.95521814753231e-05,0.169592119200501,2.28687009332999e-05,0.159296018255112,-0.000108519584105688,0.148186212350117
103-1241-0040,103,1241,0040,unknown,103,0.27597046050778,0.12574390830959,0.725098539846798,3.15689887497265,0.184494160424077,0.24259867127346,0.367045677483805,0.462090056153058,0.178296217998284,0.2885988291859,2.722273274162,0.326797385620915,0.453781512605042,0.588235294117647,7.10446996665499,8.27206612527165,0.434283985493606,2.8381443684366,1.63684634434242,5.80490626445104,12.2138551177549,8.12373601721835,10.5254940270608,-0.398818822556626,3.84900631749395,4.01726843509459,9.04727145230765,13.6456100699251,0.0333342135018311,0.0292880320390671,1.01010380273745,3.84050372796378,0.00575622623640277,0.028071618791867,0.0514339593339802,0.0404371913217576,0.0186660989597054,1.14297126218015,4.96379639261808,0.0275344180225282,0.0375469336670839,0.0500625782227785,2.93627266192482,0.648143560423769,1.77425448461594,10.843708599927,2.45617286725283,2.80395200692865,3.26318495824674,0.0347226623861965,0.040633505047741,4.77818613633222,52.7403028426116,0.00281867737418414,0.0267550682077934,0.0544959598130376,0.00662404632757187,0.00672763362634189,1.33898593263663,4.97863203680856,0.000605792417710735,0.00490754036939636,0.0103062021201641,1,0,NaN,NaN,1,1,1,-2.5460471288964,2.80979785956433,-16.7824010041619,3.99640903420275,1.75096138781452,1.5104283037731,-0.273552160966524,0.987215743967208,0.837699274464584,0.850393316258482,0.0538946073099454,0.649873903631635,0.0850870893998634,0.474369099003817,-0.222393890031788,0.42437828257861,-0.00275616860190388,0.404507764638708,0.126500251653242,0.388118769942589,-0.0808346610067352,0.269173950992587,0.0568778449504831,0.269618591042956,0.0557802145433542,0.255272893716077,-0.00298787851361852,0.25479981589142,-0.00191215273273729,0.529086945692452,-0.00304424452436365,0.793639999992563,0.000723234797233968,0.437826295932568,0.000532971573180202,0.285938091808877,-0.00102086807387261,0.238833261861485,0.000530870443070588,0.205316595538523,0.000791965872240535,0.181360624232633,0.000116739318765794,0.186674587599172,0.000150907508793123,0.150171010322599,-0.000203362825540052,0.144413617940983,0.000229234872751274,0.124348338731716,-6.74012754845813e-05,0.120848725493921,0.000137895333901373,0.118938961419078,-0.000100227473756905,0.118399052858479,0.000114841647973493,0.514901974620669,-0.000109721404191546,0.609502504126224,2.59446674487091e-06,0.365172941830053,-2.67300432117293e-05,0.263819205683642,-0.00011386380944919,0.22836412706818,4.38886201558117e-05,0.206429982244336,0.000103779066361661,0.191817415980256,0.000106496182366169,0.189098499324115,-6.85068631078146e-05,0.162843266256281,0.000144493057480695,0.15741803470054,3.95575321493855e-05,0.140958768477325
103-1241-0041,103,1241,0041,unknown,103,0.229359856219665,0.0918419376051131,0.829563812473099,5.30059083617399,0.167535681195546,0.213792918666842,0.285630561371039,0.474424855179958,0.189834621205938,0.315839531110701,2.59379449222991,0.332275360532479,0.461748633879781,0.598067915690866,10.8614936729066,9.03055383705708,-0.059438421888771,2.76164837872098,5.23005310913892,10.7362484556245,16.8219587874929,5.56652845219485,10.4334165067172,0.174627578805026,3.55206388888568,-0.436509864385763,5.3836541718658,11.3692418697872,0.0360118530494608,0.0265325765880186,1.14916833458282,5.28520869247502,0.0157493118754344,0.03202562024086,0.0507751475056717,0.0374330827019779,0.0158945361690364,0.984002198450954,4.85346050240277,0.0250312891113892,0.0350438047559449,0.0463078848560701,2.92907531408226,0.621298813698353,1.05708457584073,4.50558483736405,2.45607626632513,2.80246905377488,3.29354314290931,0.0346576345026887,0.0306251255528549,1.45409533557747,5.6695488384763,0.0118172863102469,0.0281015317237474,0.0493611345695248,0.0061996924771727,0.00545224840085691,1.50735491051631,6.17682331830972,0.0020870741178352,0.00504655204540502,0.00869238532999186,1,0,NaN,NaN,1,1,1,-2.13201223830729,2.36707527201342,-16.2056879569329,3.29136360119815,1.87579355536311,1.75121846833476,-0.0260257977209162,0.929914372657376,0.692096333097361,0.852160703386906,0.16594194676367,0.62952372807313,0.127941641827528,0.499815042108894,-0.298670797112587,0.45946400832422,-0.184896675202449,0.374324032946322,0.0788123782904998,0.422817529566401,-0.11986433082114,0.333235487195191,0.020672075970932,0.272546944498958,0.13089380697723,0.234864362464278,0.00716712104230445,0.235429737950943,-0.000845890959796137,0.561148888401029,-0.000193644590388909,0.861220961889429,-0.000617441490053726,0.483751908042495,8.92258540531854e-05,0.282405803916657,0.000295777969783111,0.247790335504511,-0.000657773790940841,0.206394740006664,3.80847663860383e-05,0.187411644956001,0.000308474119038565,0.192570634753158,-0.000169411795067991,0.15404564032917,0.000163156909977993,0.153516313845706,0.00013791509147971,0.139456685762902,1.58513359172127e-05,0.127135316032395,0.000132857075202629,0.126265417532156,8.34754911281989e-05,0.120662483810945,-0.000100888753275075,0.529377316218109,0.000327278180652565,0.697076857358456,-7.97933127346865e-05,0.396415559879741,5.14701959209916e-05,0.266523140950821,0.000187199726253682,0.222848715400789,-0.000103372345006393,0.202714806292359,2.57188269728187e-05,0.190029747428131,-6.38656218704388e-05,0.191182393912074,-9.3891898938176e-05,0.172285234366727,-6.58791359634109e-05,0.162182911045352,-0.000113995390493177,0.152131348449595
103-1241-0042,103,1241,0042,unknown,103,0.178795278376916,0.0660857765866634,0.772122610528426,3.57952553270328,0.134617485314491,0.165119473144503,0.215366587495423,0.514564239034157,0.185902453688593,-0.026429551790417,2.53752517441145,0.383561643835616,0.520547945205479,0.646575342465753,6.51072610077095,7.84517276079528,0.271015528205873,2.18604660215352,0.193196542799839,5.23189800620348,12.7463608818854,9.9367606416102,9.73276523598114,0.481651335518013,2.83348479728633,3.15597642681122,8.45769094641055,15.5684389078583,0.0377838287721706,0.0259711106540664,0.96486725988155,4.42700979936913,0.0177299651112233,0.0342838309164849,0.0528477876820324,0.0379723077111982,0.0160349769662759,1.31903891065459,8.27768077716691,0.0262828535669587,0.0362953692115144,0.0475594493116396,3.05052759333155,0.67995606928939,0.828784914239118,3.85215867589821,2.50072346722739,2.96938485631345,3.47185379150223,0.0379414384394,0.0314991590489165,1.34393620649935,5.87115985055245,0.0135370292586298,0.0310899372712366,0.054355428305685,0.00671822413684798,0.00536010202618315,1.16048715597289,4.65301484143121,0.00255520081393936,0.00562448867515983,0.00962259277870278,1,0,NaN,NaN,1,1,1,-1.93009116364541,2.13760554204537,-15.661918722429,3.07606924256425,1.76783079058841,1.60277850555699,-0.159458846925195,0.978263479221921,0.924604619339543,0.881952185624612,0.145985610321488,0.623929532137276,0.060973970617558,0.498516375893584,-0.270366314983689,0.448806824478278,-0.199074291859215,0.375377713777303,0.0326009755481684,0.398254598026547,-0.181020002266653,0.312626487803588,0.00501301631767677,0.249575341989503,0.10684712948046,0.234562869726396,-0.00829757318823813,0.226338501099766,0.00200350998327928,0.600697601978003,0.00421862847123491,0.855208448370973,-0.000890573879863946,0.45745678971745,-0.000853874929667045,0.277803280493812,-0.000578608020755383,0.247834752973617,0.00046020676553368,0.21343796473436,-0.000654521361483087,0.18026324969863,-0.00064165334071688,0.180347713666101,0.000372989082624906,0.146160595356504,-0.000440384740925833,0.147791788994011,-0.000530500315560848,0.141973643642906,0.000253265980010644,0.121764216923542,7.93301829117222e-05,0.117136526242068,0.000127324383970868,0.111179487109162,7.84918635542922e-05,0.564250443601078,1.95508340846136e-05,0.664456746700488,1.67586040324275e-06,0.394825760128064,0.000142123583102884,0.26076681222199,-8.46327573404629e-06,0.224075084074239,1.80459754830034e-05,0.211469854377977,-5.7582359028522e-05,0.182919699185815,-9.09869423240756e-05,0.176709346600487,-5.04036972355726e-05,0.160027922734833,-2.71392229258708e-05,0.158599803206213,9.84043294749414e-06,0.157122462123419
103-1241-0043,103,1241,0043,unknown,103,0.19695381107276,0.0754492489967606,0.818067865003264,4.26541882327762,0.149556358454483,0.187343170253074,0.234681959095312,0.523310993418588,0.204847369574411,0.0102225510735942,2.2507597261669,0.370588235294118,0.523076923076923,0.689835164835165,8.13561062955696,10.3025330518147,0.0738597310179663,1.97918935979912,-0.626790831472128,8.02090210004261,16.5562109218284,9.9892762574353,11.9089297667133,0.48771736889217,3.11634616941948,1.5081801350826,9.03708752575644,15.8516577060171,0.0340460310781783,0.0178322631940376,0.519576919474696,2.96176458350071,0.0211809693021644,0.0313955591159606,0.0458225018768509,0.0386269304116965,0.0145764628266768,0.727842558058971,5.05857085394576,0.0287859824780976,0.0387984981226533,0.0463078848560701,3.0411560790831,0.679680090520967,0.704329687760007,3.59914751317177,2.48305177302878,2.99815345387594,3.43735525646811,0.0332411349916822,0.0249075363609999,1.44632516933502,5.42593252237049,0.0163060975619348,0.027913343768733,0.0430132574773782,0.00587113528435476,0.00374728911267626,0.843374707144206,3.5315734125491,0.00315259994114193,0.00514837323171678,0.00826970611276005,1,0,NaN,NaN,1,1,1,-1.81040877294477,1.79334146315688,-15.788238408705,2.28061192230508,1.73974982982584,1.8758926481389,0.0272457146140743,0.999374158072657,0.858738599334626,0.832019463333152,0.255900437617914,0.545365899487957,0.11847815371389,0.481949987200936,-0.276996437745922,0.426886077733997,-0.174687979276287,0.389396179179802,0.0311604972124714,0.399615395845685,-0.197552181617424,0.341113465281193,-0.0584473247725602,0.231299852490403,0.14428989662192,0.241357747868159,-0.104736573806245,0.214923042950512,-4.19417588152229e-05,0.646486976113049,0.000231661456475171,0.88845026374,0.000185728024643297,0.538792296710467,0.000309018985923707,0.291359427098187,-0.000784831696735997,0.274067680697604,-0.00021963788838566,0.208706748781246,-0.000293838480315194,0.186218834417814,-5.58959467850073e-05,0.190493957147556,-1.86512729908329e-05,0.161366058427635,-0.000209842864040094,0.146928004761859,0.000294785210305852,0.138938879953898,6.01375858939732e-05,0.129029645622254,-0.00068153287280714,0.111681762675577,-0.000244007117789495,0.119935146944416,0.000258648996919874,0.640261436778976,1.07801287495173e-05,0.722613417262945,0.000315428695498823,0.460736660752267,0.000374389653367706,0.272014635592798,0.00018746310396012,0.244401110645408,0.000248116624366119,0.220598286982278,-0.000279324138507242,0.196478768119034,-0.000203548728407846,0.190739693815277,-8.28856550465874e-05,0.169548574059706,-0.000295873924734278,0.158951583055561,0.000249795398227767,0.153504206393232
