file_name,speaker,chapter,utterance,label,task,NAQ_mean,NAQ_std,NAQ_skewness,NAQ_kurtosis,NAQ_q25,NAQ_q50,NAQ_q75,QOQ_mean,QOQ_std,QOQ_skewness,QOQ_kurtosis,QOQ_q25,QOQ_q50,QOQ_q75,HRF_mean,HRF_std,HRF_skewness,HRF_kurtosis,HRF_q25,HRF_q50,HRF_q75,H1H2_mean,H1H2_std,H1H2_skewness,H1H2_kurtosis,H1H2_q25,H1H2_q50,H1H2_q75,G_RMS_mean,G_RMS_std,G_RMS_skewness,G_RMS_kurtosis,G_RMS_q25,G_RMS_q50,G_RMS_q75,G_ZCR_mean,G_ZCR_std,G_ZCR_skewness,G_ZCR_kurtosis,G_ZCR_q25,G_ZCR_q50,G_ZCR_q75,G_CREST_mean,G_CREST_std,G_CREST_skewness,G_CREST_kurtosis,G_CREST_q25,G_CREST_q50,G_CREST_q75,DG_PEAK_mean,DG_PEAK_std,DG_PEAK_skewness,DG_PEAK_kurtosis,DG_PEAK_q25,DG_PEAK_q50,DG_PEAK_q75,RES_RMS_mean,RES_RMS_std,RES_RMS_skewness,RES_RMS_kurtosis,RES_RMS_q25,RES_RMS_q50,RES_RMS_q75,RES_LEN_RATIO_mean,RES_LEN_RATIO_std,RES_LEN_RATIO_skewness,RES_LEN_RATIO_kurtosis,RES_LEN_RATIO_q25,RES_LEN_RATIO_q50,RES_LEN_RATIO_q75,mfcc_1_mean,mfcc_1_std,mfcc_2_mean,mfcc_2_std,mfcc_3_mean,mfcc_3_std,mfcc_4_mean,mfcc_4_std,mfcc_5_mean,mfcc_5_std,mfcc_6_mean,mfcc_6_std,mfcc_7_mean,mfcc_7_std,mfcc_8_mean,mfcc_8_std,mfcc_9_mean,mfcc_9_std,mfcc_10_mean,mfcc_10_std,mfcc_11_mean,mfcc_11_std,mfcc_12_mean,mfcc_12_std,mfcc_13_mean,mfcc_13_std,mfcc_14_mean,mfcc_14_std,mfcc_15_mean,mfcc_15_std,mfcc_16_mean,mfcc_16_std,mfcc_17_mean,mfcc_17_std,mfcc_18_mean,mfcc_18_std,mfcc_19_mean,mfcc_19_std,mfcc_20_mean,mfcc_20_std,mfcc_21_mean,mfcc_21_std,mfcc_22_mean,mfcc_22_std,mfcc_23_mean,mfcc_23_std,mfcc_24_mean,mfcc_24_std,mfcc_25_mean,mfcc_25_std,mfcc_26_mean,mfcc_26_std,mfcc_27_mean,mfcc_27_std,mfcc_28_mean,mfcc_28_std,mfcc_29_mean,mfcc_29_std,mfcc_30_mean,mfcc_30_std,mfcc_31_mean,mfcc_31_std,mfcc_32_mean,mfcc_32_std,mfcc_33_mean,mfcc_33_std,mfcc_34_mean,mfcc_34_std,mfcc_35_mean,mfcc_35_std,mfcc_36_mean,mfcc_36_std,mfcc_37_mean,mfcc_37_std,mfcc_38_mean,mfcc_38_std,mfcc_39_mean,mfcc_39_std
103-1240-0000,103,1240,0000,unknown,103,1.05351524851853,0.588710873947012,0.506728567068313,1.83751012438424,0.527421816089441,0.800998286057285,1.61907850116382,0.551903957260409,0.204496675331759,0.1819075997322,2.65980505073792,0.408988095238095,0.54854797979798,0.689393939393939,1.55933781731403,8.46751550142714,-0.473255249292465,3.86609223805206,-2.46966710308273,2.91238410974966,6.33571954490695,9.43512913503638,9.99090825704982,-0.442474217075652,4.56869915198571,5.80678047527888,10.2108183817974,14.3003965759162,1.63604789840322,1.01596308741154,0.803827050816456,3.16490878312576,0.984604017316481,1.35027022071326,2.25309719697311,0.0152674817881327,0.0097141094629545,1.15313305163395,3.67971593332139,0.00750938673341677,0.0100125156445557,0.0225281602002503,2.08593699135219,0.413259124688226,0.392405653027366,2.59544934578548,1.67604696744264,2.12370054760764,2.38168661986274,0.266806207550679,0.293598190488734,1.61287177712158,5.38164622225231,0.0480571508832938,0.13590202377201,0.386387182109822,3573.4762973174,425.291187284856,0.798200658586509,3.06391518263396,3203.23927558445,3505.72561474983,3843.93123631854,NaN,NaN,NaN,NaN,NaN,NaN,NaN,-2.20336262618014,1.85758868292937,-16.4185002243703,2.95506308201611,1.34300896946403,1.3733297624501,0.188434112517355,0.864012445248735,0.745322736946952,0.839543268021229,0.137718948592881,0.491354862810955,0.0564679543936839,0.431674934861491,-0.267857247049106,0.417722014419019,0.0730115220214742,0.332444625722289,-0.0818321101737887,0.352531455860019,-0.0758099955717522,0.288845370211492,0.0605992504948362,0.20865762789606,0.101908709079271,0.223260711211956,0.0312841998765569,0.229519199344759,0.000767559285170814,0.404794948832918,0.00330992049381495,0.76746050043016,-0.00103044749466253,0.426345290505077,-0.000829517282076332,0.269854794943279,3.09446855258754e-05,0.235579887251062,-0.000162719300886575,0.196201368723535,-0.000417117856058073,0.158742150231413,-0.0003275994255732,0.172146358574768,5.265341807711e-07,0.146638715849583,-0.000176949805393934,0.142581125589954,-0.000356227846102654,0.136439235083339,2.7547019203806e-05,0.114571175565383,0.000290409381531148,0.115069854269102,0.000180095765910791,0.115209338658743,-2.50276264758559e-05,0.337404746876664,-3.64415193644224e-05,0.626976964574398,-4.62155647569335e-05,0.353516211004548,-2.56292999136379e-06,0.255293665726276,-4.96745356696223e-06,0.220281897114935,-2.2014605089452e-05,0.196035387978245,2.79953757994755e-06,0.166674985964513,-8.13866331629814e-06,0.175679921708312,-8.67366660379055e-05,0.166852047739124,-4.50079428511142e-05,0.160248367058805,-2.58110384736287e-05,0.151792595246521
103-1240-0001,103,1240,0001,unknown,103,0.876116404217484,0.494687940329467,0.708555864953443,2.20722964927984,0.474509480341618,0.65937339180303,1.30061929491019,0.503810916512467,0.188891281562333,0.270994869714166,2.82024648144805,0.381820436507937,0.497017045454545,0.6171875,2.5319529361992,10.2444263871662,-0.0801221206389019,2.92472407677954,-4.36546837698554,4.0004874313409,8.45619047687167,6.89608737020802,12.3205912847677,-0.396490418551461,3.56897897198929,1.90890727331476,7.65759601945426,13.0092997232146,1.70943330953277,1.06231664229141,0.660722425809733,3.04643830364619,0.934561188245877,1.55570101106862,2.37369489988358,0.0156288127454917,0.00941567397650654,0.873181956759092,2.61364920541087,0.00750938673341677,0.0125156445556946,0.0225281602002503,2.12338107882769,0.439723605997061,0.434383827582028,2.89616462071876,1.68162382451189,2.1717916685419,2.42896986861376,0.310181130848894,0.311691143449053,1.19555891828481,3.64498817029243,0.0621137702277286,0.164848612242119,0.505075824699972,3624.32105443832,392.376346733688,0.662545074703098,2.7868530389181,3310.94338662864,3559.88314228206,3875.62992998118,NaN,NaN,NaN,NaN,NaN,NaN,NaN,-1.89721424619397,1.78541511771123,-15.4803045219063,2.80009158839011,1.31714174636768,1.43860501760192,0.0562912990030707,0.817747522562311,0.825048953138039,0.911120630601987,0.0343551062328442,0.556391573575454,0.000232695236410863,0.461715372676402,-0.361724923092562,0.462751149173674,0.0424300230227619,0.375159383348837,-0.154592694797124,0.331543882084431,-0.114375187391623,0.289558981638935,0.049989083564574,0.231481376148806,0.0811071356309169,0.256061734883718,0.0291884831162995,0.211062675842059,-0.000154773772086982,0.480180423782969,-0.000332180649302182,0.898276475803129,0.000312968533753335,0.457499171505159,-2.13822030400005e-05,0.283044887360327,-2.82241368828085e-05,0.263201655390175,-0.000161027976252544,0.194847347123386,0.000297068929269016,0.178592777079797,-0.000167430927972424,0.187229901344837,-7.36531837246926e-06,0.148984782625978,6.16611239731299e-05,0.144567264389745,-0.000241440114917477,0.13818532678918,-0.000197956035069234,0.122896851617004,0.000108242462200797,0.128530844966402,-8.23141942466215e-05,0.115161353036825,6.42686847207809e-06,0.423839777391561,0.000150509307286542,0.758897966353659,4.20034075980455e-05,0.39046160817341,-2.3613787439903e-05,0.2751024797992,-5.64794320036139e-05,0.241849946359078,-9.34381322996657e-05,0.196747448596431,-6.42431265050725e-05,0.181207655208529,-3.1875985716357e-05,0.190967715030946,-9.0294991605857e-07,0.167659590530737,-9.14538659868257e-05,0.160892306051379,-3.72730474663169e-05,0.152050386801671
103-1240-0002,103,1240,0002,unknown,103,0.762125071083294,0.441685304360221,0.883440748683423,2.55007954889363,0.424084990684931,0.569960413060765,1.09231505919584,0.482084477717972,0.185513235981397,0.50895570843722,2.933532069061,0.347826086956522,0.467391304347826,0.581866804692892,0.097476033458836,9.98359648009757,-0.0677878599774938,2.59258568228358,-7.42591470754962,0.861772756503875,7.3103258205877,10.0326550165084,10.8531833108683,-0.00695333673468445,3.78565890495317,4.77979611926903,9.40118371615144,15.5878898474329,1.74703039776629,1.11518307015149,0.482500959206143,2.52815271604052,0.798421776552,1.6866031548325,2.51203247818197,0.0161154680761025,0.00967284100702994,1.04959223411934,3.6127315628425,0.00750938673341677,0.0125156445556946,0.0225281602002503,2.14470378302845,0.416775764264163,0.431903334903797,3.52783339958013,1.73642633305692,2.19804542982552,2.42591945347834,0.335706206686521,0.337103973405773,1.41208828168335,5.0972171774966,0.0648973405095343,0.207696634899908,0.534464598876836,3692.70746309004,417.447045050991,0.678229929479246,2.9705882928254,3357.55231218554,3626.12093249066,3952.32386030611,NaN,NaN,NaN,NaN,NaN,NaN,NaN,-1.69750298739269,1.80290006213431,-15.1805730809674,2.65851970900285,1.45578957039386,1.4969993121801,-0.172192079543888,0.972262321102026,0.82825265500804,0.865023665545915,0.0617789367223618,0.55695498084575,0.0233228929506623,0.444282602088341,-0.376359138646849,0.466404480619953,0.0663615119993022,0.3391262178349,-0.11761950684021,0.396141535177555,-0.0704670065604213,0.320624191223506,0.0925153625253501,0.261575585019546,0.0591583771386723,0.277658808792304,0.0341067529677118,0.232222639507299,0.000156097039539791,0.483258567865842,0.00040907481127189,0.860050176350684,-0.000643932615744609,0.467429294917917,0.000114242964956885,0.291612406323738,-4.10660164871618e-07,0.267848814829728,-0.000200565410548402,0.203664471324881,-0.000269899555450179,0.171103760191042,0.000106523110760357,0.182350898223208,3.2654759406785e-05,0.148941020861422,-0.00032367593685494,0.149389925955381,-4.75442884764844e-05,0.137675748038304,-0.000118190539193632,0.122830611878701,-7.96921493455099e-05,0.128303100662158,0.000240773087935215,0.113551115209072,-3.28030630962355e-05,0.427684252360261,3.08395552027683e-05,0.698734834410666,-8.69398168038763e-05,0.378604476305972,-0.000156774966511249,0.28141911257934,0.000120204126952541,0.237372028979692,7.89207683076004e-05,0.200829027232644,-7.54578614436105e-06,0.182511252814853,-7.51645046646728e-05,0.172339790886557,1.99085033271032e-05,0.164143535533713,-1.05902091430806e-05,0.156117147820441,1.65457734992133e-05,0.152610719997776
103-1240-0003,103,1240,0003,unknown,103,0.86798307667028,0.521325144699264,0.861862718308815,2.41040907736502,0.463685077346034,0.614854453267191,1.31465220625673,0.519938656196773,0.181320044613308,-0.0504828469783331,2.84506145143355,0.413004032258065,0.528535980148883,0.643255131964809,2.37381157702109,9.56685671489899,-0.327112619043606,2.96851943260994,-3.71351275820676,3.59900921014442,8.2909859567926,7.39064988175422,11.5098028138185,-0.119350326605353,3.41958793531821,2.05809777786921,7.7114988522336,13.0602820021567,1.73276940063678,1.02857153366512,0.327239789918692,2.1815260846702,0.983323823165415,1.56119949189055,2.50574084700558,0.0158540029160515,0.00935293131004709,0.951389097871769,3.19827106440789,0.00750938673341677,0.0125156445556946,0.0225281602002503,2.11983600333505,0.410602042131823,0.246223360367336,2.50985926967418,1.68911595834772,2.17732178440077,2.40569733826238,0.312444755283751,0.288282751155364,0.979521438506248,3.20253142705392,0.0578977249443323,0.207536008327561,0.514877413363665,3656.64587447314,411.281269086029,0.631129403790238,2.98183458805959,3308.86497876932,3617.8186111243,3939.74665782677,NaN,NaN,NaN,NaN,NaN,NaN,NaN,-1.80851045037289,1.86096233032607,-15.4484605473199,2.89775321144275,1.51293523808648,1.39365215902505,-0.0682941012529177,0.940046924436931,0.879587612124652,0.82856030345469,-0.0470047878275549,0.513697233677134,-0.173920603786875,0.447910705123007,-0.295582371472524,0.469010406523897,0.171186347823279,0.368731441051313,-0.145219474604584,0.325349901545398,-0.00896418494542949,0.287059567284093,0.0173414172244113,0.256041039762563,0.152790020620965,0.239035932239133,0.0152731352995481,0.206262925570527,-0.000635746117742168,0.471226730432136,-0.00140287634784809,0.889034085151139,0.000551706749669866,0.443495737643129,-6.12549401148412e-08,0.291285908387491,2.06143643344266e-06,0.256236850096552,0.000166004586818534,0.198745387798621,-4.18302829332165e-05,0.177387705706947,-5.12852349103661e-05,0.178289686143152,8.67524371223186e-05,0.147479759288098,5.97253059012251e-05,0.133404522467833,-0.000170237752020789,0.13420833635819,-0.000104584627463081,0.123266123882914,0.000190172479574232,0.121774770014726,1.46892351680599e-05,0.115105935786307,-3.85549029748012e-05,0.431254815585618,4.70169603381603e-06,0.766253461681721,-0.000120311090242192,0.395457883798227,-0.000159031077666952,0.292340110677393,-5.00007340975172e-06,0.232559532239486,6.9505072425874e-05,0.202453307633265,9.81830417183491e-05,0.18934162597489,-7.24011786776076e-05,0.184226199580935,-0.000105973219600718,0.164380951171638,-1.78984249828144e-05,0.147642807585006,-4.74843536287925e-05,0.154423766989126
103-1240-0004,103,1240,0004,unknown,103,0.830098451060817,0.474078214488798,0.882416129756482,2.57271298831995,0.459115605304786,0.635864949988138,1.20381941815742,0.502482695192795,0.175923842285883,-0.291141978423394,2.98220983337177,0.40625,0.525,0.609375,0.386955353165366,9.78965454191949,-0.184837871701778,2.45082258517762,-7.19715922241452,1.8080017430934,7.45128707046994,9.05727113045225,10.7726899288407,-0.0888512150248134,3.50131033633587,3.48982046053925,8.58841666336724,15.0404467755942,1.69429977058293,1.08923430280355,0.541274026324334,2.67894612472862,0.803337956574886,1.50734202024299,2.44920813743939,0.0160796424560373,0.00963507047240355,0.955236241919142,3.00236586001084,0.00750938673341677,0.0125156445556946,0.0225281602002503,2.12893269265197,0.420571230938425,0.339381749904441,2.92996887626675,1.69391091769915,2.17768606158077,2.4284381317951,0.310235618061285,0.314024026035974,1.42383917494604,4.99095004673655,0.0650331798110016,0.181874949100529,0.503489768655699,3631.94613669136,386.995346161079,0.734257308629012,3.15992882326582,3332.33808883334,3580.64418620448,3863.7973781849,NaN,NaN,NaN,NaN,NaN,NaN,NaN,-1.75677872594242,1.77960279490241,-15.4995778600353,2.63282980065765,1.5964670024671,1.57644497516233,0.132959071887887,0.885045219323492,0.834838227258501,0.786702126824097,-0.0903675336607837,0.572259788459803,-0.205271616031091,0.449715653868941,-0.243867460328187,0.408359810463585,0.128779643541617,0.354972444110037,-0.17532452493859,0.330538208581885,0.0951482480132414,0.290247521046443,-0.059363333692216,0.245660032515179,0.186840144967618,0.246163726453296,0.0344653487044304,0.216014883901702,0.000714334357522463,0.473193240344449,0.00185827235208184,0.833223095516114,-0.000382174323326725,0.488205898272146,0.000210322547392933,0.292516664623775,5.71358262188579e-05,0.244461445814339,-0.000243094867327316,0.210230546558821,-0.000219303213396132,0.175138680072444,-0.000338167065951671,0.179120041857288,-0.000244453535611062,0.148196643685433,8.56257594166424e-05,0.144271496741238,0.000214309355394464,0.13499435038105,-9.17400595820432e-05,0.133206977819236,-8.42927634982864e-05,0.125212109157646,0.000168859608220269,0.108973927445358,9.61382947631175e-07,0.431914835621319,-0.000147591366691924,0.679036802723051,-0.000175861049474394,0.402716164316507,-4.96371129221705e-05,0.28071386956308,0.00011557286927245,0.237406086621593,-1.74262268486812e-05,0.20060214111907,0.000111923339826964,0.185593718664737,-9.19493640885704e-05,0.181599778568413,-9.36408674658067e-05,0.1655637015482,-1.69398431688785e-05,0.158205861641612,-2.5848573756865e-05,0.153921019394224
103-1240-0005,103,1240,0005,unknown,103,0.886364743222399,0.50350735810805,0.708838116408621,2.18010637198008,0.475116786709974,0.657954588201577,1.34148743671023,0.510900334671459,0.170129272854451,-0.149863478926584,2.98039699404511,0.409836065573771,0.519125683060109,0.622950819672131,1.0686861567796,9.69778246763739,-0.308473825024195,3.2521609645328,-4.99266019455686,2.84361420389205,7.42325681785537,8.3542296727388,10.9541591993394,-0.189521197708926,4.22528466137571,2.96621072103944,8.20277258778351,13.7935853125071,1.74560804352433,1.06382207703112,0.375332044763991,2.45905122317237,0.838043560027579,1.70612505705658,2.46394924973974,0.0162645474721791,0.00981273940031719,0.882517704924231,2.78231211056155,0.00750938673341677,0.0125156445556946,0.0237797246558198,2.13846137467066,0.449799958819357,0.414595612092126,2.89153155688252,1.6837101595112,2.1948284197985,2.44138522872748,0.319824776140395,0.321854018577642,1.26650762325461,4.06734382127993,0.0668243441709778,0.17490715405381,0.510786525766997,3647.06011984431,356.844333392587,0.606124883622747,3.05713128475604,3376.60857118626,3618.23564806976,3865.71649020581,NaN,NaN,NaN,NaN,NaN,NaN,NaN,-1.67619969462397,1.70755967273573,-15.3723843674293,2.47619278860872,1.34666871997011,1.6473843194229,0.205956559761317,0.927430675986865,0.852291321531865,0.892135041694613,-0.106262875697811,0.573694113077941,-0.266857453520094,0.472397995048137,-0.125638915343725,0.415651664841231,0.107971487224403,0.314464888394974,-0.215639505893404,0.337437646839777,0.0957452618386363,0.301388119431283,-0.0571822343266512,0.2443874757853,0.152028563387536,0.225840303424388,-0.0115641111120411,0.234821714895985,3.46080939835363e-05,0.498474096940485,-0.000482748950648618,0.857662589964366,-8.0876445835421e-05,0.472426202290485,-0.000170054979416844,0.298261143696034,0.000314701795549837,0.266460617547588,0.000117747696013451,0.210526714303908,0.000190320186357199,0.183668996562054,8.99063027985893e-05,0.171664851304626,0.000135304860269173,0.144971605041179,-2.6069425087325e-05,0.142732445974845,4.10496226248423e-05,0.134099826379533,0.000464730144246621,0.124755707165926,-7.91387194140274e-05,0.116099832789874,-0.000211352578607017,0.115909602921073,4.06905904309893e-05,0.4510391444591,-0.000113163393140176,0.688356156403954,3.6651347661089e-05,0.384306444665248,-4.71490981653926e-05,0.290155349122384,7.33617590114444e-05,0.243330605809924,0.000143501727995748,0.210386352636528,-3.03293230975247e-05,0.197458497712376,1.41435359334564e-05,0.177247422725698,0.000156539604791601,0.162434615338228,0.000105617449690531,0.161168600144076,0.000155810102193792,0.150662415067685
103-1240-0006,103,1240,0006,unknown,103,0.805095006743054,0.456730568392624,0.839238242311487,2.38946796789376,0.451195077160681,0.594132507571002,1.18286324570801,0.500720262923664,0.183294912649398,0.433742282557398,3.0381805612594,0.381769722814499,0.491293532338308,0.596727898966705,1.48060817359386,10.1546707613409,-0.280794841949092,2.34295358598325,-6.85490185141507,3.51482171076115,8.84667710345767,9.09331474289452,10.8640729945504,-0.00331715010043625,3.52948549006575,3.23074305341819,8.67031504191557,15.2931970670253,1.64322513758566,0.9372847746866,0.351432585574333,2.70226639290688,0.974616397230398,1.53828689871145,2.3518943411876,0.0154569522175257,0.00854844127960329,0.721750331969164,2.4949516230527,0.00750938673341677,0.0125156445556946,0.0225281602002503,2.09985062253853,0.385013825074765,0.0542509269435998,2.14546366640362,1.68576836528182,2.17544879290938,2.3816095818381,0.269838745224655,0.240105418504718,0.989681491917943,3.07677456442557,0.0656632125377576,0.188768685533599,0.426188382055788,3652.60999561603,393.265985120751,0.656745807910176,3.10084822908962,3347.36158551338,3600.82840932706,3893.78818973721,NaN,NaN,NaN,NaN,NaN,NaN,NaN,-1.7697412184,1.66941694975196,-15.4395090682645,2.63049067703693,1.63645578826757,1.58242910783332,-0.0433994956159934,0.889638533402084,0.730967858296776,0.87249222759895,-0.248833488723107,0.604624696046816,-0.101891898205651,0.455784634106799,-0.12351805040036,0.41172609749539,0.10116080033774,0.394091642000871,-0.101866197275184,0.316579760393428,0.0989767972814549,0.297930294682776,-0.0614209060003692,0.214654100015579,0.169257344529087,0.23600358994913,-0.0349101352103764,0.236342871436983,-0.00114910602964242,0.432412521215538,-0.0044747677024702,0.860752637305848,0.0014014844453513,0.440647241774127,0.00137511306398176,0.270068091145449,-0.00113055866039707,0.259670227569564,0.000352465569647339,0.208706801517079,0.000955523494686891,0.177665580587602,0.000344842073478298,0.163123811891017,-0.000611392704001817,0.148095050613562,0.000130122884097064,0.137653537288408,0.000416636895633908,0.135074469116598,8.67565159808767e-05,0.116794983452976,-0.000332764196803017,0.114298829006143,-7.90104674978099e-05,0.118555506880818,-0.000142840358187478,0.377630366157876,-9.98992887541234e-05,0.701079344855295,-1.80384119856321e-05,0.3823465491492,0.000144534566440755,0.259908251686518,9.5220662375747e-06,0.247580902115583,-0.000163504661840679,0.204947068649214,-0.000146082147448813,0.186532720923462,-0.000110344953467148,0.167308966059956,-0.000204823426685598,0.15959056603065,-0.000109534094358453,0.155356908718917,2.50335794137415e-06,0.146142977019867
103-1240-0007,103,1240,0007,unknown,103,0.790855061054934,0.454545552418089,0.839995138657575,2.36381932480223,0.432263371905758,0.575315708860368,1.18888380718542,0.490996944487531,0.166531925870621,-0.0745211438733764,2.96846944212019,0.38844537815126,0.5,0.588235294117647,-0.511296545218304,10.5253650963053,-0.0622985761924945,2.27009204608703,-8.9721078296946,0.221914495432009,7.73792345095433,10.1092494131573,11.0727178277981,-0.166306583093426,3.40144118625634,4.37556437529159,9.23210800308973,16.7458690495106,1.71230914327097,1.07332774709756,0.559922106011046,2.81700114049268,0.950282864672663,1.55489054548557,2.4369725002937,0.0162452899346333,0.00907158185297016,0.637591662183347,2.21115841448883,0.00750938673341677,0.0137672090112641,0.0237797246558198,2.11947497564787,0.400497306458796,0.181083825979282,2.61641732123013,1.70358207123827,2.18974931526548,2.39151182661339,0.299841622550316,0.288924077357324,1.13513449838226,3.57298165281907,0.0528850255370016,0.181569278074593,0.479937202617813,3661.01903158021,397.08805366152,0.397286377530542,2.52955956603108,3335.28245807953,3626.80639830561,3943.66768387656,NaN,NaN,NaN,NaN,NaN,NaN,NaN,-1.83301386479263,1.78815575325373,-15.7508806776547,2.83039991161054,1.57573373663563,1.41186363476691,0.134457948223809,0.880393008069868,0.974538353548807,0.805436879376189,-0.144312122807915,0.577322970015111,-0.213612997694975,0.444878854924956,-0.14599283848607,0.43453722108166,0.138235300390341,0.328701179268963,-0.14504772118633,0.317697404904744,0.075936491414811,0.285588745926337,-0.046805312639378,0.234847463730492,0.147641710652427,0.245866871376717,0.000137635491481846,0.235335213606513,-0.000521141224841732,0.415484205321113,-0.00118683131310373,0.789989794724391,0.000435434753166143,0.428337498376044,-0.000318013711202153,0.267236184980569,0.000117499170775442,0.238367995478398,0.000162466140869432,0.214830317636796,-5.0546794105098e-05,0.177872375695592,-6.76598501559263e-06,0.161638912553394,-4.67268211919673e-05,0.140902958511851,5.4744202593568e-05,0.138381577688016,5.37658505835866e-05,0.131431851520348,0.000167675924658482,0.121625951854294,-9.40977768060558e-05,0.122135581621337,0.000242519110502101,0.117140983014211,1.9144827740575e-05,0.363412301566659,9.13324709875552e-05,0.636843070966354,0.000100301190319611,0.356982447509194,-4.12440388672823e-05,0.245278800651267,-9.92346645792792e-05,0.22419208653592,1.43946791600344e-05,0.21478227442388,-1.98143614637838e-05,0.182376479693324,-3.36193726613848e-05,0.158760148686798,-6.2638639260277e-05,0.155602167969677,0.000132132326897811,0.153604245371743,8.51026429355271e-05,0.148568795207548
103-1240-0008,103,1240,0008,unknown,103,0.737990589006361,0.400460004373598,0.772989745289257,2.23756875955242,0.426225192255043,0.55134646847756,1.10291498601055,0.49288804928333,0.170721927316041,-0.0074472677260113,2.81827460414023,0.383561643835616,0.501997716894977,0.593607305936073,-0.536400115073518,8.9548736188077,-0.207515951640844,2.29945850434444,-7.51211764213268,0.418377965664183,6.54088264106963,11.1159425803035,8.67719691044398,0.435550059750886,3.249200064664,5.432185186891,9.77125951665661,16.2127897160695,1.59813876667212,0.985529567224941,0.519000799994409,2.49822165789115,0.779275690859193,1.39116731187823,2.34794064986407,0.0156400829171618,0.00933953762673361,1.10747041016686,3.74613831727465,0.00750938673341677,0.0125156445556946,0.0222152690863579,2.11571464626013,0.401744819384501,0.123378384202778,2.30165202249825,1.69559794478748,2.17619508174861,2.40857021251642,0.272292264882269,0.274309361392513,1.44060353603032,5.25894926705469,0.0549307776210888,0.151756388198796,0.425485278821907,3629.04749919878,395.637819324695,0.685028394093753,2.8468726674785,3316.06071181927,3559.49246221552,3868.28134740332,NaN,NaN,NaN,NaN,NaN,NaN,NaN,-1.98175721384039,1.73856655248493,-15.7411106511666,2.65288020944247,1.56837539413419,1.41494108990591,0.0836782155748944,0.895556840534765,0.876126989536864,0.8605152371289,-0.106612914297837,0.586230240582104,-0.0928864428493915,0.503680359534965,-0.211446504822018,0.439070735819821,0.0938881517469876,0.341842738001165,-0.148920413419223,0.327862651145008,0.0752100860830458,0.314533313398525,-0.0507439713693008,0.243604120333353,0.108772451988237,0.230837329006555,0.00203403392715029,0.214935028904475,-0.000327500914262139,0.406881987479189,-0.00139335828515809,0.760870187872539,0.000512345576703458,0.443574158257341,0.000167051467674418,0.267435960960138,-0.000337777868921459,0.242173957214447,2.02532921375373e-06,0.211467439678422,-0.000161644767439824,0.185634349706958,0.00029073190727113,0.174483963429167,0.000198919899017447,0.140958570160817,-2.04538027664303e-05,0.141280059706258,-0.000132452989668229,0.132322985370416,-3.38105859044318e-05,0.120398018503115,-0.000112712455309516,0.108520969317112,-0.000227480025630425,0.108177572912407,-2.86760869307623e-05,0.347240601776197,-4.99120075907869e-05,0.608349063227227,-3.5716451407535e-05,0.366094727943291,-6.23317614395317e-05,0.250989528306593,-0.000139239195961585,0.219574782683166,-8.05603507390464e-05,0.197330283308615,-0.000139773523662365,0.183663607994513,2.06870743494341e-05,0.166444599795933,0.000110134627391903,0.153805417861247,-3.27968631456602e-05,0.152033828748063,-0.000117507169302134,0.145554087505569
103-1240-0009,103,1240,0009,unknown,103,0.734123105255004,0.383579967612689,0.926952150504558,2.80795795973588,0.442940496247493,0.5795554166421,1.01863196884334,0.474045810813154,0.17139250409517,0.135015039507901,2.62584469983645,0.358695652173913,0.463768115942029,0.586594202898551,0.106613819510784,9.00638666517304,-0.0462762061072517,2.82838085116366,-6.28762127977415,0.711611452610452,6.90930245642067,8.56240513760173,9.5986993744809,-0.169439924954642,4.29760819159188,3.40888076688553,8.59656932563317,13.7501479569208,1.81631589444734,1.01469328272576,0.339387095916352,2.65889510929535,1.01327031638252,1.80445210716522,2.50463011809532,0.0169080219142799,0.0102478405739038,0.907612057167662,2.90490340691466,0.00750938673341677,0.0125156445556946,0.0237797246558198,2.17915888281276,0.415982530384579,0.190074217448076,2.8078652319924,1.76649409434711,2.23309934054533,2.47011304680732,0.329897502305575,0.284640174153837,1.01680630910129,3.47223750725895,0.0976440527905588,0.243369967117236,0.50840752866434,3736.589306836,421.301551311953,0.576858429644634,2.87478756575795,3418.98067798569,3690.07119830265,3985.49091144145,NaN,NaN,NaN,NaN,NaN,NaN,NaN,-1.63079971931718,1.58949297600145,-15.2355953141521,2.34275108451077,1.3678904990724,1.59720519528724,0.255132360308572,0.929341630047094,1.25421252790026,1.02083267416098,-0.247871813660207,0.623600316262937,-0.210139738431226,0.494078473979161,-0.169691882381474,0.448989876360631,0.093789346402481,0.371667702983758,-0.316900947855931,0.322543811128934,-0.00889761797658714,0.312817211259345,-0.0816808516170387,0.229403179912623,0.180733492460448,0.246371229775755,-0.000284523219499,0.244627956335294,0.000107201850581949,0.472170564934683,0.000558753817160526,0.821637073449247,2.44140311983433e-05,0.468464319809379,0.000138349120231789,0.288855641536292,9.25870470525339e-05,0.311304121252336,0.000542535339748217,0.234993265921339,0.000110141002023451,0.202170532977391,4.31643088077999e-05,0.16623335897645,-0.000288215194918909,0.147679441153762,-9.68527340179222e-05,0.149066279877056,9.2236142503312e-05,0.147137612173037,0.000113999016393404,0.12167641242951,0.000299427331092843,0.120557676350938,2.96207902791748e-05,0.120301751582816,-0.000111795426625371,0.421030173470288,4.7770140233612e-05,0.680607333692754,2.88052031230169e-05,0.377841914713424,-8.66262512443787e-05,0.278287619358736,9.19332795279655e-05,0.273981871541308,-5.71183204638856e-05,0.231532407071165,8.85706206452342e-05,0.208651306366335,9.31867907160501e-05,0.166097498156755,-0.000247558087821997,0.159584135710105,-9.75963621864321e-05,0.164031708243252,1.95597211542978e-05,0.161034508238486
103-1240-0010,103,1240,0010,unknown,103,0.918733290622523,0.534092091481796,0.76506471359969,2.3640658558767,0.489674906532968,0.66826236836741,1.38151008004018,0.522351897032888,0.184667184483155,0.235069783891771,3.05403489123412,0.395334174022699,0.524590163934426,0.639344262295082,2.27406793002544,10.0463196756093,-0.318560381420291,2.88337161956777,-4.07841107987391,4.07520514086464,8.58383138119882,6.98359722053286,11.6275812876019,-0.187238116787023,3.4161530276579,1.52474755541236,7.50853510553148,13.2600276457757,1.73621710629714,1.08017730742515,0.617633112416414,3.35628671163198,0.943281202839728,1.63125325200714,2.43485634342353,0.015867564808314,0.00962278657591963,0.960388294873133,3.11204626756661,0.00750938673341677,0.0125156445556946,0.0225281602002503,2.12404960679873,0.401231380001556,0.374962412217187,3.23997164889806,1.73100394960879,2.17169811339031,2.40432440585448,0.31700178819195,0.318137348885342,1.72245624588812,7.95427160107154,0.0660932728596285,0.193179455652939,0.500086529104356,3641.63268820332,393.668685993382,0.564619825274451,2.69548254575953,3324.5469360551,3595.07531137357,3893.27674803253,NaN,NaN,NaN,NaN,NaN,NaN,NaN,-1.77323311731571,1.85538449949349,-15.2114087956032,2.78201268321722,1.45017520622434,1.40754760462073,-0.139545007667705,0.920999497609396,0.970285527894725,0.935631215056675,-0.242515915903189,0.611578029010879,-0.287159607099592,0.428203772359806,-0.140499504171157,0.442506930079994,0.148318679669997,0.343812904033776,-0.160928769644653,0.340959383934999,0.0941479174845787,0.26892543469425,-0.0686871089262531,0.227738243883907,0.150022252416994,0.228873402082629,0.022985315004275,0.214478253848523,-0.000307479377997166,0.48894738657708,-0.00143419668336064,0.840655499138657,0.000693259979870618,0.438558753388571,8.22398793058519e-05,0.29097067973703,-0.000384804506512497,0.265069184812328,0.000109649457993687,0.20961172878988,0.00018663962925634,0.18634131772334,-1.36015390003169e-05,0.175800389900003,-0.000191121014385764,0.148910972615267,0.000105319170901004,0.148096249816621,1.28723474541374e-05,0.132971431699564,0.000269682512862298,0.120173942132276,2.61782282669357e-05,0.114950506003423,0.000151180909816868,0.11406494024033,6.48348595910846e-06,0.438247995013543,5.20745038748593e-05,0.680029018907749,-4.83920876144388e-05,0.366515265779576,6.60184495819346e-06,0.28070706827345,-1.58870227957321e-05,0.241492628535231,-1.51394009021538e-05,0.21010361279923,3.30622627673088e-05,0.203356930099396,3.88376813992575e-05,0.174046342518354,2.23725393665939e-05,0.165315098304026,-4.67050076488793e-05,0.165212437200945,-6.34079395343014e-06,0.148721514607783
103-1240-0011,103,1240,0011,unknown,103,1.10014802614496,0.62099035231834,0.690575785820948,2.21684110643043,0.598439308536377,0.831053572048701,1.63452900258468,0.539297595924745,0.19334595584446,0.25440058418644,3.01025703877203,0.415094339622642,0.537735849056604,0.660377358490566,-1.52026607882161,9.41688287000702,-0.265187935041298,3.42701169380424,-6.64211932247636,-0.131408213495497,3.79819670018732,12.3516299971776,10.7414329201071,-0.579266471615221,4.58484785258637,8.51564964091058,12.7619863595371,17.3842742920697,1.60121200688525,1.02279384682102,0.655276745147882,3.04625272928448,0.920153321752997,1.36236876526601,2.28966789036601,0.0160364726955924,0.00994736741355276,0.906395222544912,2.67986214827737,0.00750938673341677,0.0125156445556946,0.0225281602002503,2.08388919629145,0.418040537505631,0.36224011332443,2.56100683883732,1.66215735048165,2.12971745970375,2.37771357401129,0.276984775157085,0.285074780159568,1.35856817270648,4.41195110034822,0.048906802665459,0.15327443831146,0.446478691496855,3593.96884904594,388.414199198272,0.621203916368959,2.60419860331406,3267.46947739728,3527.88008149588,3867.7467242886,NaN,NaN,NaN,NaN,NaN,NaN,NaN,-2.05566713207317,1.83307816215172,-16.0631439181367,2.88419881494679,1.57932652868777,1.38395917149184,0.0695648367871586,0.922704492023344,0.861715618204986,0.817945139796011,-0.092169311929051,0.566943149477563,-0.228747366690498,0.44605423520997,-0.0898782922724433,0.41049057920672,0.124682169349401,0.331381862121406,-0.124468311785275,0.325811066524407,0.114423160286138,0.272119544746717,-0.0926862544113545,0.253441925466902,0.130748160201774,0.246407119139436,-0.0273788678659592,0.238061209981217,-0.00115376777708981,0.491240955323389,-0.0034624747811568,0.893594435952866,0.00114528138262853,0.424242996751914,0.000876018769955692,0.293926463064955,-0.000388164862956996,0.246278675401047,0.000471492429530934,0.208470701661154,0.000412758606752988,0.19991075771897,-0.000142314396041666,0.170333975779899,-0.000382569208318188,0.146026576272049,0.000122694834627386,0.144756863652217,-3.02687223633052e-06,0.131746632742027,0.00023140363092772,0.123604243183752,-0.000372784951925173,0.123466091556222,-1.68602834566709e-05,0.115913809609074,-3.10563724593954e-05,0.465190642493446,-6.77005972088618e-05,0.73598060061994,7.22048067368741e-05,0.365346459261325,0.000136154037855892,0.280934366329466,2.59514666266391e-05,0.228827552283864,5.25946965937555e-05,0.209442316246325,-9.56712154925044e-05,0.211152263544425,-2.24341362748972e-05,0.175188696732653,-9.57332053686395e-06,0.165342259215636,-0.000207545057287392,0.159905831270705,9.16318439829188e-05,0.154529629160875
103-1240-0012,103,1240,0012,unknown,103,1.00074783703053,0.584624607452718,0.666463645788663,2.07934790951481,0.509883645400971,0.73739432161745,1.54700192766066,0.531676246089373,0.194076793731255,0.537892045691137,3.06705991529052,0.392857142857143,0.515093537414966,0.642857142857143,-0.589751159213078,9.25995919229627,-0.353867737541107,3.32313569166095,-5.3459686520995,0.594859945975691,5.14486226413658,10.4067440806517,10.3284878587439,-0.410260447159183,4.00891883161706,5.74262460390988,11.130882369663,15.8489720308026,1.85756461070664,1.2279809189458,0.663615143917183,2.88139797386126,0.967792720524119,1.64854931338216,2.65782279572424,0.0160943753949864,0.0102907002427309,1.06993082264948,3.29763696905345,0.00750938673341677,0.0125156445556946,0.0225281602002503,2.1121885170051,0.44491463217491,0.518109908088414,2.91772657594341,1.67395509719917,2.14155200029816,2.40266897698989,0.358014080270965,0.385848180856911,1.43620019026133,4.72817356109145,0.0657693971760376,0.184597965033997,0.554755942481044,3629.5642371299,395.745231766324,0.745890376071549,3.07592983821273,3318.82136991952,3553.95683944001,3872.20974921036,NaN,NaN,NaN,NaN,NaN,NaN,NaN,-1.78860266525252,1.87615934920159,-15.4990688644897,2.82426930401354,1.34706284885711,1.38582506761318,0.10827349324118,0.862793369745219,1.01136804239651,0.78241566318166,-0.162403136856332,0.544720510811084,-0.285052689434762,0.464139020442709,-0.125919602834757,0.383436645436797,0.160201725646134,0.357305524632983,-0.136522020000036,0.346258612153188,0.0877396862343732,0.290805425805498,-0.0977733002359939,0.240633768965704,0.163839927968461,0.240506871509874,-0.0134996573285821,0.214062529155736,1.56503530230935e-05,0.496589971739054,0.000192351823375647,0.874991842074139,0.0003438077807387,0.450256010439503,0.000110512313277965,0.282756812612451,-0.000146536141959932,0.2494660765717,-6.68889215878833e-05,0.206948451681668,-3.25015718068488e-05,0.176816543958062,4.42146962810991e-05,0.162353468182313,3.1766402763646e-05,0.151755866643757,4.66426988700178e-05,0.145452843303143,0.00010514386654213,0.140203920177233,-1.67074138083117e-05,0.129787322509959,-7.64173060797936e-05,0.11821345292733,-4.0662926567304e-05,0.120876541542165,-4.85191093095359e-05,0.425133812889601,6.91743365266194e-06,0.701404899875526,2.87753391555993e-05,0.372917895843977,5.19341033110514e-05,0.275364988354192,-5.94953115987281e-05,0.23438593418131,-7.01714305738386e-05,0.202893225296941,-7.15045324998162e-05,0.183376680127906,-6.25779352139295e-05,0.174200519811959,-9.06255776459653e-05,0.166245001450762,0.00011186799034168,0.157011394524145,0.000116802117523771,0.15532798680466
103-1240-0013,103,1240,0013,unknown,103,0.835024466985988,0.48606543999572,0.754725841086629,2.2787229619528,0.438301944129325,0.619179790709798,1.26255686898213,0.498896334933001,0.170978663558613,0.0332624630987188,2.97998908495835,0.3984375,0.505394345238095,0.598697916666667,-0.464721404083528,9.82464265935391,-0.253123417357718,2.63510482185289,-7.31125222937099,0.834338004746604,6.90204700774607,9.5981876530789,10.3256000994618,-0.027786404138005,3.73801191066996,4.09656186719099,8.44334734343268,15.734373725813,1.75269753790889,1.05666831502904,0.413772465232013,2.42883762587987,0.962903506780664,1.63899087909065,2.48931359286935,0.0167300123840742,0.0106148176772142,0.920632345553821,3.00264008036603,0.00750938673341677,0.0125156445556946,0.0250312891113892,2.12220653836672,0.423955056856398,0.350757888086667,2.67023878113704,1.69154733933674,2.1764423190746,2.40803090819592,0.335847606118812,0.331927417390666,1.18707567505421,3.77475398779184,0.0613347574235132,0.194437762352366,0.532936025798403,3670.78858070164,418.050412992263,0.63360084559174,2.94179939195781,3324.5524361783,3631.6295645181,3920.08903594433,NaN,NaN,NaN,NaN,NaN,NaN,NaN,-1.70977578309431,1.91426358252867,-15.3565861419622,2.89056980478041,1.37211121160464,1.4234070824643,0.00103143467832072,0.947387515753233,0.955309476558522,0.864317053760327,-0.181824549107034,0.561510817582603,-0.183004272166605,0.447454214261202,-0.152446867974377,0.428500333170488,0.134954758466109,0.322631499202961,-0.155076064810205,0.340021178504039,0.12183372551206,0.307254353536598,-0.0725281499887429,0.22917063203042,0.167877530005923,0.221364843196621,-0.00277355597407482,0.239911808243465,-5.35667644844641e-05,0.459476535342612,-2.37723767026892e-05,0.831190675127284,3.05172225852974e-05,0.467322502664889,-8.59384981785485e-05,0.302766365943758,5.8810997679431e-06,0.26543482930579,0.000122174508397791,0.222699639878497,0.000106657889362778,0.178068399307252,9.32439575959395e-05,0.169713077078548,2.86529320284506e-05,0.145135048274039,9.66773219284209e-05,0.147574070739653,2.12197512060195e-05,0.129001606831251,-0.000163581666923066,0.119206636564449,0.000145943875089531,0.11589373459224,4.01562691713157e-05,0.116097506353615,-8.53742736042831e-05,0.402045247147598,-3.38435281164273e-05,0.692595996235433,-9.39910901015325e-05,0.390642898474582,-8.48055761086809e-05,0.283360306298471,1.74737166287493e-05,0.24670650989588,-8.82164872425408e-05,0.225276388688001,8.95885204564482e-05,0.186776242580576,2.64308803691263e-05,0.175746521767852,3.04226208972586e-05,0.163994695286486,1.94826483868703e-05,0.160293596119133,6.31040793133081e-05,0.144072563073393
103-1240-0014,103,1240,0014,unknown,103,0.917339779018595,0.472092859637062,0.711320821647679,2.25299102586002,0.531588004605288,0.730927169463139,1.31894919233156,0.496803315499363,0.209181054871099,0.631480345304088,2.69337578290777,0.338461538461538,0.453846153846154,0.629807692307692,5.29807155756982,9.54217702260428,-0.40769751930582,3.3939157486551,0.156608914380815,6.361041051647,10.4968409314869,4.20293249996593,12.1321668636008,-0.153395721957843,3.28941212764938,-2.79288923666251,6.00799241390841,10.4941234667836,1.37347518286061,0.841364002941632,0.613143212141268,3.03666250257453,0.690417338737776,1.22881545700238,1.96897522222211,0.0131252427603471,0.00711860326416676,1.28050563476635,3.88193563669781,0.00750938673341677,0.0100125156445557,0.0175219023779725,2.0446189805243,0.377326607804452,0.306321376544611,2.46429475893503,1.65884561732336,2.07374601755877,2.32893477744095,0.203220249565025,0.195824960400012,1.3458437556885,4.36835731612667,0.0459402205177824,0.126442674237538,0.312264793112764,3583.29584267983,372.669385978771,0.5813344669662,2.72304035206071,3270.46839983261,3546.47007519139,3821.16724103944,NaN,NaN,NaN,NaN,NaN,NaN,NaN,-2.32330163337407,1.60672456717419,-16.1161800070097,2.69342648032723,1.61951898187674,1.42913923006329,-0.0606857477176916,0.951840198071709,0.882739421726838,0.827641265168649,-0.0420759868681562,0.539547169090168,-0.195246048880901,0.440112318846934,-0.16130103598413,0.420385308322227,0.0557823909094568,0.373294655695951,-0.106997662250345,0.329255179721049,0.0107407495924576,0.275049915201871,0.00324214009784844,0.231253949183475,0.0827469067419665,0.224378272641833,-0.0276706541531759,0.20366308110473,5.17899287866725e-05,0.416938544257125,0.00117625112477827,0.795857689625241,-0.000658030793944716,0.442903972694558,-0.000463969468763126,0.305870162157298,0.000656966363529621,0.246781032919844,-0.000194513576173404,0.212412397256907,-0.000282260951735171,0.175744158734841,0.000199036176659031,0.160949077631644,-2.52153275089047e-05,0.145387505036099,-0.000179442973731569,0.139763786293623,-9.65165162602397e-05,0.1344525962855,0.000277317141533193,0.119190856507632,9.2376053132152e-05,0.120074583736075,-7.75431810189912e-05,0.11299802606667,-8.07302719958713e-06,0.380835038547762,5.18425514936265e-05,0.665300297948116,-0.000116526742497701,0.375577550962309,3.40637764655496e-05,0.296489891356854,0.000109995515551638,0.227550518361884,1.79996883307833e-05,0.209001060092091,5.75181819888568e-06,0.190482991552117,-3.26396067431229e-05,0.168185941279529,-9.03133762104827e-05,0.163007578483528,-7.74386284578792e-05,0.152152365500688,-7.86535368728573e-05,0.152600326019288
103-1240-0015,103,1240,0015,unknown,103,0.686952498725744,0.376751795745304,0.877233771747181,2.71090201381571,0.392626446772792,0.553825775863317,0.966594901141702,0.521064121874307,0.172257312798424,0.226974219275728,3.60176260067563,0.413759213759214,0.521396396396396,0.628861003861004,-2.81207552818563,8.84917729260565,0.0953386944796251,2.1567697883965,-9.82730792608322,-3.11196998240496,4.45368196883771,12.7138772174508,8.88757096775524,0.496026202001693,3.33993956447787,6.42000897669872,11.1800159255471,18.2371422040241,1.71611563799959,1.05033569554149,0.18024021541234,2.00239961238776,0.829174105844272,1.6914695447254,2.53193869997628,0.0152412000411655,0.00783494110883605,0.643010539727633,2.27122338876989,0.00750938673341677,0.0125156445556946,0.0212765957446809,2.2296884890738,0.41982243127914,0.327860744697819,3.19833812688893,1.92390449252175,2.25304721457272,2.49200548862808,0.311513203321312,0.276518344802345,0.787435940955259,2.39235201556495,0.0765473240322067,0.197227120893475,0.513626766456024,3634.68481026371,382.873913969651,0.464844314480394,2.30809069769105,3315.68770256833,3584.41075387246,3919.30297440819,NaN,NaN,NaN,NaN,NaN,NaN,NaN,-1.75672723063379,1.62598986168035,-15.1580677930385,2.67151056563166,1.49994489439823,1.42518219000691,-0.0374781713230329,0.916546654905753,1.10507950160123,0.897518421279299,-0.146276598952896,0.540795632475974,-0.209183901379868,0.398019323228538,-0.195681357948936,0.445390503943459,0.0865786625276913,0.334685976019772,-0.156794830775305,0.315855471855909,0.0996301830666249,0.257624022759513,-0.0632425574764129,0.24948190012886,0.0924332895387609,0.231185251286355,-0.00850523317170975,0.209418462583553,0.00113089579077987,0.506040170218865,0.00513132663548554,0.931342338965307,-0.00125997053722028,0.498897144792679,-0.000744369287171043,0.302870415517179,0.000548882384700036,0.312659146080336,1.16786792936811e-05,0.224556512569137,-0.000357998167882998,0.183550456498652,-0.00205044645249666,0.17633281623855,-0.00050822920930811,0.13996671291896,-0.000413286279510548,0.145449334170424,-0.000135489892957445,0.134278734110443,0.000559297575469052,0.112585645911962,0.00106313962957616,0.117991783210628,-2.44423796488968e-05,0.10784856729202,6.22049861616753e-05,0.471769982224985,0.000378177977983062,0.806635933775732,-0.000599560944118247,0.440476445015701,0.000141802903875843,0.299145048386735,-8.17493056907204e-05,0.267272228217734,-0.000171615496307487,0.220826610518302,2.73150941474001e-05,0.211390997844072,6.80572632807994e-05,0.181934643522065,0.000175973600567529,0.169007683865843,0.000275038883961181,0.170860994769473,0.000429687106509874,0.155976777903819
103-1240-0016,103,1240,0016,unknown,103,1.09680659613715,0.629860687719562,0.626775621795319,2.03606134280431,0.565609212210001,0.826683175950157,1.67822905688161,0.519559317787894,0.200927904447218,0.4260472026527,2.93500834780856,0.381818181818182,0.504343434343434,0.636363636363636,-0.244595175114081,8.65479615866701,-0.150826154378534,3.63263850327857,-4.8170356000981,0.465332710743328,4.55066313034768,10.9659087407706,10.3708374800732,-0.6312460461373,4.31683493131463,7.26217428650796,11.9231551365744,16.2535107987815,1.66424690535551,1.05078104848288,0.774927878376256,3.24625338057407,0.949228140894948,1.4430740065693,2.29893209030659,0.0145628578616998,0.00901401900234768,1.37488056057667,4.72114816644951,0.00750938673341677,0.0100125156445557,0.0200250312891114,2.08442764691066,0.408952228646299,0.59561565016421,3.34610052409038,1.6895433975331,2.10040303917887,2.36159209813662,0.288081218050375,0.305037929390407,1.53443757945709,5.40794032870016,0.0495917071963392,0.149054573425241,0.460407094312542,3583.93930523961,417.476006276304,0.871914999585615,3.34833895815082,3232.63573266631,3499.99799090779,3845.45212447919,NaN,NaN,NaN,NaN,NaN,NaN,NaN,-2.06288902712989,1.87869127040686,-15.7796299792276,3.12579829742133,1.54648079940849,1.31307998872893,-0.061877114838545,0.977658174608345,0.768943899455954,0.866194438728536,-0.185036527672179,0.56937530451861,-0.177186424433765,0.452642480709665,-0.0990438248862186,0.400844377169373,0.103362245477283,0.314126476379472,-0.103762766971744,0.342535991906036,0.104715540438333,0.303007518557016,-0.0654998856154096,0.230717104367731,0.120929854756582,0.23293118290027,-0.013069820089434,0.21455689267606,6.10976685585809e-05,0.495850825204706,0.000984376553270727,0.866988817035174,0.000386828679159782,0.464599906929992,-0.000241403755724827,0.301148638913313,-0.000337492354090036,0.268625303099423,-9.60350111076084e-05,0.21608732166969,-0.000215314062174554,0.172053178070534,-0.000280291998061359,0.168879520920396,8.77099913349788e-05,0.142418436704751,0.000264977309907655,0.151975627596019,0.000206817269314605,0.140653544178495,-0.000180340709069952,0.119621479649448,-0.000166319821263414,0.123974911037791,0.000139680989938676,0.114581735080298,1.95210849644021e-05,0.436217025737318,-6.7848765340359e-05,0.694396366582046,2.87993938555427e-05,0.410276928897826,0.000157054246977534,0.283798251237697,9.5723910975987e-05,0.246636574215827,3.58348787339668e-05,0.214844974830049,-1.66493187524529e-05,0.187759071277747,8.4081429241793e-05,0.171833888189535,6.9489683569858e-05,0.158303297347078,0.000106545501029168,0.167056292500741,-8.13223843544252e-05,0.156149458792514
103-1240-0017,103,1240,0017,unknown,103,0.823229923636653,0.480495669058703,0.695540189450379,2.07374423733949,0.41883062990676,0.601655666376818,1.27065281504241,0.496458444046326,0.188677238133971,0.539875110954775,3.0418021484675,0.363636363636364,0.477272727272727,0.601325757575758,1.42372120922082,10.0890080837102,-0.305847621803389,2.78045714410134,-5.63706522123497,3.17456706944268,8.56034408652316,8.07636084269732,10.9934469529751,-0.0997699729747984,3.97552303213849,2.92896336484491,7.34178882584193,13.6463778100443,1.72015961321688,1.00169249349038,0.456184765816673,2.50644604730729,1.00958062784225,1.50710073531378,2.48104003426267,0.0161685989757696,0.00985229615291087,0.897307519773472,2.83130337600839,0.00750938673341677,0.0125156445556946,0.0225281602002503,2.11103011783852,0.424835942185532,0.306065761032088,2.60821750146356,1.67130675159316,2.17672905703452,2.42467461890857,0.319099971214517,0.303523286822133,1.05564023608751,3.64735545415767,0.0560277296359877,0.206572239859681,0.538562421897195,3649.90914064535,423.856929632332,0.57249909746477,2.62630230223182,3288.97012833956,3594.32701617172,3932.12733186127,NaN,NaN,NaN,NaN,NaN,NaN,NaN,-1.77662778732944,1.94462704209678,-15.3583787833598,2.97050849757156,1.62727945762553,1.42435876640431,-0.167435657282623,0.892353717871691,0.830824254883882,0.780084761599161,-0.0990252902179157,0.574337705062267,-0.24173373642325,0.470981343609398,-0.228181465588535,0.435901891069183,0.117328124556358,0.361734406945695,-0.167156659057887,0.348758288357684,0.10524196300456,0.3212738955629,-0.0799106791611261,0.230970235544717,0.163243024295457,0.24045252866105,0.00382893368211317,0.210783184167216,0.0005711927518777,0.456855130922155,0.00191306665953666,0.794460168178851,-0.000976874044878837,0.431656385730925,-7.58359571744684e-05,0.27414804289861,0.000331322325321019,0.23025875952334,-0.000663743021255728,0.192230768393908,-0.000257104737258976,0.169611588652203,0.000331041620714643,0.169902746932934,0.000156245639575867,0.136062648701717,-0.000439135557118106,0.142725319845049,-1.87467639611837e-06,0.13795046598966,0.000168863098945405,0.119370231929864,0.000148985058371699,0.115874269127002,0.000139341374731576,0.113609002437632,5.73964539241995e-05,0.398197284612915,4.60228579747275e-05,0.637621366410875,-0.000115052469431308,0.362905441755322,1.62443575909791e-05,0.267987524176135,-0.000105415589482707,0.21505902050218,-4.27573044391455e-05,0.193577566630479,7.51256265807806e-06,0.179928107752897,-3.34085122792165e-05,0.172913358444401,-0.000174245569804655,0.15180226046855,2.05982641313648e-05,0.153258782359821,-7.25061744857725e-05,0.152888666751953
103-1240-0018,103,1240,0018,unknown,103,0.799097835255113,0.433231614594196,0.724159254958367,2.31207477996764,0.438011144444439,0.642475150032064,1.13943163318896,0.465580224662031,0.176279228539442,0.00117492549920585,2.91147028278134,0.352941176470588,0.470588235294118,0.588235294117647,1.22689486373709,8.68650236257666,-0.378641974566778,2.89340109669484,-5.04031281117591,2.3362896773932,7.78396960998083,8.00994893175798,9.8838888085647,0.369435938752846,3.80831380738265,2.4231864033635,7.11132631809488,12.8949488610396,1.71074317791124,1.0723327678446,0.595595580371896,3.16969169095679,0.854837936267687,1.59834370004224,2.41739028186864,0.0163547130542393,0.0108511570595472,1.27532091635396,4.00020721982127,0.00750938673341677,0.0125156445556946,0.0225281602002503,2.12646526521203,0.429764198710628,0.367327055383679,3.01789489622335,1.68947986081679,2.18136358095186,2.42468859502,0.312799759376747,0.308614786321439,1.32797686991586,4.56186425537256,0.0692922601474115,0.195959221471845,0.485775433763708,3693.49408090243,433.414966151284,0.696723296148217,2.87600995900633,3355.67441621472,3604.54792332655,3972.82307047996,NaN,NaN,NaN,NaN,NaN,NaN,NaN,-1.78385064069065,1.81522143344961,-15.4667220691891,2.57140570442334,1.44081114373102,1.36576666754798,0.0712495482823327,0.906450777125252,1.02339873129138,0.845059321777585,-0.120077217236757,0.58421946113224,-0.286194316798428,0.494450540196343,-0.155526085781783,0.417049751519216,0.0998469694902465,0.36179459439469,-0.241715803112425,0.323002451577491,0.0879988206192098,0.295107453148716,-0.110900803224082,0.24486046183066,0.185977934052674,0.242091286614655,-0.0239711822844754,0.216827989358721,-0.000678783985063602,0.515709218940939,-0.00297236472896614,0.892176251470272,0.000764993928418147,0.457513094590357,0.000591522528519624,0.287788666990109,-0.000496050251171541,0.262389259111707,0.000660311057639857,0.222287627862055,0.000786531438531603,0.188760631368874,-0.000222800103580371,0.16708208592216,-0.000138589099583236,0.150593578651278,0.000244681308258809,0.144046222144727,0.000196605719610752,0.13599376265588,0.000127333039176346,0.124133703198437,0.000238575928797883,0.118096493076337,0.000167029932007491,0.112584542516258,-8.97894322088657e-05,0.48230400664843,0.000248180749116186,0.747907388279745,-0.000250071208224137,0.393386868804674,-2.07329918684141e-05,0.281730789491874,0.000234746369555326,0.23400005043509,-1.78844406197367e-05,0.216797082516472,1.40071497161255e-06,0.194105583973004,8.98124752069132e-05,0.171700324841281,-0.000149153916582346,0.168159937908263,-6.97388390396905e-05,0.163023320308164,-0.000211826300167369,0.151812382716124
103-1240-0019,103,1240,0019,unknown,103,0.956710268502788,0.513637657643832,0.665067800257861,2.14874870540986,0.529733755664188,0.733412649125863,1.41489101191649,0.493756724307227,0.193323613543806,0.051108675754022,2.51619296415989,0.353333333333333,0.506458333333333,0.626190476190476,5.10477140860863,8.84261436874501,-0.113231562036264,3.44476715970572,0.0273331555516146,5.75938059995052,9.8101168859695,3.98634407334275,10.7664648258179,-0.603429382747267,3.5877671123195,-1.10408089432917,6.00456669244352,10.1967874591922,1.64344183151872,0.995111860701101,0.575189302718056,3.19637528795495,0.921094491297119,1.54625528835619,2.29088127449222,0.0141803230600752,0.00889920678615576,1.56057429634651,5.58247546612568,0.00750938673341677,0.0100125156445557,0.0187734668335419,2.0834052003553,0.41403030776043,0.416646747964779,2.60234260614708,1.67671569030506,2.09917693948597,2.39058775918037,0.280528188412472,0.298392448239948,1.93347568775567,7.84703165349582,0.055878988222822,0.161028346162786,0.415075119817315,3632.24470990263,406.136441888065,0.673734722377891,3.01180038151808,3301.63737204971,3579.68693575844,3895.25359530894,NaN,NaN,NaN,NaN,NaN,NaN,NaN,-1.97666492081452,1.71594968699921,-15.7791164283371,2.70976328740573,1.27325409878719,1.53318538298784,0.265329726288098,0.86511129900714,0.941392609832045,0.957642464915916,-0.21822504952747,0.619183943407075,-0.205222425874602,0.48698846205971,-0.118262831682174,0.41378282734103,0.0692765106933266,0.320525007201163,-0.196122373869171,0.31746436531739,0.0181544171999234,0.280624389560789,-0.0901022621996135,0.23852640074235,0.140234325158606,0.230777798574022,-0.0696963969715897,0.213854272222597,0.000759787102181753,0.464222956305152,0.00316548363920574,0.812995826837459,-0.00054041212490352,0.467089213567338,-0.000944553733655758,0.288357432463257,0.000614070943049168,0.270058366613794,-0.000502660639452481,0.208054121831167,-0.000309824386317306,0.183069427116153,-0.000212575991647101,0.163127967098692,0.000308991112759772,0.142719952603859,0.000105070726374221,0.13875132131334,-0.000260577253086189,0.13633671745469,4.77473979201324e-05,0.116355098947231,0.000273898458765408,0.119736984380688,7.98585344929445e-06,0.116888187883205,-5.55195705852028e-05,0.42026841505527,4.60755006819538e-05,0.671127829002845,0.000180407473576869,0.373929580668918,5.05025421641343e-05,0.269930890184888,2.3723489659334e-05,0.237020157606683,-5.20129627192424e-05,0.206986009194091,-8.29814855006389e-05,0.187304331847672,-8.3174148457795e-05,0.168734684663723,1.61931155907949e-05,0.161811374429435,4.57527584987113e-05,0.154020007773024,4.82338775831492e-05,0.153517509245468
103-1240-0020,103,1240,0020,unknown,103,0.870060866825123,0.475466285762321,0.640786240645023,2.12951727979048,0.461896802803719,0.685988027131768,1.32229260006513,0.474254541432616,0.200566628238378,0.5979369786782,2.96440440651848,0.337121212121212,0.440909090909091,0.582422785547786,3.33225576919404,9.81867553920605,-0.384266832027728,3.07844033653746,-2.06918045208888,5.12724189127763,9.10249237395138,6.25574124671322,10.5907233763282,-0.312279189107991,3.60388069531644,1.230561674839,6.92724798001462,11.5662957733828,1.5879064852227,1.07781375682811,0.951832022699801,3.58532396223251,0.765770616327156,1.29437617265248,2.23980387793721,0.0148783586064481,0.00954092401639461,1.24743166133836,3.7604498489393,0.00750938673341677,0.0100125156445557,0.0200250312891114,2.06142634998107,0.414710586737333,0.522841080417562,3.28869444950085,1.65255834752341,2.09043555292978,2.36644211374786,0.28137364031267,0.306725807666715,1.59550330871618,5.70534057977874,0.0469557554570833,0.141372113018169,0.448636942364001,3616.58626871208,415.502404454895,0.678921496532093,2.87860588590164,3264.40235538392,3554.00543259907,3883.30446901319,NaN,NaN,NaN,NaN,NaN,NaN,NaN,-2.1049968227896,1.85543249631952,-15.8866598714048,2.88906115266663,1.63676259244751,1.44895788791885,0.0364494652896659,0.855263483189413,0.873644658635909,0.844400057876503,-0.165419885455141,0.6279819431973,-0.190191668381562,0.438573820826494,-0.160595240686946,0.440086622468839,0.0337233764987168,0.378320889156016,-0.140261349898395,0.360890205116174,0.0270911100627495,0.301791891977426,-0.0461380608157869,0.224169647048018,0.108891580269074,0.239655478652709,-0.0401654070352971,0.229451892301193,-0.000310681343753435,0.439941332656229,-0.00172392862069676,0.837033728143763,6.47143545368602e-05,0.410879272568986,0.00125794268169902,0.268953705572378,-0.000444441687399486,0.222891180791828,0.000208478446092881,0.220826332666474,0.000597296184083331,0.187828779551514,-5.57797619059902e-05,0.166491350122482,1.98056177800724e-05,0.140354816216122,-0.000436548794745968,0.152547087337205,0.000107541640355332,0.135955321893733,6.3028742565709e-06,0.124931541458653,-0.00013591464520289,0.120178307555962,0.000200293706228632,0.117804233863506,-2.93826747852596e-05,0.394667550230586,-0.000104933944610583,0.688561371635173,7.79424458715063e-05,0.346446279475276,0.00011693773976974,0.244281351094222,1.28667880878579e-06,0.210958801125918,1.22326495743611e-06,0.214363167414757,2.31278175363978e-05,0.197827313708711,7.71188950030365e-05,0.166296282053272,9.40415469496252e-05,0.154801426199378,8.87200926847548e-05,0.164309828301638,-9.7381857347698e-06,0.150237487335345
103-1240-0021,103,1240,0021,unknown,103,0.975621744330536,0.531965834983907,0.653248583840191,2.12218137007989,0.522108515057695,0.772843543095529,1.47085779450228,0.520251514203749,0.204450063364542,0.350725896090417,2.64377488547265,0.364754098360656,0.504098360655738,0.65424739195231,2.29723611153259,8.62784270520649,-0.107550096740063,3.20132313073326,-3.11016953664541,3.32407519862023,7.34855693796063,7.77090544753321,10.5084591789461,-0.467516963142096,3.89861177032354,3.616836952971,8.91402968780014,13.1906411854005,1.69251448538998,1.13087750786056,0.751192417364046,3.20024202349628,0.832573457430416,1.4547411814651,2.41162618917171,0.0142510568813591,0.00900575161990227,1.49872704059357,5.0057148976665,0.00750938673341677,0.0100125156445557,0.0187734668335419,2.07638725824351,0.385057289216079,0.697840935048664,4.41504354935334,1.71946152392844,2.09708043154799,2.3214252948235,0.287148527727744,0.313067880176563,1.75569542238583,6.7615137158946,0.0481663083764916,0.154060303710168,0.434767948260042,3656.30877539078,453.680959591386,0.756790418280061,2.96216039463484,3278.58380766382,3574.47800358125,3950.08213352268,NaN,NaN,NaN,NaN,NaN,NaN,NaN,-2.11540890269269,1.82746389467786,-15.9687863312059,2.95393488260752,1.23160208001902,1.28770824853674,0.197014233418447,0.896142677375972,1.15511667925759,0.893211087981714,-0.147005263788476,0.582502181858822,-0.261682388375513,0.461155404283226,-0.146184202858811,0.427247871303199,0.14945233297148,0.344381437666145,-0.187655880184451,0.315597883596578,0.0859538018128018,0.271482030645512,-0.0349034436464188,0.238791564911703,0.160164336676346,0.232767620407623,0.00564134239603847,0.209017551561142,0.000908254387921797,0.445344698092502,0.00349294553650057,0.833685293226676,-0.000554306848179641,0.456240253743094,-0.000722436531041954,0.289573052012754,0.000663188384318019,0.271880195818388,-0.000258184694350024,0.218933440909753,-0.000836818211545091,0.178066618402269,-0.000105538777749172,0.161515893812734,-0.000184794867098025,0.138677728322297,-0.000128112035056945,0.136861656446887,-0.000210041479573188,0.122959190325191,-0.000222365960501986,0.115407059961263,0.000475352727326099,0.116857601517222,-1.47661000921029e-05,0.110401518461346,-0.000106408064825599,0.396247786370801,4.72407334704924e-05,0.682108313558809,2.18414821252586e-05,0.394676121165267,0.000119838373678889,0.282176066983369,5.84744500013382e-05,0.238900613665573,-2.95030578659373e-05,0.209347935403913,4.45827330311175e-05,0.192438549562633,1.09021378690387e-05,0.168667913370152,-4.31322574711912e-06,0.154827760641894,2.38206646323825e-05,0.153975875577256,-2.17467234170376e-05,0.139103159209844
103-1240-0022,103,1240,0022,unknown,103,0.870467800816667,0.488483664474638,0.68836764402682,2.15014996156361,0.460610128623563,0.658584882012809,1.2929753837045,0.48341711630628,0.179889561627678,-0.139595773651445,2.66024785385789,0.365079365079365,0.497354497354497,0.611111111111111,3.14166478375144,9.5418179035472,-0.117700784212309,3.08883917303508,-3.15013912604524,4.43808274023193,8.6762018574235,6.40622800413961,11.2245225881609,-0.384111451981238,3.74369210288392,1.2225885571572,7.35885607631072,11.9222808365674,1.75185164504704,1.06652346178916,0.502622528217694,2.75615366526346,0.861028533130766,1.62871977850433,2.48956133987729,0.015473260743106,0.0100552581300448,1.30540829526422,4.19115598250905,0.00750938673341677,0.0100125156445557,0.0212765957446809,2.09469025552292,0.425361766771807,0.571986516273127,3.56106313573483,1.67813702685154,2.11493200242872,2.39023980878822,0.324785226832974,0.336235108310093,1.66798518504624,7.04139545511639,0.0628025719869394,0.173874787545548,0.533776690101023,3695.14137260644,416.870732306572,0.625255512752005,3.143785454866,3383.8270991083,3652.64259978293,3953.31048847258,NaN,NaN,NaN,NaN,NaN,NaN,NaN,-1.72914941017876,1.83700950602007,-15.307919732289,2.72162087303538,1.22204245132387,1.51868683708277,0.116381470013614,0.98154352505692,0.890574871496769,0.911553655768379,-0.152257114785541,0.580013173426704,-0.221158633412637,0.485435972875832,-0.272341684983796,0.476474220061492,0.147942220733249,0.33701624318924,-0.216513050165538,0.347979144179131,0.110985718591471,0.309121447910192,-0.08177608479653,0.263980794707141,0.166681194465983,0.244539919173118,-0.00614513304358802,0.218464627976668,-0.000518274316340356,0.494861418578973,-0.00118235200300971,0.847155270213296,0.000115198423558052,0.445674122758705,-2.87265213167143e-05,0.298322155653993,6.20913787718752e-05,0.28054121441108,0.000115503410166874,0.217046829911508,0.000408613934767236,0.191548849027443,2.91416884274713e-05,0.183893221272012,-6.31266922846202e-05,0.144714662268415,0.000256356462301217,0.139439376308319,7.53559665156457e-05,0.136079362079399,4.69168914157453e-05,0.118659635446413,-0.000165389349947175,0.119760037039518,1.62083237789759e-05,0.11405578579817,8.9096239001681e-06,0.4545344382717,-0.00017041663733223,0.701578673808314,-0.000162290416713813,0.37577779191818,-2.88102374519705e-05,0.281967539499017,5.66719254484712e-05,0.251201105530448,-2.84871830069021e-05,0.21371514237084,-4.03460074049776e-05,0.198629801784455,-1.62737923572857e-05,0.188251848793072,-1.8844736420938e-06,0.164859370353135,2.60147320761012e-05,0.155500300434677,8.93933371104114e-05,0.15022086338318
103-1240-0023,103,1240,0023,unknown,103,0.885461961388375,0.490302839647303,0.752797426252517,2.33651947067116,0.485791939963099,0.687325789603697,1.30003307214619,0.478419269526548,0.181533150236899,0.158290024195989,2.81353773730183,0.354891636141636,0.476190476190476,0.6,2.86691980658755,9.30918265221522,-0.422135831397548,3.29592605636439,-2.61643604302297,4.32828298996541,8.4192279844741,5.83789562520572,10.5673902012871,-0.0829908596215129,3.92120371810857,0.730832353274749,6.44717885733559,10.9525803878187,1.61403400041356,1.1477641210278,0.719609315339174,2.78025454609724,0.687067598329376,1.28999762205124,2.42072406404753,0.0153164205049873,0.00961906997784922,1.24058173718057,4.10528191899756,0.00750938673341677,0.0112640801001252,0.0222152690863579,2.12257819837,0.411194191902308,0.353171513112191,2.68740808615746,1.7155184934887,2.14581502616636,2.41567661131954,0.301168050165979,0.345669165079067,1.89121235797205,7.28756078110953,0.0483012108091173,0.156300736801913,0.457248283264346,3628.21251081832,425.800912925513,0.745778206447954,2.98062862016773,3282.0292974744,3560.4571984476,3896.738975399,NaN,NaN,NaN,NaN,NaN,NaN,NaN,-1.9713241821815,1.86099937589066,-15.8331970200552,2.84742273859301,1.57481049035501,1.44407686660684,0.13995190268628,0.863324870771137,0.950345812519677,0.912019235267548,-0.1332420643911,0.583079553463853,-0.192503720474001,0.486285911025515,-0.189586419462577,0.446972640616951,0.107278485781594,0.331484864865929,-0.247015904530162,0.315543708961308,0.0687807639788847,0.280871257954761,-0.0590197117446994,0.235782654023583,0.162553363808491,0.23788167379304,-0.00341566759172871,0.223349190519084,1.16429199048201e-05,0.514518764226961,-0.000139226033746825,0.928698331924696,2.34480891781535e-05,0.464538054396802,4.52950743044143e-05,0.289534659257373,0.00010662506685913,0.276789957953047,-8.52380767777511e-05,0.221103542300412,-0.000202848925151432,0.191981101752616,-6.5645232384238e-05,0.18129157429196,4.85570912664718e-05,0.147580234949137,-0.000359403262113347,0.141370885666966,0.000135774299361703,0.135672141493296,8.35504495015463e-05,0.12329183521651,3.7080027186457e-05,0.124959870376556,3.12555752285976e-05,0.112326680138798,-7.90551101581443e-05,0.468569799439753,2.60832043487645e-05,0.766172490483031,0.000172151605325656,0.395224654029279,0.00010976339249739,0.282715111731967,3.18896831680094e-05,0.251310331075664,-7.50189431907579e-05,0.215373204107882,0.000151995863282946,0.202427678448956,7.25336143641464e-06,0.186499471714147,-5.46116361583523e-05,0.168334544605534,4.46030527681841e-05,0.15377039133579,1.67284130929405e-05,0.150941188795065
103-1240-0024,103,1240,0024,unknown,103,0.881301972230429,0.502779891526772,0.747405140404754,2.26408214432337,0.471173187630317,0.650399214532614,1.33248171538441,0.503301623537113,0.186745449428726,0.321640083781569,2.85205270412276,0.372321428571429,0.5,0.619791666666667,1.12725890726501,9.97932848979515,-0.480613401436939,2.83745824670128,-5.23059119256037,3.39217698182946,7.86550039728015,8.47596107734564,11.2239723507424,0.229268882917014,3.63682167087462,2.12315289510296,7.752621958807,13.8172848479401,1.65371771396071,1.10237722606514,0.718776655484266,3.12005673918958,0.76898888405046,1.41275430453668,2.38860757071593,0.0159030041655814,0.0104940093710727,1.39735935165886,4.82976065046292,0.00750938673341677,0.0112640801001252,0.0225281602002503,2.09431670605361,0.428773813857641,0.429601416339815,2.76306819188807,1.67108799688033,2.13579143399379,2.38447107601229,0.294970178563551,0.323734449891911,1.62376849772118,5.66462003792003,0.049740578890422,0.148781892394475,0.465261450492696,3653.20251432833,426.247552994326,0.606330995516493,2.55038224799135,3290.41490606929,3587.27591223962,3944.46728095075,NaN,NaN,NaN,NaN,NaN,NaN,NaN,-2.02169978378147,1.8040626064897,-15.954528390758,2.63302111390602,1.38780895537313,1.40489186922322,0.214152969944078,0.844381975245613,0.987790561182134,0.913180422583913,-0.131725027724955,0.570947513806565,-0.154206890304741,0.483458544862911,-0.180408537011515,0.419002888844741,0.0864256023279664,0.327548775909495,-0.143259721590794,0.344133156550192,0.0746991763866422,0.271450541309984,-0.0809771921053439,0.251626861799631,0.195556797047234,0.235651285246936,0.0146591604784261,0.237002247032055,-0.000270547297867078,0.466176229825265,-0.00166028023897835,0.841650079065045,0.000280230897414904,0.42021777632437,0.000657760564315861,0.274931730582237,-0.000484395027845303,0.264003827229364,1.20643071371665e-05,0.215769769147874,0.000383145240650334,0.187089801079386,0.000318247326531191,0.163568873335009,-0.000190149909253346,0.1386150741767,4.3949928273775e-05,0.147376382227551,0.000107183096301172,0.130864511799591,-8.23777421747126e-05,0.120252777626681,-0.000292787664380369,0.110456593043176,8.64377857987308e-05,0.11570949709238,-4.48318711828692e-05,0.403424830371945,-6.31741644856933e-05,0.662009421458545,6.44723540653884e-05,0.361524124763979,4.04883516366091e-05,0.256830332931634,0.0001251860141808,0.235403365392975,5.76962744674814e-05,0.21572632092874,3.98095264236853e-05,0.192223037992616,-6.54191333698795e-05,0.169926564426817,-0.000157980960462078,0.154396245636358,-8.51709596279336e-05,0.156690862382207,-0.000149455113140496,0.146393388721695
103-1240-0025,103,1240,0025,unknown,103,0.827725992954853,0.45856774143193,0.702234116448871,2.18821806822318,0.446512204970757,0.616687376354658,1.22762477857333,0.494824977102269,0.184759154521106,0.465695744238371,2.74344326528623,0.36231884057971,0.478260869565217,0.601449275362319,-0.433351900138573,9.00471367012569,-0.438544045196807,2.4704381169497,-7.1970459536834,1.28461044399954,7.02462590664541,11.2462149217922,9.39185761229155,0.470329660254884,3.340838671787,5.57185724149628,9.3582337260118,16.5210861425268,1.67865128816338,1.06817550162612,0.852739206776156,3.80777817350714,0.966052248823752,1.44373968753775,2.35919488909238,0.0152619487887712,0.00911272855737735,0.946230528078447,2.82419700032944,0.00750938673341677,0.0112640801001252,0.0225281602002503,2.08333474650485,0.406978284547946,0.358470694152626,2.68062848203702,1.67295219613762,2.12536147590575,2.37856747892915,0.283882829479036,0.290090851533295,1.45557690228171,5.07202657851329,0.0586618015921205,0.159997826791899,0.460487311561236,3618.35926310426,416.719466075113,0.846495885603875,3.42623271130435,3292.79238042266,3547.216714396,3855.37646287285,NaN,NaN,NaN,NaN,NaN,NaN,NaN,-1.96590438837308,1.80226337813294,-15.657363658891,2.88918752422751,1.47786520564081,1.4541473302657,0.0668249599843939,0.82803253071916,0.761616870565858,0.792171948846416,-0.125950421299703,0.586172277092708,-0.150290957095015,0.478824902936122,-0.16563407512663,0.426649890251949,0.106573250848296,0.35878384419372,-0.164887076730869,0.368921218994748,0.123530413579014,0.299912374898351,-0.0776835685936064,0.232230672676385,0.152850884693691,0.231477788143919,-0.0217851342938536,0.218441713091549,0.00082304781350572,0.464454729602052,0.00298536733629446,0.875522414445991,-0.000976590923088748,0.464770966096136,-0.000599196351528579,0.284687625240093,0.000480971932187998,0.239092138987218,1.42174040714918e-05,0.210164265960401,-0.000242144730557892,0.178396036567894,-0.000243687468479261,0.1638025208535,0.000209989548514801,0.144801564177791,-2.56369936485418e-05,0.14701072620249,-0.000157130112208194,0.141747043228815,-6.16443612309128e-05,0.12111309055537,0.00016430037936152,0.115401009564417,-6.16352382091136e-05,0.113641289248988,3.58877251829757e-05,0.397410851588002,0.000151702557528784,0.70056983788473,3.87563118282084e-05,0.390862540184498,3.28241455220602e-05,0.27125620687109,5.60711911519928e-05,0.226659779125308,4.36643376651602e-05,0.207413883323868,5.19658682784461e-05,0.191827254668514,4.51980157567334e-07,0.162530172529815,-6.54617327648537e-05,0.159888520873061,-8.78664807168344e-05,0.155335408610626,-9.87118739659665e-05,0.15570418555686
103-1240-0026,103,1240,0026,unknown,103,1.47018495004825,0.783345897276515,0.280204564636829,1.59451121370255,0.751439451332847,1.27032762213706,2.23601121112151,0.532172377381757,0.230085150519848,0.128611865542155,2.32642239969881,0.377659574468085,0.524822695035461,0.695887888707038,-1.34014062325687,8.83079621389072,-0.542778066937527,4.0147253838883,-5.15035441061039,-0.661043579488856,3.66136843143755,13.2349709865382,9.88822128125936,-0.296108277888228,4.75359151566641,9.11118734413649,13.3608792469143,17.7350126077516,1.7415243956764,1.0944815451977,1.19326953607336,4.17406792408719,1.03813466651709,1.24922146074122,2.31053786775054,0.014431489301313,0.00968153884127143,1.28580018525405,3.64152826431866,0.00750938673341677,0.00750938673341677,0.0200250312891114,2.0244368920854,0.437946767260268,0.694326067666456,2.83390743168511,1.62574824353507,1.93690805734352,2.35553913401235,0.284161979696587,0.327558052940447,1.58918009890659,4.98173694734448,0.0460198956496245,0.123634711041352,0.408395468827366,3542.15499500889,429.337919723364,1.09290986402246,4.51561790576695,3165.79960720657,3478.91491948617,3796.10013328195,NaN,NaN,NaN,NaN,NaN,NaN,NaN,-2.36564749448449,2.04002343250258,-16.506003509839,3.35306686082736,1.38461346584994,1.42672195720281,0.160938310748952,0.869340978944898,0.827251793223325,0.777937591559301,-0.0529992887297396,0.5122348762718,-0.192589319027695,0.439853931925202,-0.0964788777650362,0.431580278569611,0.158129440716289,0.318536795311957,-0.159629419851027,0.356743111519537,0.0781402883327347,0.223338064352372,-0.0881192447283178,0.231402548632903,0.149957632573227,0.233438109767299,-0.0193529371889376,0.203693761396307,0.00261090893818234,0.420364743811283,0.00553917452763577,0.725790298117078,-0.00221111865136957,0.456089940331332,-0.000133111703267226,0.264198580267992,-0.000121575550550908,0.236765405607731,-0.0009869730344989,0.195463297393592,-0.00108459202004178,0.173823039305463,-0.000160853976153876,0.164267692191493,0.000198929107937601,0.146109515869982,1.00174161066331e-06,0.137240666708922,0.000621673709927116,0.117986506004682,-0.000421968834964861,0.120766890540417,0.000539781854852094,0.122312995856898,0.000319066392271812,0.113966810642583,8.01472596435964e-05,0.363601720726179,0.000136846726416309,0.586990674225199,-1.11213378747853e-05,0.351866981859828,4.48561451388377e-05,0.249183703583893,-7.31250423441066e-05,0.216049024030371,-0.000192498076810969,0.194421252784588,-1.95263453397483e-05,0.185802217348303,8.93168923159706e-06,0.17338175103097,7.9481053497014e-05,0.165090086730562,-9.84025682600465e-05,0.150752702643675,5.3683348002614e-05,0.141956225282019
103-1240-0027,103,1240,0027,unknown,103,1.08287878972791,0.604684939702079,0.691003254998117,2.25211229583829,0.576877955289895,0.831000797854173,1.60213512183912,0.512035331915777,0.203474946335842,0.746231007634284,3.39152614154726,0.37037037037037,0.481481481481481,0.61522633744856,0.778429368339172,8.43712114838244,0.0100285798163972,3.59267732562817,-3.81141468932601,1.1259010013227,5.29128593528153,9.52458781890889,10.753653292641,-0.689024829581206,3.80582232705657,4.99956575371286,11.0455629503543,15.9480603214695,1.65800401534058,1.01427480077791,0.433664397718197,2.34444267871513,0.958216727261595,1.46117164866657,2.41995487900563,0.014867722584265,0.00974357174234129,1.40339512695145,4.47645859407129,0.00750938673341677,0.0100125156445557,0.0200250312891114,2.0649382459908,0.407216024336092,0.516687426572082,2.75131328677361,1.68226887167424,2.05703259292114,2.36337005072522,0.292997546463464,0.294405102912264,1.11035346362242,3.18969539434337,0.0553538250483835,0.152409302444183,0.465675479257321,3655.43053936484,413.886561573466,0.612971742636597,2.7714344248325,3295.43048072283,3607.0423504729,3924.54026419731,NaN,NaN,NaN,NaN,NaN,NaN,NaN,-2.10443503271606,1.79449639001505,-15.8128798402851,2.88697944585945,1.28868486742834,1.26044449693423,0.137209312472648,0.863509558102594,1.10092813773687,0.913848360259285,-0.144285189026948,0.54761497631659,-0.22521777117348,0.470476725903365,-0.1791409763984,0.438663918781505,0.108073636636408,0.324332240445196,-0.227350363826396,0.360931479330214,0.0881989891200847,0.282691754369126,-0.121568915216911,0.251698313238423,0.178470431410352,0.249393055277205,-0.00345056005027719,0.219269981387574,0.000148056050199874,0.521582906363886,-1.74195096620839e-05,0.940726759457618,-9.55289161004299e-05,0.427293140634297,-0.000302090343900203,0.299531263819735,0.000104070355942116,0.292454262814249,0.000245366621363211,0.207084417944779,-8.15955499861235e-05,0.185183035255523,8.05748293670867e-06,0.166635928050752,-8.06470818948651e-05,0.145096973005799,-0.000144700645917518,0.146041945560997,-8.546499248315e-05,0.133198667083287,0.000260875552884635,0.124515854002816,0.000302175592454101,0.120797242258212,-1.5910890440918e-05,0.114446015019406,-2.552261713554e-05,0.472056707434867,-1.26406376288774e-05,0.747558514331383,-2.97763084586633e-05,0.377468788015044,-0.000132252701864136,0.292125282203116,-0.000117662153596262,0.256989832467789,-6.85158461314343e-05,0.207046857911011,-6.18489775681953e-05,0.194099801038065,-1.67582147676413e-05,0.173242551643265,-4.55629463981868e-06,0.167160729222165,-2.11043393255483e-05,0.16305082677859,-3.20203894726138e-05,0.153541780269857
103-1240-0028,103,1240,0028,unknown,103,1.09392374409257,0.61937340280147,0.634136907084861,2.05674188355309,0.570569657438011,0.815706178824835,1.66168343970996,0.522719451040591,0.189926587837371,0.284401673333083,3.09194845463059,0.399350649350649,0.512513368983957,0.636363636363636,0.647967134638898,8.83070530804224,-0.172657737914748,3.81031021524184,-3.8028214008099,1.59693909782655,5.38039865939422,10.2607355457573,10.4329588181511,-0.758764168689918,4.66020076155212,6.54504028512508,11.3901002762534,15.7397653686226,1.72879716884266,1.18823686406463,0.981730586668558,4.55056322945784,0.860003178625988,1.52317185774202,2.48528251587484,0.0162037909334138,0.0101974683577723,1.12005466810997,4.05304642620699,0.00750938673341677,0.0125156445556946,0.0237797246558198,2.11042363248073,0.416492030219033,0.45800410411145,3.24133431820925,1.69409611337948,2.1534135366378,2.38963663260064,0.307461125399102,0.345411247605051,2.02130433668318,9.20520595501964,0.0489220483439914,0.155353436393232,0.481351619903007,3617.41018567391,399.520322802217,0.769674209952866,3.21568408748568,3280.19439280868,3555.30539838023,3875.18459130936,NaN,NaN,NaN,NaN,NaN,NaN,NaN,-1.99966502484482,1.89580929950211,-15.8946678441756,2.84433517728734,1.32362708843265,1.37832717218174,0.193395243063479,0.853954790933043,0.933477189607516,0.937368468880286,-0.096135927278592,0.582284446645691,-0.235965015726233,0.447015772742418,-0.085331579647028,0.38410829264676,0.126993995308895,0.34824991783091,-0.183944174990739,0.388081826752845,0.0456195042061708,0.320123710100293,-0.0625234464967518,0.250446997167502,0.149226808600965,0.234472531519571,0.00666056209836281,0.212787121818291,0.000177088169543398,0.406781463285453,0.000786059140248724,0.733760629312103,-8.79391130809986e-05,0.420475837838494,-0.000471774086245948,0.260374681925166,0.000547855671053365,0.267681999756341,0.000101786415096756,0.214250125170361,-0.000589292829916555,0.179308896881476,0.000231301291571503,0.162158107713268,-1.1860482693575e-05,0.140056989255959,0.000134808411350572,0.142506723510001,-0.000141286284783271,0.139041017614217,4.67448075608353e-05,0.126969503953361,0.000363715085522616,0.119509693152879,4.81049096980323e-05,0.112835631842478,-4.44154959561748e-05,0.336190104444622,-4.01222009305292e-05,0.584895655917805,3.54793581553489e-05,0.330859375297573,8.15600061156612e-05,0.246904092240399,3.64677685860071e-05,0.236321932458152,1.47684447691466e-05,0.204578651349462,-2.15569577779219e-05,0.184110618350201,0.000100983944371446,0.173973249783652,5.33763738130164e-05,0.155700106350713,3.13960611241111e-05,0.153285982401909,-1.26286312180637e-05,0.15068062153849
103-1240-0029,103,1240,0029,unknown,103,1.14014030520244,0.65914023118693,0.547738861132512,1.91452343768256,0.566912723781486,0.873815423737268,1.74671593215464,0.520675806362123,0.198468334993074,0.958340929080108,3.93882000020615,0.39622641509434,0.488050314465409,0.613207547169811,-0.333784906524866,9.42823969426538,0.26051997602688,3.62063747381439,-5.76984271319534,0.00297552644031017,4.50883445359272,10.8559531176643,11.4614874356308,-0.87147788022312,4.52263106852671,6.84385724404601,12.0034106275845,17.0726863317849,1.6737072850575,1.02206015335969,0.419722845312756,2.27644578683296,0.944010975813048,1.44141426505121,2.45767838670459,0.0158528758452992,0.0106316231937939,1.20794821812532,3.68126244317287,0.00750938673341677,0.0100125156445557,0.0225281602002503,2.06309155363123,0.423739099264254,0.451133464945774,2.59290811103448,1.64792946985096,2.09006815936196,2.38683186009768,0.300822850346729,0.30957437058799,1.09321138542076,3.25988523923695,0.0468507566470506,0.140349003907307,0.514691975273719,3651.29499544897,444.843768225884,0.607794796205655,2.5879462721802,3252.56434033823,3583.73934333294,3957.19995565003,NaN,NaN,NaN,NaN,NaN,NaN,NaN,-1.99101818757871,2.03607131366227,-15.7638473656283,3.03688531350408,1.38681850304507,1.28458157404971,0.0364746534190764,0.826661074675431,0.777741178046185,0.909707849723447,-0.187941378228489,0.593335559991832,-0.245356834827446,0.453021858451041,-0.195910039695156,0.415611628068543,0.13388622690335,0.360266560826318,-0.204263566523843,0.368007832803514,0.108001379305358,0.295252011817624,-0.106490888527348,0.238026432784861,0.206724581254344,0.22027899038347,0.0321483626567053,0.201438469738993,0.000460489289707198,0.45662226392872,0.000530939801079528,0.823712883178699,5.59217883907265e-05,0.41342689116482,0.000698287518625661,0.267834096040227,-0.000732772036781694,0.249722214964357,-0.000298361174801001,0.1986159416524,9.07590139537613e-05,0.168325095101274,-5.30434685729866e-05,0.16772994093584,-0.000404490578440359,0.141865498835997,-4.20932825039759e-05,0.143978695923304,-5.39467486043899e-05,0.127901525322185,-4.70516528858298e-05,0.115705102177436,-2.0365994689926e-05,0.110120328043862,-6.20896077524851e-05,0.108186103723019,-5.94625205295809e-05,0.397922544092628,-8.9307480961038e-05,0.675252463327841,-0.000198568255967377,0.352073616448895,9.20709678199031e-05,0.258571241186589,2.49307996358784e-06,0.223857850409852,0.0001041266375176,0.195230794713799,4.29172629694666e-05,0.172079571290433,6.60258891943945e-05,0.169807591365969,-1.08518295678509e-06,0.15786062416619,1.17964027633811e-05,0.156815084162631,2.96438071201617e-05,0.143382348957058
103-1240-0030,103,1240,0030,unknown,103,0.846928179809231,0.440618787966043,0.737008483607485,2.36275743240274,0.485077129747449,0.671771406165036,1.2276048685481,0.501636511033619,0.182002959933983,0.157755330342787,2.89045582770214,0.400995024875622,0.492537313432836,0.60987473347548,0.0710278103067871,9.59610915695906,-0.260120081500342,2.44221741139056,-7.26314295163895,1.47313952495431,7.70477945092259,10.1185622230052,10.4357434400003,0.181092632354511,3.62609867871998,4.35121364811498,8.59145374927673,15.3722322311933,1.51966234970652,0.960200574067993,0.596948494626628,3.33968582183455,0.754261168685367,1.40069332681528,2.22414312184538,0.0151432384403157,0.00894405283085152,0.918814730395412,2.87401065457192,0.00750938673341677,0.0112640801001252,0.0225281602002503,2.09211470168041,0.409031966346448,0.515202838119867,3.87768089953077,1.68291861615226,2.14464871710068,2.37592792170061,0.248307391837531,0.256873183076231,2.11464712381278,11.3806848656693,0.060058546054345,0.141340851640332,0.405763256932177,3667.98767788788,428.568342797307,0.777634174946121,3.1468913129098,3331.80551282961,3594.41024910287,3913.84443891546,NaN,NaN,NaN,NaN,NaN,NaN,NaN,-1.99246386972369,1.6505443807201,-15.7854253697757,2.45680594038336,1.46839870958962,1.5771918696125,0.0478974080690476,0.88253215876257,0.926184866109342,0.839877116439185,0.00451969852903745,0.577769813843952,-0.27094067089501,0.476913168143731,-0.220273056728587,0.458296700826089,0.160360001548283,0.335577597849261,-0.221693266665882,0.352020041200459,0.100136104663567,0.294370927497056,-0.0746167221387536,0.248535576509643,0.162344139054861,0.248013879918844,0.0227727845403168,0.222940123167973,0.00012741477496277,0.438344037014588,-0.00107457943748751,0.802795223267723,0.000745807631790109,0.455406782816703,-0.00021144880106145,0.285403127712312,0.0004154721018625,0.252550202548181,-2.74349076753142e-05,0.203582824215625,-7.57104150591338e-06,0.181531706893569,-8.99147273222828e-05,0.173143191649036,0.000133786545279106,0.141336380645711,9.45711249428917e-05,0.149223370654362,-7.63722112964685e-05,0.1331758076273,-0.000122931546826783,0.118114620445576,-0.000127592883924351,0.120272298164691,-1.41096064829222e-06,0.110391783776816,-0.000103944975326476,0.382462976914397,3.8436637329546e-05,0.671972418569198,9.61840752226147e-05,0.377303981242722,-1.85873571239356e-05,0.281647223683771,-5.19966382043589e-05,0.230130476370908,-3.19695691854902e-05,0.204090873534292,1.76620123521969e-05,0.186992373841669,0.000102803371538764,0.170609129985465,-8.42610384470239e-06,0.161845126973292,9.16865032477373e-05,0.162383931850385,0.000123698989357877,0.150599254341137
103-1240-0031,103,1240,0031,unknown,103,1.00195233657689,0.602078763628641,0.664957411160397,2.04527528239994,0.505101776675012,0.727902173855406,1.58592069832514,0.510109665969257,0.190151255022578,0.672725777022388,3.56379165185668,0.389184952978056,0.489655172413793,0.598706896551724,-0.847583090213995,8.84088895987002,-0.265574813793207,3.54047721929706,-5.59676044811923,0.305656840132979,4.40391265700339,10.5637099429945,10.0976009546146,-0.27732005987456,4.31218448560235,6.32659751766707,10.8669749058554,15.3239865470852,1.79513442373335,1.10765272762715,0.682957435697412,3.40965474674219,0.974780397027355,1.6786537475997,2.56338136148365,0.0163812077820226,0.0105103242596127,1.12224248223383,3.66464808117349,0.00750938673341677,0.0125156445556946,0.0237797246558198,2.13646625735175,0.454266457691059,0.544010904575568,3.68949373833736,1.68820499910445,2.16269176853538,2.4538622647803,0.348289322354966,0.358624638284932,1.33625228408162,4.50048063415386,0.0542562495930524,0.197629209670636,0.557696850437731,3648.83573916991,426.753362483702,0.576302320970176,2.67502332499565,3286.84476938962,3611.29928449538,3929.47416904561,NaN,NaN,NaN,NaN,NaN,NaN,NaN,-1.87034404489313,1.97437438038188,-15.6670170957671,3.06556167274365,1.28679966154709,1.27552789993964,0.134079757696296,0.817261946925515,0.973338392112914,0.907856101527267,-0.0826011685460437,0.510412704071262,-0.245753350228794,0.462221369520525,-0.212076064529486,0.426346349520825,0.144602941693416,0.316715774095124,-0.216165561279525,0.363816502066283,0.140259690017023,0.325259861126587,-0.103609192946637,0.250340239679388,0.184903586727604,0.232814336016245,0.0345488931749728,0.208035695409239,-0.000144034876354197,0.49832771869465,-0.00118620420675694,0.846550012134841,0.000515982544427604,0.452132594593569,0.000543689251815595,0.273522788201135,-0.000322761845892377,0.262977653515664,2.77505643913415e-05,0.202124883457784,0.000335042485249273,0.177117682867365,0.00012562935105798,0.166950187169475,-0.000213025562238099,0.147511474683485,1.09267857041848e-05,0.155642485129424,0.000179305405541796,0.129282940470871,6.67296356661032e-05,0.11953492566965,-8.86422114080709e-05,0.118481463538537,8.88826026297803e-05,0.114102793708514,-6.05937150192209e-05,0.43920772654527,-2.72582574829657e-05,0.69783460646908,6.46313763503564e-06,0.399194347965865,-1.35756406499153e-05,0.265211019415986,-0.000114863469675037,0.240889682922688,-7.42515924983564e-05,0.209201300752873,-3.64327981112908e-05,0.185888486364443,-8.40238980489846e-07,0.176320306214844,6.77309047359369e-06,0.172033505629641,3.74931235778614e-05,0.171415448046149,-7.27188280969257e-06,0.147830758020074
103-1240-0032,103,1240,0032,unknown,103,0.982211856678228,0.564880746720126,0.602302900019966,2.03570695696166,0.508389865602477,0.760265024138599,1.47687483179515,0.499516561077205,0.207473906897592,0.710854163925681,3.19108015091165,0.355932203389831,0.463276836158192,0.612590799031477,2.37389968574316,8.55343997962309,-0.137042848638183,3.91526479030216,-2.18050482037476,2.6708231312124,6.69593503474093,6.94528697721789,10.783137379346,-0.380978909460863,3.79560001214666,1.92531492560458,8.50032624529922,12.7603828437312,1.6840809543898,1.03314405991456,0.591642899852223,2.84761938912962,0.977702037923045,1.50575529851854,2.34823309573576,0.0150841980853529,0.00963870772962331,1.26374344182267,3.92917277078439,0.00750938673341677,0.0100125156445557,0.0212765957446809,2.10253418074984,0.427057017365338,0.580950036460329,3.42909485086756,1.697591549197,2.13085793997904,2.39840456139599,0.315506192391443,0.337726299836121,1.47714507040958,4.91774787050991,0.0520770613076302,0.15539128720099,0.502093890164477,3645.75956156676,406.830014359132,0.497573526397249,2.49454958886314,3294.76404575925,3612.36043720377,3932.26047926433,NaN,NaN,NaN,NaN,NaN,NaN,NaN,-1.89740641041957,1.979664867647,-15.4975323774468,3.19530801677755,1.29506261479316,1.40896627338532,0.07014286539709,0.84992438437027,0.983616640754384,0.882767801665415,-0.241390910416957,0.577231417404967,-0.238324505798655,0.51222672095803,-0.22370228925103,0.426533783995183,0.116039339287525,0.356434138992912,-0.198401047826421,0.370966010482461,0.120227283388536,0.332222856865797,-0.0957851941724921,0.24667948724688,0.201160312693428,0.235248078710305,-0.00997020844608868,0.229643222395489,0.000674355360724727,0.502495445070871,0.00285624667778411,0.84672417425243,-0.00110374951742199,0.447125985763985,-0.000872228680166156,0.269786218790543,0.000658934080628247,0.277314343840279,-0.000340025042449907,0.202886439676069,-0.000691087336890927,0.186789457915646,-0.000237741849041479,0.173505850351182,0.000264388949749647,0.141270148844441,2.57997963390231e-05,0.150014758728923,4.20114528855984e-05,0.13656746725768,-0.000146643314594857,0.124890813234003,0.000153615439118241,0.114543291397481,0.000193898653856488,0.115570611118268,-7.69565765953499e-05,0.457720075503106,-4.97520036940323e-05,0.675480641924624,-5.08987863439125e-05,0.365610071020037,-6.8454282412403e-05,0.261268129440713,-3.13731850169945e-06,0.248434119456465,0.000111802584928531,0.206218607928033,8.76521247874543e-05,0.198318783832148,1.45764191477948e-05,0.17677681941947,2.17500240397556e-05,0.157790094166426,0.000131357692344934,0.159042252262485,-4.10907476263842e-05,0.149410946953824
103-1240-0033,103,1240,0033,unknown,103,0.823042340510011,0.471072237389153,0.854332832444979,2.47588567769421,0.448888267807297,0.626190435759571,1.16452897791745,0.504922926917231,0.192851559304982,0.585252225660758,2.92564696245917,0.366550116550116,0.476923076923077,0.611263736263736,1.31369649609223,9.38776196982266,-0.112723442631307,2.70667482933345,-5.72543810471318,2.71377328157041,7.74735412010329,7.96634746261793,9.88657824293244,-0.323414590632701,4.02224025676714,3.09956551106491,8.09408382661159,13.3867801690892,1.71743032487319,1.0766425884112,0.600933108026438,2.80993106568102,0.920676450576351,1.50304336299579,2.40039255617995,0.0160752436718482,0.0103151189231144,1.22257198578029,3.91869576703152,0.00750938673341677,0.0125156445556946,0.0225281602002503,2.11670648769011,0.41742288901245,0.536605739591373,3.51391732378631,1.71387302501244,2.15351356239456,2.38695949374087,0.320206956955991,0.323116655524947,1.27858999355653,4.18580512865304,0.059103455530971,0.178885760620412,0.512216713353012,3651.0950702507,412.755890371379,0.599368222582405,2.8315632107845,3315.0621770003,3597.24508650769,3918.9535748107,NaN,NaN,NaN,NaN,NaN,NaN,NaN,-1.83219469730075,1.83894745410818,-15.4206203915117,2.93377853133663,1.48756732480711,1.39529848026579,-0.0199367244948891,0.799871284912572,0.953564383693035,0.757645097179999,-0.116365410830245,0.582983057377079,-0.244689964418613,0.464889605085859,-0.220565884761976,0.460585847109269,0.164838810034622,0.327044214455497,-0.181718515607824,0.36936589130111,0.130931051148579,0.276189515591981,-0.0929359633962113,0.237007519715884,0.198354993414471,0.257753721120814,0.0127785601262866,0.227481372521686,-0.000517032548990374,0.478911801879201,-0.00296943221360369,0.860408535105767,0.000825775608314007,0.445791432764938,0.000688956481270779,0.278607992577838,-0.000647188444365357,0.257490714676213,0.000398692689324465,0.215062362693009,0.000915705854971847,0.186997916691641,0.000507568104206309,0.172230403807449,-0.000185828946105968,0.147261471559301,0.000103209349055537,0.158245383917631,5.2741562135713e-05,0.134451751442747,0.000295307087883027,0.123666379392714,-0.000366009621271443,0.13028853045741,-0.00030441141720623,0.122299508734927,5.22341244137302e-05,0.409230078990173,-0.000228423681573436,0.687925745345869,-0.0001873019049306,0.362969041006301,5.6848207177673e-05,0.273385958344844,7.15836296478203e-05,0.240663394551958,1.55311779355466e-05,0.213574381478263,0.00017453924933034,0.193489254774368,2.00017956401428e-05,0.176602340660774,-5.93784011991971e-06,0.164432605506213,-2.99118102695292e-05,0.168522293225093,-1.84111614822395e-05,0.150703147245108
103-1240-0034,103,1240,0034,unknown,103,1.57900933217962,0.769248834205745,0.175792002565773,1.76644037544041,0.875850950294117,1.52389331889785,2.2483573273171,0.566261448689349,0.245674580178834,0.057214580703569,2.09338798830982,0.379599567099567,0.554545454545455,0.75,-0.679952268107374,9.21637490107711,-0.583651890662903,2.4924467682936,-7.92577323024689,1.84127682768081,6.85560198944625,13.7590424277293,8.77015565191664,0.442392244135161,3.76216532861378,7.54062146984143,11.3637898320721,19.4351943686017,1.66174911044158,1.08683265371691,0.950574220304764,4.36809317499422,0.878964387037468,1.39966923667075,2.35937357787457,0.0128847582916147,0.00895862209152672,1.87138449611736,5.99013225195722,0.00750938673341677,0.00750938673341677,0.0150187734668335,1.99126292127925,0.424573780587332,1.03106729422291,4.26908925066847,1.63197163733156,1.89508281670486,2.27809919353329,0.258209860219476,0.320449208496146,2.16648308647176,8.41718050899752,0.0499547342120629,0.126245578239417,0.33835364719547,3550.08849658392,379.086161146396,0.809290243513156,3.51625930551069,3223.46577477953,3503.63157279195,3786.62162762787,NaN,NaN,NaN,NaN,NaN,NaN,NaN,-2.25983909484731,1.87406407242083,-16.2231509135582,3.01963006263215,1.19486606749352,1.56878412216437,0.163081259037295,0.9289703709335,0.69479098550366,0.78094334598408,-0.0329003389367307,0.514951568174582,-0.207038178752936,0.464507566863145,-0.185438060522691,0.419957846366626,0.121085082270558,0.32497581521063,-0.147970451931971,0.310317637656294,0.057395689481705,0.280292392167093,-0.078987858997848,0.222958636625546,0.170902189496443,0.231184279456961,-0.02279637873183,0.232795464486096,0.000375428198222516,0.474069602859082,-0.000243605061770139,0.845881198168078,0.00011307929589354,0.466090282795862,1.23282158119155e-05,0.300603271413734,-0.000122707659938859,0.25292155522745,0.000202056418494019,0.209074429312903,5.79117985543325e-05,0.182161657000813,-4.58672688407708e-05,0.166450059648592,-2.38081556285419e-05,0.146160328388965,0.000208453904152731,0.138064703582473,1.50918954742767e-05,0.132558999760174,-0.000255875802330524,0.12501321287729,-8.01910829225824e-05,0.120811263911909,8.21255353419751e-05,0.120718405187482,-1.37276257171943e-05,0.448156032215271,-9.92925743848553e-05,0.70445981908974,1.06065532624309e-05,0.381332337633144,-3.1053191422704e-05,0.296051308760579,-6.32389917558481e-05,0.244134746489879,3.24999815062576e-05,0.217593116368681,0.000139396818011183,0.196848490365833,0.000132550817819066,0.177366716997283,8.99697929718149e-05,0.166407409727311,8.6334786402666e-05,0.162394809034164,-2.62185671313813e-05,0.152468792267322
103-1240-0035,103,1240,0035,unknown,103,0.817724876571839,0.445485275475493,0.780760107940114,2.38735451898343,0.464836585599614,0.638125091879243,1.19490707301413,0.477039189138235,0.180494894861106,0.39072065849043,3.14348136127113,0.354477611940299,0.471517412935323,0.579353233830846,1.9386461127317,10.1073617390236,-0.183414623403433,2.74893625961974,-5.70518451173835,3.42833757842397,8.92072762985481,7.96490634753252,10.773209039394,-0.365842469976145,4.05506351916765,2.93076228160896,7.99015485781534,14.2434691189645,1.87529885151631,1.15665417023882,0.488214825802801,2.84027997119153,0.971372635446796,1.74312062436507,2.73416112551334,0.0152604818523155,0.00951904925365095,1.28917836682986,4.43764829778619,0.00750938673341677,0.0112640801001252,0.0212765957446809,2.10365802882536,0.418901931232637,0.571726541478671,3.56453624055418,1.69269714548302,2.13051321453294,2.38145372947014,0.33552462227532,0.34783844078552,1.60002108708176,6.03684670207442,0.0694046677878139,0.176013673937003,0.536570714404451,3650.18308135222,397.250102151767,0.75785520603207,3.57168513205555,3346.37879813194,3596.90591634151,3891.65468706393,NaN,NaN,NaN,NaN,NaN,NaN,NaN,-1.74451550672307,1.75341161700184,-15.4185638913237,2.70964559093077,1.32013937481627,1.5980478921891,0.189843774665045,0.850834016371475,0.961469259806044,0.875854861322292,-0.14282345431556,0.601770448570206,-0.199941692391467,0.440157362742265,-0.211250560380967,0.42846612139147,0.126525448459696,0.329807034395686,-0.190004125662136,0.360481197923179,0.0631960157891149,0.300654140268046,-0.0854419010850792,0.242783596272313,0.189574343505365,0.253922967772218,-0.00128394817064556,0.215973430492508,0.00017997875942955,0.458392987856382,0.0024616282218851,0.795226206776248,-0.000588017205111803,0.462685926576336,-0.000857009448551945,0.275829743702432,0.000356400348274803,0.266357858852352,-0.000157285017630095,0.227828688220549,-0.000543389900727312,0.180212598656802,-0.000390273110074324,0.166403775214972,0.000172817826916169,0.136101006657088,-0.000289046618651556,0.145904433195062,-9.98238811778938e-05,0.135018141685335,-0.000163640374189298,0.121194654084099,0.000308662817327821,0.122004116763844,0.000222779513929749,0.113962469164691,9.71141481580687e-06,0.382875763845244,3.43000325359433e-05,0.626616619352805,0.000110348549729612,0.379513078996062,5.03172966773421e-06,0.264909852566718,-6.54266079065519e-07,0.243320020231792,1.48871003225975e-05,0.221132439636698,5.41904522970999e-05,0.185767214997833,-2.54587845312799e-05,0.172766850578541,-4.92140589307005e-06,0.150182777532118,-1.41314590842935e-05,0.156166610220055,-3.35412003245518e-05,0.148810019189183
103-1240-0036,103,1240,0036,unknown,103,1.43161193391831,0.844599650386644,0.314935756285312,1.64154115682559,0.644372469012673,1.20102169450144,2.23028291184699,0.578849867424535,0.215484444197441,-0.159667195308963,2.58184349683439,0.434782608695652,0.596143892339545,0.731884057971014,0.584782995101758,9.26630688973963,-0.632333094476521,3.84896683328198,-4.20233464443007,2.65343719053541,6.60713218927841,11.4648405746872,9.66704592816221,-0.231549290780292,5.71831674348271,7.2277079331927,10.6923144080354,15.7339593694773,2.03344482046312,1.51250991182777,1.15294474488316,3.94855002200267,1.01777756312806,1.47184089122298,2.77538725203412,0.0167657488527328,0.0125341212681846,1.28520805243875,3.9001927123682,0.00750938673341677,0.0100125156445557,0.0250312891113892,2.0740478265254,0.499843735663315,0.969068966354846,3.96609132377815,1.63547373230072,2.03877040354986,2.39727912263702,0.42020629555101,0.51476704716624,1.4711034573468,4.5344709659344,0.0445646384918554,0.151367602528087,0.721112642184069,3511.8516153199,377.028259572359,1.05235070163824,3.90914140582092,3203.46320283725,3428.30314417864,3708.02754151702,NaN,NaN,NaN,NaN,NaN,NaN,NaN,-1.94754072199254,2.37033702991412,-15.9575064731047,3.57876551517251,1.46424911983908,1.35217546005088,0.0596133733892508,0.825793162544609,0.617299548798811,0.721412615053245,-0.140680128523422,0.539302439901622,-0.114228127259224,0.411621183167368,-0.0648481534042534,0.372949372324645,0.119470334276179,0.357486115083804,-0.0675302251246326,0.329809465553184,0.0888089366116372,0.27913596258953,-0.0392486257874294,0.254575003933073,0.158197316950863,0.303500175449621,0.00453368012025012,0.249603787196163,-0.000106688342536241,0.462102121851549,-0.000569885959543445,0.769367663867335,-0.000147204516607552,0.390388793266239,-3.59736457596563e-05,0.256488411809299,6.35523044480543e-05,0.231716689089085,-2.55649688475243e-05,0.188671536255404,0.00027304560598548,0.177558142732804,0.000290943888145502,0.1611026762982,-0.000420167926646265,0.149368717328257,-0.000234167352997122,0.143425418396596,-8.06016070317853e-05,0.138264993713684,-0.00019086660033601,0.130695526758405,-0.000151164568622475,0.1319861843372,0.00021532712863836,0.12174555698292,-9.24422546857165e-05,0.380566045853643,0.000148501417740232,0.603608429937029,-5.40839520295774e-05,0.331837559566279,-0.000242167594438203,0.235075910777609,9.93660071929615e-05,0.214850420620328,-0.000169672886313912,0.193287078036143,-0.000254961286529345,0.187753735037279,0.000102352602467021,0.170279867290286,-9.84031618508275e-05,0.165954392106921,2.37972125230331e-05,0.157965701103209,-0.000135439611115981,0.159825044535961
103-1240-0037,103,1240,0037,unknown,103,1.34586822809255,0.750581480552489,0.431349363099654,1.88162450607467,0.677887468777214,1.12794914347983,2.03198899152458,0.526731818597208,0.21493338727012,0.42550754002045,2.74542644894775,0.37742954324587,0.501275510204082,0.653061224489796,-1.79087732050392,8.22113906838883,-0.228312683092815,3.60138518035564,-6.68364297906375,-0.632102969703716,3.35242091164037,13.0046518707118,9.29352404047351,-0.509288279334145,5.12051618060538,9.47826774465206,13.3106460558434,17.2893483899564,1.60272964424176,1.09226126409083,1.02256210074312,4.43365776382201,0.92589904637759,1.27774858701044,2.28252311571136,0.0135740088109461,0.00926324087245898,1.89838449073598,7.4206379123162,0.00750938673341677,0.00876095118898623,0.0175219023779725,2.04384895690365,0.400330756864103,0.675144039383563,3.22057577197737,1.68215820003506,2.01431768137804,2.31056709987391,0.27755026616991,0.365469888946943,3.23995308165031,20.4734594429703,0.046221991829103,0.126274352491412,0.40059173019512,3577.56636698639,425.925554550416,0.812820593216225,3.10166211667787,3221.54859502697,3474.9567174416,3877.745404902,NaN,NaN,NaN,NaN,NaN,NaN,NaN,-2.29023641667617,2.00714431163975,-16.1327760217376,3.34452412978526,1.34615189945718,1.24243734473822,-0.0232443306729594,0.871048626754118,0.809974143444942,0.793877223965359,-0.0891440594561108,0.546099024868941,-0.171097989614514,0.441257799115724,-0.184274010784014,0.406637592462168,0.159515779910057,0.331361452233702,-0.110368386906783,0.36163018064704,0.0879400184308956,0.268374681501018,-0.0424702679438817,0.238681347995709,0.124777664298978,0.228251763102279,-0.0522256520492251,0.214089505684485,0.000217933983515103,0.481541549686827,0.00203210523993021,0.863568739543636,-0.000934477214855663,0.431343222292432,-0.000593713713437531,0.273278848238466,0.000458138003267148,0.247040649551726,-0.000116699967273307,0.207234306835167,-0.000556689315923964,0.183205638236042,-0.000193330110702069,0.161679481630159,0.000220172820502405,0.140041397033933,-7.54292983187396e-06,0.146066914666583,-0.000167640949579536,0.129592994894638,4.8511206401206e-05,0.117576873563114,0.000139370857993916,0.115944093699977,0.000171744613628033,0.115541562323021,4.48389468759659e-05,0.443551173452505,1.20841294594933e-05,0.70891976938596,-7.39257411887228e-05,0.375809828702875,6.12018399404917e-05,0.259062666596173,1.90144761172397e-06,0.225660798882606,6.43838546615603e-05,0.209378761716302,-9.17015138083348e-05,0.19727079879934,1.65075813324982e-05,0.17831210243551,-3.81338647344063e-05,0.163765519688662,-1.30439697920833e-05,0.159632209675473,4.60617525885555e-05,0.147585486814358
103-1240-0038,103,1240,0038,unknown,103,0.725537166925285,0.396965863024434,0.828813872586069,2.52258063052576,0.419233263440002,0.582378658798238,1.00126321660368,0.475199165060584,0.17689281906842,0.487163827311129,3.27725715449522,0.371428571428571,0.461904761904762,0.568587662337662,-2.31623128871977,9.3715760217887,0.21664371340851,2.77996284868335,-9.23641226413802,-2.83389118154408,4.54365489168033,12.0412031565652,10.6225843518918,-0.273842661675444,3.58788117116764,6.27105536792668,11.3878916111207,19.0628129890909,1.85773435296805,1.05491107909639,0.413358805691581,3.17021243012694,1.02160834226457,1.90658376727908,2.60430927572115,0.0160238976639225,0.00923782457796401,0.746787319216369,2.33582730487068,0.00750938673341677,0.0125156445556946,0.0225281602002503,2.17268158569088,0.417941500521,0.381734461127676,3.25656283316484,1.80029856902553,2.1992616722826,2.44228862284463,0.355520893859056,0.327097496549284,1.05856233835399,3.21065371562982,0.101129333689994,0.223192475096107,0.555121447882095,3651.63779277409,366.938185603113,0.499035190319012,3.05158797516749,3391.17624828458,3624.22630694315,3872.94600694444,NaN,NaN,NaN,NaN,NaN,NaN,NaN,-1.53252365498686,1.66253590302934,-15.0064575383594,2.53916484269179,1.32983166169165,1.59675486359403,0.21550440848933,0.921882115723113,0.882814244699442,0.814872296399364,0.00500525540405678,0.56437993480223,-0.265065573242913,0.469838500852719,-0.227319068316241,0.4448177369169,0.141587618046473,0.333741896345535,-0.23061316585737,0.34333289750711,0.0563432236883881,0.302122379167677,-0.0493933804415763,0.25617118657145,0.162907645376535,0.266331203950759,-0.000766296060758981,0.206726782882885,-0.000627662865116138,0.486813034970869,-0.00215405464791617,0.808306018764736,0.00141611506038244,0.51852021497912,0.001368144776337,0.322851577823889,-0.000514476253791516,0.277623169850298,4.37492618406868e-05,0.220084667975616,0.0009287299115787,0.188150074436378,0.000204823312648389,0.187815562668973,-0.000956805929889379,0.140405075810548,-0.000160584934471669,0.157086272542669,0.000335067381661044,0.149849784204581,-0.000322422419354561,0.124088615197866,-0.000205669028896566,0.129717280022809,0.000392469301079031,0.120107963592633,-6.8275460610729e-05,0.455387531421186,0.00147767779986261,0.636431671271608,-0.000436876278329363,0.409840229320608,0.000348242720471714,0.292445742799754,6.61724376936782e-05,0.244121171999157,-0.000291351474228594,0.207981521722354,-3.60771413677887e-05,0.19138673005743,-7.60694872022047e-05,0.186866985600165,-0.000432233352209285,0.152807623941966,-6.24333378518181e-05,0.17009555048413,2.27398826755852e-05,0.163100190437951
103-1240-0039,103,1240,0039,unknown,103,0.940244967991044,0.528937592396476,0.663055417671795,2.20999698298666,0.508820751728721,0.732385844782635,1.40428992703217,0.482439282403729,0.187612021237241,0.236741471092279,2.7934271495392,0.352132936507936,0.479166666666667,0.6,2.28110352436578,9.09959757666165,-0.235845671371187,3.11722230288287,-3.43811193177173,3.27626887574797,7.97762010878108,6.41513835899644,10.3636864602731,-0.332649915191713,3.66740427363521,1.45787343856045,7.2320809413988,12.1761985665028,1.80034428872424,1.10839224947535,0.650331365183556,3.31630236816623,1.027309151883,1.65085876683473,2.48760289647866,0.0149021464591519,0.00981167908561208,1.55655589234041,5.41540493946593,0.00750938673341677,0.0100125156445557,0.0200250312891114,2.10836616211058,0.424367287703458,0.463574115556128,2.75066015620936,1.69714590251444,2.12228631431072,2.40528005989414,0.35010176057835,0.376215131238985,1.65191652430165,6.26913043071848,0.0686971734148025,0.205819143596384,0.533109554186622,3676.39618101305,407.61506797928,0.553756316590734,2.87079629961872,3372.21920429389,3638.11921862556,3932.45451573317,NaN,NaN,NaN,NaN,NaN,NaN,NaN,-1.80453551082809,1.90074455201337,-15.260895926243,2.96524046306659,1.31701518934095,1.39914934242002,0.0409739583662219,0.99350888227068,0.948137784612291,0.961599494671359,-0.204747985343891,0.584500448395202,-0.241861998966075,0.454137539699662,-0.224800643618498,0.461072174150735,0.159750527368077,0.351743227550566,-0.227340711180507,0.375362426227699,0.130313241904678,0.338869110202834,-0.0744169689582934,0.252419528584549,0.127817224120607,0.24966095833475,0.0161151275005656,0.226005296258565,-1.38558617264589e-05,0.507432371432944,-7.91492666265368e-05,0.836867058815859,0.000169940640812764,0.425332386609273,-9.19028688467384e-05,0.280951362170077,-0.000127358832370232,0.276386130407761,0.00026650727241246,0.208829252683436,-0.000335701974942116,0.181205081032071,-0.000163541669246154,0.177328103464198,-0.000133779958733742,0.140876844605743,-1.95074832966431e-05,0.153912183305215,-0.000119371954081082,0.143346406640905,8.63308850761405e-05,0.120996447211913,-1.36526186060579e-05,0.124042702812707,-2.85440388851842e-05,0.110297464912361,6.44601175136924e-06,0.433026429797816,1.736404421696e-06,0.66610682827622,2.3601546531388e-05,0.358166183684552,-1.72436701415394e-05,0.261653709877036,-8.32504177170813e-05,0.236802318805686,-9.39024286539619e-05,0.205199254738507,-7.14357055243375e-05,0.201209874766987,1.97305929543237e-05,0.17679921580212,0.000138434847906838,0.154523929453502,5.88157033282191e-05,0.165279480260089,-0.000110568821439547,0.152866024061791
103-1240-0040,103,1240,0040,unknown,103,0.925160411519214,0.522862816791323,0.678424423007924,2.10523093717003,0.505718494571218,0.709290972185258,1.39684194991668,0.48606242299345,0.192591831512107,0.443446707679985,2.92840521201261,0.349462365591398,0.475,0.592293906810036,2.66489720550702,9.19135798585717,-0.208114865487163,3.09185206101106,-3.33138876546537,4.04270047072772,8.47292305868907,6.52044652040563,10.5046833590221,-0.386675300904393,4.01500953725485,1.75010108289549,7.0682151628316,12.2008667810244,1.98633313580761,1.17271388245824,0.448020107664461,2.77874808138386,1.09240239619588,1.96090345313655,2.81056812109382,0.0150855007583815,0.00929280080664323,1.05484902062804,3.07235118839533,0.00750938673341677,0.0100125156445557,0.0212765957446809,2.109861312786,0.434503273886697,0.554809332017686,3.32327798199641,1.68199264316688,2.13424177083957,2.41259273104028,0.359823574503263,0.351509134684803,1.14065164693988,3.56096175510418,0.0670822477209558,0.217524566651929,0.573145101626919,3696.50859512989,437.010203188097,0.708621292853112,3.12500188297159,3350.63209215007,3624.20874232982,3974.37519940805,NaN,NaN,NaN,NaN,NaN,NaN,NaN,-1.6905647149104,1.83950880421754,-15.208733187683,2.81201156273043,1.16697922303262,1.3836218010419,0.132519034838915,0.918094008931388,1.02587859340731,0.884057257267662,-0.189947961079067,0.55445862895465,-0.293153029671856,0.426215054694238,-0.228233062756589,0.456760826715854,0.194608869000836,0.337976190150136,-0.2345980621504,0.369517032418413,0.143660976573575,0.310590055972997,-0.08412720687613,0.236734481320554,0.156683040218628,0.245807378054814,-0.0112422214955663,0.241751945435879,-0.000195115015409382,0.497791993317456,-0.0022490239868215,0.875436000813117,0.000206680732011373,0.429339123434539,0.000775658685118003,0.27880698385241,-0.000314569623217385,0.278459893925772,8.8554128754132e-06,0.20301467595305,0.000465758017068023,0.176647051044963,8.0400238156396e-05,0.176847957584235,-2.37000397426339e-06,0.141867499091847,0.000259479398079445,0.152087712854162,0.000103293985275866,0.136127172681527,-3.05408052885933e-06,0.121278616462862,-0.00035815331009729,0.124276187870979,-0.000143302337129861,0.119435706986947,-0.000113543570678117,0.428573448513359,-8.68483391959019e-05,0.701205807329414,-2.35016871677722e-05,0.363557287217675,8.90975911180332e-05,0.271481122466579,8.12215048695424e-06,0.246788564684547,1.98457117062535e-05,0.202497044829427,2.09320266822024e-05,0.191522743220809,-5.15253484882319e-06,0.177721099304748,3.45479815406018e-05,0.160158905748552,8.13728042855555e-05,0.166982740278168,8.29663714038732e-05,0.151969033750859
103-1240-0041,103,1240,0041,unknown,103,0.934728105356331,0.5028012386398,0.63220546210089,2.05856229240198,0.511785274324545,0.735813593228949,1.40903756430105,0.483125718234282,0.194789883032017,0.163026627447315,2.60387414244494,0.34375,0.491039426523297,0.618279569892473,1.99916095657612,10.0363713715441,-0.204476160771633,2.97713033266173,-4.53967529288934,3.52078448816307,8.23842424922481,7.65973455998043,11.4362037582498,-0.359141617541478,3.8633215802558,2.87234991019707,8.2248898979156,13.7912242969086,1.84349005219906,1.14261063578328,0.618286609747699,2.9895452682558,1.07270808274421,1.64958318197575,2.60655120462347,0.0144566379838199,0.00929095268645198,1.44010065611429,4.55893650229957,0.00750938673341677,0.0100125156445557,0.0200250312891114,2.03447976300685,0.363711746124514,0.391272747262874,2.58072799931636,1.6849077052567,2.03881195693627,2.30423041170558,0.307861434166778,0.331879475614361,1.64029934921427,5.74647108035978,0.0562188791697779,0.167063196748195,0.462950274969279,3693.73789519522,452.537775097607,0.487882928596868,2.45802570273025,3318.61009390084,3637.11218651186,4017.12499695374,NaN,NaN,NaN,NaN,NaN,NaN,NaN,-1.90486827794832,1.81454759410655,-15.7740506135624,2.96660578053056,1.48352698456263,1.26103103882347,0.108994620464118,0.876577732650591,1.10455780352128,0.936282383898041,-0.191804109612325,0.583362952339233,-0.252876031875005,0.534681568996345,-0.192656787651114,0.441930600615166,0.149870711333087,0.287479790475233,-0.195676093655175,0.368851597700935,0.150274172367523,0.299292057041546,-0.0689132746075583,0.263419465008506,0.144929872275985,0.229793297644335,-0.0355934728205069,0.243779323926639,-7.0055965658894e-05,0.400763420723675,-3.83584523555361e-05,0.78900719262117,-1.1260532007484e-05,0.371476496304094,0.000239449000756541,0.259458973180961,-0.000127580163870199,0.261946156106637,-0.000130002786723591,0.214085151902574,-9.76869678466621e-06,0.192749376056448,-3.45291088011523e-05,0.17278342678657,-4.35557711784748e-05,0.139868858424389,-0.000158190504234746,0.145759183502334,-0.000101275574106442,0.130000477769854,8.68024765128615e-05,0.123950950932893,4.33047216329203e-05,0.115975936073009,8.34962908284063e-05,0.116138999746203,-0.000103865358452151,0.340164971499623,-0.000113970095636958,0.620520432225881,-6.98910517107662e-05,0.317940218070942,4.01377142654115e-05,0.24108859789273,-4.60675863114428e-05,0.231276715478161,-0.000227579219775629,0.206526246166653,1.12168016940823e-05,0.1915625499159,-2.91931562100975e-05,0.175257856727559,-1.77842818878604e-05,0.155567270035157,8.6925846152778e-05,0.157388477269958,5.62485127867421e-05,0.140662754536727
103-1240-0042,103,1240,0042,unknown,103,0.856436037676252,0.521100877065065,0.896842862509662,2.5571811762726,0.448969523316348,0.630228278602914,1.27812423692124,0.480370412914072,0.182545307955914,0.567970370923865,3.34071144537663,0.353458049886621,0.465065192743764,0.586167800453515,3.62224144738351,10.1928414215549,-0.182304094678127,3.12422285983299,-2.49338783888133,5.03854724628567,9.42858362958505,5.24992091719579,11.9805954293657,-0.218495034060358,3.65618830753885,-1.06248384827509,6.08711680824571,11.3096078618112,1.86955774927824,1.16391945958214,0.743275806213166,3.60979047896277,0.966106404706556,1.82501650089027,2.53928395002373,0.0162655118383842,0.0100893857927222,1.17020176671497,3.9547270222625,0.00750938673341677,0.0125156445556946,0.0225281602002503,2.17720608847699,0.4097856911822,0.257223274919907,2.74962900063388,1.77227369011282,2.20585723065998,2.46238084719588,0.366563365985356,0.372461229124531,1.57711761912684,5.68172543556751,0.0760593660513108,0.235316886542166,0.529339905776898,3661.28279168439,377.653663836528,0.496045916899956,2.80896432290982,3372.30247522986,3604.20477033019,3923.69430169771,NaN,NaN,NaN,NaN,NaN,NaN,NaN,-1.56475833410797,1.80613955695448,-15.0572399642435,2.7631882117234,1.34207705244895,1.47694730527192,0.043609274941681,0.893292893829999,0.959442006771681,0.876125310469269,-0.12940498482376,0.569520727910929,-0.286600521493654,0.477196658688756,-0.249395869619572,0.449538037076768,0.12087087246822,0.375050524520456,-0.25459957402423,0.358371449227917,0.0678448152612714,0.302633256247272,-0.116663511375182,0.253893625728565,0.13962707382584,0.254580455300339,-0.00890555673216933,0.234129468813945,-5.95647741665105e-05,0.496800434105133,0.000799166074018878,0.88853695178553,-0.00022830695797085,0.47542956004138,6.96279349817817e-05,0.301198992706643,1.33623857695737e-05,0.279221632824522,-0.000181202801383601,0.226104073896806,2.8099994946762e-05,0.196162431389908,-0.000265194073014606,0.17951751149387,0.000119582025875344,0.157612562302337,-0.0003530417583801,0.164357602305561,0.000104188250527549,0.138900902367518,-6.53554248365222e-06,0.129725192619076,0.000115595821872501,0.126064187614654,0.000220363682319071,0.112807510898636,6.7351960882422e-05,0.459385483493529,-0.000104298476327606,0.734548735521614,1.5334675954051e-05,0.398982479320791,3.46746670737768e-05,0.288319815249302,-1.82364159969603e-05,0.25053208905433,-8.24217412952457e-05,0.220276374824512,-1.79506604946661e-05,0.200960433112934,-3.97982340260592e-06,0.177609856107918,-5.03341273809154e-06,0.173557249654971,-6.60701482654135e-05,0.181053097090302,-2.49073946799543e-05,0.153331842440503
103-1240-0043,103,1240,0043,unknown,103,0.765537045144765,0.419061946246597,0.878559693585581,2.53226025043011,0.445706753109612,0.580412896133308,1.1070527745866,0.481408316660708,0.180822904070771,0.349664685165292,3.02755343670992,0.357142857142857,0.471428571428571,0.5875,-0.748035272766056,9.54946238563863,-0.255011285779969,2.39312131336009,-7.75101529760157,0.545881410096585,6.82968546455969,10.391693841461,10.1364220395564,0.399266004464501,3.46666771305555,4.20204241079844,8.91947717710813,15.6409452844008,1.79058756707599,1.03930938202039,0.302756729648393,2.34703646980289,0.989400336204368,1.70340546837214,2.55855704623958,0.0152636447733581,0.00882686417928961,1.17552946534344,4.19414461824045,0.00750938673341677,0.0125156445556946,0.0212765957446809,2.12757337052823,0.381621962325415,0.233222363084617,2.59094066245676,1.75684255378119,2.16212261298168,2.38999498001444,0.315206884003844,0.296106792024525,1.26448898277768,4.62723951993426,0.0749869789400182,0.198435041743536,0.49691843248137,3686.70360472979,415.908614579207,0.685282977730727,3.11626411528628,3364.46492953156,3621.1124777274,3947.34161123399,NaN,NaN,NaN,NaN,NaN,NaN,NaN,-1.76936399929577,1.6780255842509,-15.1445560893767,2.67899215877705,1.30994336130532,1.42497499564159,0.0836304325900834,0.871012038563651,1.0391564042584,0.889803863604104,-0.187686249325644,0.589258223318275,-0.230294062194222,0.465542232879,-0.234802446992827,0.422226369087112,0.182766851023973,0.30889285766443,-0.223170583037761,0.359733699914916,0.145113419432733,0.32051757961915,-0.10312539937529,0.263826723930785,0.150800337213342,0.24887149324774,0.0141431558804707,0.229353769935351,0.000253062633793288,0.46074122604404,-0.000750134798342676,0.851359315773456,7.05912576490647e-05,0.461908108241851,-0.000184726790178052,0.280239468026281,0.000111215547690869,0.268709940318896,0.000300255346765712,0.211913336710512,0.000305968667862374,0.180880353125972,0.000305808264435941,0.173075314076087,-0.000275884483947609,0.14141229646931,0.000162248226033821,0.156062812444951,-0.00011933867768598,0.138240127351564,1.96532333278685e-05,0.123691880166849,8.51771139897136e-06,0.11689693615377,-0.000210637093287261,0.118884492738818,-9.57814221938371e-05,0.414063993629406,5.79260129750659e-05,0.681390954211723,-4.34996516264978e-05,0.382176699678997,-7.60659883640873e-05,0.269510357324734,6.18482361295189e-05,0.231709678646476,9.23403682037932e-05,0.208235726721604,0.00014337363470784,0.188571188791473,0.000140539237288543,0.171942952119276,0.000119201591847679,0.156110893493516,1.74633367487236e-05,0.167067802770318,2.55880120427963e-05,0.154817060359896
103-1240-0044,103,1240,0044,unknown,103,1.10429275475379,0.591274286689206,0.513783577106844,2.01762244412255,0.589681232642569,0.933262533073077,1.60347301052208,0.522663222149074,0.213756939374484,0.729328699125888,3.14737212315834,0.3765664160401,0.491228070175439,0.631578947368421,1.52438235066082,8.16430672119687,-0.106989395673834,3.93848310177201,-2.72365539645323,2.25489543542865,5.85132719572452,8.87283452754625,10.1961818962106,-0.814140802178023,4.15753920933927,4.56944424434079,10.5829239320763,14.8286533132491,1.72472379002384,1.04314625725969,0.561707956305755,2.68246057079368,1.01741677709575,1.52198582129024,2.41654347890701,0.0140557960447502,0.00923214619251217,1.63454457744963,5.48593744949195,0.00750938673341677,0.0100125156445557,0.0187734668335419,2.08983100236193,0.431898613046696,0.582918105493722,2.86953412573149,1.68088809917227,2.07011712380691,2.38893253684472,0.296112399466274,0.324052835933622,1.4699547977936,4.47443469318537,0.0505322374513176,0.151901957970588,0.437527775729374,3612.06947387049,400.949758508041,0.631149278841019,2.89428793630304,3265.72758822217,3580.66767424392,3860.27917074278,NaN,NaN,NaN,NaN,NaN,NaN,NaN,-2.07610794138284,1.83844721079675,-15.8066085591523,2.94245381502723,1.17377308597611,1.4940104020442,0.217420074880137,0.952866261981408,0.896761907769731,0.890702795500565,-0.144137249266575,0.588340284722179,-0.203978275195644,0.450071089295529,-0.172719190978038,0.441384250479751,0.152808962738118,0.32395246837486,-0.195836679147571,0.339035661646106,0.106880518386825,0.26987192206397,-0.0517180127768497,0.222706486945396,0.135127174355735,0.258278929137429,-0.041702237517246,0.217947753770087,0.000238718446778385,0.455788059334999,0.00144078562816216,0.807959660486185,-0.000480982724888573,0.488676082234584,-0.000803263850379421,0.28444447422002,0.000260531283609204,0.277193933007442,0.000153768825862691,0.224276655905987,-0.000137721622452748,0.183622271774253,-0.000242236801073024,0.168971193925258,5.39151030771384e-05,0.142642243100385,-0.000157615493441076,0.149507226622624,-5.15260236394376e-05,0.130386720136345,0.000129005786471218,0.120304532187934,0.000317879998218364,0.123146499531464,0.000191218653182344,0.11316751584215,-4.65340781063852e-05,0.414202113201464,-8.94484781356731e-05,0.647333881069559,-3.51157170773357e-05,0.400035447789502,-8.17027428678571e-06,0.266594887977325,-0.000125845468660074,0.243282676181405,3.46094573926214e-05,0.221631716738589,-8.45421540509873e-06,0.197622869650451,2.38813029920576e-05,0.177367912428771,7.78934474463648e-05,0.160253148538138,0.000104749684949284,0.166739602234493,5.18999186520077e-05,0.147163003920874
103-1240-0045,103,1240,0045,unknown,103,0.788542961454257,0.48822286203584,1.00651881087219,2.73390678083967,0.418409841387139,0.563396662372158,1.17110371761125,0.489107757317041,0.170812007475707,0.638160808750262,3.49414927493752,0.379368279569892,0.465591397849462,0.583333333333333,1.38665370817294,9.72057393504256,0.0477893824672219,3.07360657746786,-4.8944218673896,2.0375660291432,7.75373383028169,7.5800497313364,10.9429666047139,-0.474315416205622,3.95677025698092,2.44368622170166,7.61146493763215,13.6507557771656,2.15895083614011,1.30117228597166,0.415490346453137,2.66373203402882,1.12749832505619,2.14282137108381,3.01653827011848,0.0191626289099379,0.0117117618342807,0.719549882684881,2.61301530437884,0.00750938673341677,0.0175219023779725,0.0275344180225282,2.22532254216187,0.452160969351765,0.433466360472309,3.11407880773179,1.81848038071471,2.2492199570922,2.5112042107658,0.475627849562072,0.437138994068158,1.01008509003276,3.48037468356886,0.0951921563338249,0.363582066574985,0.775040653538585,3742.61122467599,412.982133536677,0.396377677703513,2.54641254066109,3416.97381509167,3703.74825665405,4034.87093386308,NaN,NaN,NaN,NaN,NaN,NaN,NaN,-1.13866795933747,1.94638224302831,-14.4756302621194,2.90094118596889,1.45309384946125,1.49460152963674,0.00543825076580171,0.969290766546595,0.921547898016576,0.898213018848625,-0.363554851858509,0.596863552278053,-0.124328691010638,0.442918448297102,-0.265779626151591,0.468774394618518,0.122897891480858,0.366520106378476,-0.261084108918894,0.398057219209485,0.204135738799916,0.347422162443479,-0.0878192032743518,0.235403191124388,0.131884516971363,0.254419990662806,-0.0192215991135095,0.237818887007171,0.00133590464481545,0.516114044771194,0.00264084791174572,0.84270988031126,-0.000748158057078048,0.443344527601106,-0.000537326859968188,0.284568125538393,0.000193441903362769,0.272116602672827,-0.000380948380119955,0.232845039363425,-6.98614769683807e-05,0.179731913615277,-0.000599390887393721,0.179907932173879,-1.14537141719682e-05,0.153642072294103,-0.00019868895003549,0.159723453864414,6.24412810475368e-05,0.144005808676147,0.000244883901691428,0.127261577617381,0.000113462106641619,0.122107494505081,-7.87755001232127e-06,0.12002321046516,-2.40021248052047e-05,0.449191327680409,-0.000108351133347851,0.658769859170168,-5.70863026008789e-05,0.390137834371758,2.28694484003447e-05,0.26462252910517,-5.63580082020836e-06,0.239959253872368,-3.94514030293043e-05,0.229222201705073,7.1100058693541e-06,0.188271240808631,9.16383265747638e-05,0.18183959504793,-4.45495951830173e-05,0.165973518303768,3.76511198304603e-05,0.165489604489742,7.40081446777269e-05,0.15334919974133
103-1240-0046,103,1240,0046,unknown,103,0.710051739130977,0.491180456851875,1.15305178227709,3.08544655424642,0.353779738495402,0.47056453244502,1.03134866864531,0.480580346372017,0.161066340285288,0.671790399352341,3.97315395421974,0.376228269085412,0.468253968253968,0.565406815406815,1.37746055612264,10.1378278009274,0.106658989074523,2.71240481068148,-6.28954357060091,2.22764527389739,8.06280424340989,7.52434557263771,10.7828959635984,-0.576945363905591,3.97418948801134,2.50988300734727,7.89651906571404,14.1589736957461,2.39889161279442,1.34832119393925,0.17322200491196,2.27431109274023,1.2149164846986,2.38825329395968,3.33824685078695,0.0214785773282887,0.0130488500873723,0.539509961099549,2.2753247580324,0.00750938673341677,0.0200250312891114,0.032540675844806,2.26566791252173,0.474742944643778,0.373510926936656,3.26883201225953,1.80255416491311,2.31714186493686,2.55622739067931,0.599049986002797,0.490213277687951,0.505336651320575,2.2224718626915,0.114753471260513,0.555601316911304,0.971346013891119,3798.58382130915,478.715999976332,0.471462379226606,2.53550213882904,3397.63556590573,3746.4354356235,4151.71062501,NaN,NaN,NaN,NaN,NaN,NaN,NaN,-0.759039423747238,2.21903809770666,-13.8153712767835,3.28945372926995,1.45558229376161,1.25515863335813,-0.226129728134954,0.951337436124958,0.8878232260957,0.875043226939237,-0.409593321203165,0.635429436691563,-0.203617138291494,0.476222331840969,-0.373423905875092,0.479534085757275,0.207887277269009,0.377497705496331,-0.225869982885962,0.354272659006841,0.239228041668863,0.327176680384961,-0.120681397217255,0.263660065906294,0.202395625521129,0.26300049225547,-0.0261035219561989,0.256865660464137,-0.00120228431426682,0.61458867600937,-0.00349534666804301,0.962027771626251,0.000538533877050774,0.432959702496852,0.000837720872003914,0.291721903864339,-0.000376411560924198,0.277179512360748,0.000217939717341176,0.237732130498363,0.000149338127958989,0.187583418681537,0.000714307619351253,0.194435081202786,-0.00030714351353796,0.152448569648656,-4.25852355533053e-05,0.159876172717525,0.000350537034435173,0.137802356677475,1.08778548963987e-06,0.12810059572611,-0.000630663524851882,0.133908091487238,-0.000354064779966029,0.126072729385344,-3.76240215450201e-05,0.541780194590311,0.000286198610387687,0.750982175861425,-0.000284675760694435,0.398989005543804,-0.000156228387454656,0.260433233240616,0.000287794138528111,0.255807742599645,-3.29227541099604e-05,0.225982341882727,-7.22016647401743e-05,0.189675895658192,0.000100575991617507,0.191707543366964,5.74557696280087e-06,0.16690243210732,-6.8802999273359e-05,0.17894833228519,5.83221106672682e-05,0.151247648792129
103-1240-0047,103,1240,0047,unknown,103,0.99984123055159,0.637777133464224,0.640880232489271,1.99791094423523,0.465042602787821,0.711594734776612,1.59254074160439,0.517835085910108,0.190734141315882,0.468815850645425,3.30566111028943,0.39622641509434,0.501347708894879,0.622641509433962,-1.18460006921463,9.47930811612469,0.0339087035823353,3.61425112485609,-7.03002836508427,-0.023915967952054,3.87730694562804,11.7959771702108,10.9100233538844,-0.690990721160672,4.68373137433767,7.40420277740511,12.6209649220702,17.3903121921407,2.35531837144864,1.50261076281684,0.61003722365725,2.7915576354564,1.09288708135647,2.19224534666267,3.41740495907048,0.0185572432466655,0.012982683185633,0.883349384050996,2.54584620524303,0.00750938673341677,0.0125156445556946,0.0287859824780976,2.19137820297156,0.513339222835391,0.725346029954887,3.54785452733574,1.70358141774803,2.16984521881734,2.52070055340435,0.578766056215405,0.59537177557392,1.02109654928448,3.16951934036458,0.0718332916586382,0.30227775955531,0.991002612612574,3700.20141437138,430.798547791452,0.660745162472416,2.96282971526157,3355.01171235509,3634.42759364738,3990.47628372672,NaN,NaN,NaN,NaN,NaN,NaN,NaN,-1.10809749221048,2.26258570288181,-14.3034082070383,3.40844391511126,1.00035930534027,1.43310359688926,0.0122624276828936,0.913085956580417,0.87998433471452,0.856096277493703,-0.251971746790512,0.596993731730142,-0.200784377111649,0.458078488670849,-0.304582773965412,0.487111874383169,0.211733024683294,0.356222865126595,-0.239560503708063,0.412529314341321,0.152949619721026,0.319339502084534,-0.12883491669495,0.267229516898088,0.15542668282141,0.258616341156894,-0.0298525173482701,0.251776728447966,-0.000145081933064153,0.606106961493013,0.00101023155468475,0.958728473031286,-0.0003132170655121,0.455631449083986,-0.000525565404320055,0.28837388170848,0.000466934018467097,0.286128715833975,-4.90034710902862e-06,0.226549255319653,-0.000323885241200361,0.185797758048405,-0.000106318821315751,0.181953422114792,0.000160944583398049,0.154212070172016,-0.000215346101639836,0.15731338668176,-0.000120890835169032,0.146693372079609,2.63333411146544e-05,0.133089483247137,2.00179032602812e-05,0.120890925666463,-0.000109255252069744,0.124096701645359,-0.000172203349630654,0.540436418157352,-3.29804348212059e-06,0.74389806323714,-0.000190196255921121,0.398892510278841,-0.000143622150261134,0.276477314520195,-0.000136500815372479,0.27044684990123,-0.000140840094098868,0.23238738923854,-8.57295985054689e-05,0.193833727222393,-8.16676395507753e-05,0.176574064482464,1.46609973638556e-05,0.17083518977214,5.21897976483259e-05,0.170067170613602,0.000101458624226952,0.169809181253982
103-1240-0048,103,1240,0048,unknown,103,0.951791355486705,0.560266630599348,0.621429242884886,1.9986078500883,0.480980639864007,0.712420915336677,1.49492522695626,0.494886324685167,0.191940393799309,0.742366556540142,3.42026260703415,0.368121442125237,0.471774193548387,0.588709677419355,0.913553593849753,9.6871584642457,-0.281247909015101,2.87487621746614,-6.04852996069992,2.74769670123258,7.51762651041643,8.9483221200111,10.7162111237514,-0.291487809212953,4.06834335471106,4.31446509690043,8.60727409915437,14.5312830447494,1.82534184585842,1.1595048480221,0.68505657629314,2.94866390565767,0.980872448783448,1.56358323210388,2.62385191010783,0.0159865480186963,0.0106714691374075,1.36888461748929,4.59313003804712,0.00750938673341677,0.0112640801001252,0.0225281602002503,2.12380501529747,0.426543284632865,0.577224152428164,3.2012920332508,1.72663927681237,2.11922524916616,2.41432609157696,0.339703901820996,0.372637236285202,1.71153873613192,6.80155985175701,0.0496745775900219,0.178075777581175,0.530030032960153,3614.18344152165,429.20331612039,0.62019245967545,2.5923740222944,3246.32333491469,3541.51042202492,3912.56124504224,NaN,NaN,NaN,NaN,NaN,NaN,NaN,-1.89010927640839,2.00415068348834,-15.5931663087531,3.15798176331395,1.38050512555186,1.3859157996869,0.0781062404529129,0.800963605326344,0.83959566896554,0.837653229703711,-0.203842013699393,0.565829791056597,-0.164372988600435,0.512080472622966,-0.149262267419026,0.39893655437263,0.137460559009042,0.344670691303311,-0.166338687692111,0.346310427046987,0.113120665081274,0.282224555104379,-0.0304897331616144,0.23707057820491,0.14452853572631,0.221509866750339,-0.0283403586114359,0.222262509346148,-0.0001564159215758,0.432119081428694,-0.000655353985690133,0.757466414753081,0.000165344178894715,0.433513791921226,0.000656155331507061,0.26029176861815,-0.000573533418051489,0.239469545438133,-0.000112190628484113,0.201897475727318,0.000163338965037517,0.187083839857541,-7.81593393059925e-06,0.161063150998316,-0.000153573673849723,0.132543777743158,-0.000140501825994179,0.145514091795916,6.62718783534012e-05,0.13218353055059,-9.66727297021848e-05,0.114361339783277,-0.000182140154757212,0.114439426843286,2.2224549025572e-05,0.115388368309912,-0.000102463003075653,0.365292070661752,4.32192196104235e-05,0.613733391300632,0.000189352557377051,0.373886375557865,-5.07527536552144e-05,0.244901351861259,1.64648097767797e-05,0.216855514316163,-0.000156251833781872,0.200629400739699,-0.000110448745353576,0.190054562391213,4.72503718497461e-05,0.168138727136512,7.12643914524839e-06,0.146346888118835,-6.66842245886276e-05,0.159488600633894,-8.59423431391039e-05,0.148578568351451
103-1240-0049,103,1240,0049,unknown,103,0.800134505207362,0.469804715221639,0.827171910316262,2.34423917576241,0.429442039484992,0.58169519613513,1.21112968235865,0.470321620013794,0.185283634139398,0.816959779462482,3.37474435994154,0.333333333333333,0.441287878787879,0.565656565656566,2.32801675139049,10.1638030218796,-0.0709498969809018,2.72477367423077,-4.77025352377608,3.56415731124885,8.70201053871079,6.7742367042113,11.2354089797814,-0.336786641798579,3.46645905724807,1.36941930203633,7.40798838216067,12.9431889168169,1.81577156010659,1.10819522467527,0.597929450281301,3.34904565734916,0.958076472595496,1.78314606517922,2.5792007598491,0.0163746349603673,0.0103532214742358,1.19776904712609,3.83000200698065,0.00750938673341677,0.0125156445556946,0.0225281602002503,2.16499205869971,0.443114888277173,0.420426685111286,3.22676117850958,1.71589129186677,2.21841012339135,2.4683561439836,0.360266529147084,0.36018380812278,1.53143378445586,6.1318240844068,0.0745369300834975,0.230779999338571,0.571362866015564,3670.6346349157,388.937031259178,0.55843653801554,2.86002348412008,3378.66340865396,3625.27609943689,3923.13619654849,NaN,NaN,NaN,NaN,NaN,NaN,NaN,-1.68063125840904,1.83450093541583,-15.147386347573,2.78323693910507,1.29035546421609,1.3778288090842,0.107717816256682,0.882461811618516,1.04870285905289,0.891623891836055,-0.192901704561618,0.58455124976931,-0.296772567198976,0.474756180614261,-0.223722476819656,0.438153950037853,0.104269491193342,0.346066971062715,-0.243474143356607,0.337840503063601,0.0867012492142148,0.32138637130349,-0.0935944620660437,0.232011545070311,0.188960878286487,0.254957918868725,-0.0278971065467689,0.223520595324379,-0.00017661613504478,0.498435995804678,-0.00166208747809476,0.859987791767915,0.000110323006575239,0.446631583472165,0.000253357794382492,0.281789065919132,-0.000472643638060883,0.272560893533578,0.000154694949877224,0.225354280079315,0.000318954175285778,0.183830707577812,6.2732277197045e-05,0.169963097164002,3.57281847279505e-05,0.145951235999856,0.000514907959394281,0.150679565053573,0.000182916161269738,0.137206384897109,5.81972834936656e-05,0.115818879161727,-8.97818904912963e-06,0.121983737730471,-0.000260245188636305,0.118258931348967,-5.03133221898736e-05,0.458287523487584,3.41244792139197e-05,0.687794706022003,6.75323650049859e-06,0.384098404292435,-2.49502502728306e-05,0.265208062826415,4.61168551492579e-05,0.242521953447019,2.57008393921641e-05,0.214220487917121,-7.91118834074132e-05,0.188513268055655,3.62303726572364e-05,0.171395880481148,0.000133893929757825,0.163776238987054,8.57096464219238e-05,0.164694978632762,9.9082509497838e-05,0.149287526770639
103-1240-0050,103,1240,0050,unknown,103,0.975353312806224,0.549790821175309,0.649187765532084,2.21180660023727,0.504884223457809,0.766768790293059,1.44711285562609,0.481404250121774,0.188034543243566,0.239976923973247,2.77912389002191,0.344109195402299,0.481191222570533,0.603448275862069,2.75121876738439,8.71176069217004,-0.179770043133064,3.34307314070483,-2.59059536373567,3.89917923475557,7.71223706840087,6.31209926547744,10.4643330582785,-0.503677422778793,3.68537081340149,1.75819844875439,7.95353161864004,12.2268233066209,1.85909506706304,1.38012128505044,1.15117700196728,4.79978936067101,0.751655009753164,1.69729810334882,2.48573319892424,0.0153231596720509,0.00980711414341839,1.21480103367697,3.69645779008103,0.00750938673341677,0.0100125156445557,0.0212765957446809,2.12614696778644,0.417475702974156,0.955942364846835,5.38299359167158,1.76231869518607,2.12487646035858,2.3848852144088,0.374229229740711,0.455377003216361,2.33131460315772,10.4418005778231,0.0622746291841858,0.200604929955661,0.520291394222216,3629.80857663942,397.995985468686,0.647710206812947,2.79188736016925,3296.69006152322,3576.6981257784,3892.42359249964,NaN,NaN,NaN,NaN,NaN,NaN,NaN,-1.74326274436374,1.92679001103361,-15.1652060062435,2.90835995674166,1.21707305574391,1.40729917787447,0.143098226990571,0.878081958479151,0.923717516349083,0.892226264698664,-0.281525487992888,0.609858683141834,-0.239783224189031,0.448271672510002,-0.188953595010828,0.387382631199803,0.0791224968870682,0.349993869074857,-0.20151170429458,0.346783549014467,0.0807508768819804,0.304544118297194,-0.0889690312932784,0.245535575848923,0.142096403151207,0.25209089409554,-0.101718905237049,0.219673703518817,0.000198724074213118,0.495193037329733,0.00132544758721478,0.834326154493504,-9.27528023709937e-05,0.463671978322615,-0.000318055855231389,0.278375652703458,-0.00014154725816909,0.267709568282564,0.000134518804044512,0.214629303546404,0.000142363670728855,0.182991623989787,-0.000407150594513987,0.158595264149897,-0.000120155215810644,0.141140456975702,0.000149343115862408,0.146401379888392,0.000524090412159554,0.136198065631612,0.000146635779765388,0.126467131604432,-0.000266907151220889,0.119095439014914,-6.47109987854485e-05,0.114079846688788,-4.55160652091693e-05,0.441211814482711,1.84717772436876e-05,0.690765918118551,0.000189510324262542,0.393362659061621,-2.01483366931002e-05,0.269482772268193,4.419529582043e-05,0.250681274590135,9.47383280437127e-06,0.216825473903767,7.61098302720819e-05,0.190036858048166,-3.46565103256401e-05,0.167234135380802,2.35192675129624e-05,0.15693155502781,-2.56072479942719e-05,0.159257138738651,1.2282118409681e-06,0.149149802823448
103-1240-0051,103,1240,0051,unknown,103,0.776778054056548,0.46645150242074,0.925708954502688,2.5555877326641,0.421638968831572,0.572885089935041,1.17008711610857,0.455358202424325,0.177555586379004,0.363622314389796,2.99085454410367,0.338859180035651,0.439393939393939,0.565476190476191,2.35182207189025,9.40901823401273,-0.0658214498254243,2.97825183349451,-3.95003722634165,3.22453105765233,8.45765639871906,6.95879756319075,10.5161214859035,-0.384812608644854,4.19607755888746,2.79788230579305,7.27432419218471,12.7535773045717,1.91705250778969,1.22003881602684,0.691220597351976,3.36661186054545,0.999387406639934,1.78137283356855,2.68207525604868,0.0165644392305004,0.0109557760690699,1.2487723374556,3.86270998603563,0.00750938673341677,0.0125156445556946,0.0225281602002503,2.15055211468644,0.407183576046631,0.556102567255738,3.50958503569031,1.76076822495609,2.18117372184867,2.40570510187905,0.389014933961316,0.387278362309654,1.30589131477318,4.38842073085521,0.0692447259556108,0.261811120244628,0.608005580927571,3699.56995588106,441.57372903834,0.641962260027302,2.98453595756233,3343.80452198008,3644.69454005344,3980.42449341202,NaN,NaN,NaN,NaN,NaN,NaN,NaN,-1.51037720679159,1.96326788784679,-14.8461266157366,3.01836387943837,1.58276086325376,1.37597825087357,0.0463078878923218,0.88251184350561,0.763809993114065,0.926918744746528,-0.460334759548121,0.718142050418036,-0.119730479889667,0.452443612630009,-0.172698566895635,0.468146589215423,0.0466241929115068,0.35951952212063,-0.195044447236784,0.388770036612941,0.0879075851013923,0.317399210701616,-0.0547045380869395,0.239579909906151,0.168493238631864,0.242659728613431,-0.0391219694206814,0.21317045002013,0.00132738554443789,0.499987259691202,0.00335137222991269,0.854739533670737,-0.00121800558515632,0.403788152387223,-0.000291599645193027,0.271832187506001,0.000513515603865167,0.257892794739445,-0.000599726004319454,0.233675626846495,-0.00041606320049722,0.175065918554113,0.000198607737085576,0.17757082178792,0.000184690841686129,0.149766107334895,-0.000181175341650366,0.159029863775537,-6.89534367874317e-05,0.138552024559707,-2.7383383276316e-06,0.125414932764842,0.000318637512171353,0.122013895842762,-8.68914883774051e-05,0.113898671138488,5.42660077496881e-05,0.427806489040083,-3.43445012645582e-05,0.663307880290022,-4.36932592104564e-05,0.354659886101812,3.52973124058021e-06,0.255179133128806,9.36948290048824e-05,0.23074629067917,0.000130435727368761,0.226008822798307,8.63409384546792e-05,0.179098740221912,8.01719310607116e-06,0.177217414587571,-6.84143278612983e-05,0.158951246490441,1.50821173604645e-05,0.16704077731874,-7.02185407500669e-06,0.151744311290971
103-1240-0052,103,1240,0052,unknown,103,0.813048689486322,0.446622578287784,0.803329919489556,2.42121051325098,0.454438848256122,0.620007480762195,1.1818700811286,0.470696020782741,0.184064803812774,0.183354299304365,2.73871638011477,0.338308457711443,0.474626865671642,0.582428765264586,2.12609100363711,10.0896553862438,-0.149921595493857,2.80224027845631,-5.3621931504168,3.90755338429566,8.78048586874248,7.52757151204822,11.424998726293,-0.33535392581327,3.73669509223339,1.85765252497111,7.82634665940923,13.8668105969354,1.6326919595599,1.13352952606679,0.993889511524094,4.1926778379442,0.712523269786093,1.42779997759719,2.27925861567393,0.015079018264356,0.00933730387994755,1.27803113042483,4.36968354353808,0.00750938673341677,0.0112640801001252,0.0200250312891114,2.10428154887708,0.386218995157387,0.291052501314001,2.52212028310583,1.72122555476699,2.14751110092545,2.38204423724097,0.295714227422881,0.306338859061486,1.44667546927566,4.68702146498021,0.0586600958913763,0.172244067999343,0.454885086027907,3644.98474424177,380.388369819573,0.676768417492957,3.175870989604,3334.29088058436,3608.40299235554,3888.54588131025,NaN,NaN,NaN,NaN,NaN,NaN,NaN,-1.93615415230665,1.74070769406176,-15.3274638420368,2.53465675853989,1.50842455854491,1.41832946774734,0.0120899016408769,0.81108836204162,1.00705116707701,0.833902464694184,-0.24260785612481,0.587671223272179,-0.277856989120907,0.479366778820746,-0.185684578082696,0.435146590670652,0.0974144806369743,0.329672350653031,-0.183676567640871,0.342265339558289,0.0912423598237482,0.300982014467622,-0.0951033339015905,0.226383883474374,0.164435337769596,0.256484416109949,-0.0657823894001971,0.22845101501707,-0.000922578204964021,0.506664880789813,-0.00159704875464394,0.890974341023699,0.000378261441826193,0.451030780921467,0.000299969480384372,0.270602295465572,-7.27143526778911e-05,0.265576930945766,0.000219176952695993,0.219153844328285,7.72331694279068e-05,0.177528421256658,-0.000160800205266706,0.180176263960239,-2.98811808946357e-05,0.150206492359184,3.1610732016865e-05,0.146915589651347,-4.59055302931219e-05,0.138303682115311,0.000190450870913202,0.123477225983943,-0.00023028422161851,0.123172686671413,0.000131120632381726,0.120793860506644,-3.84210048719099e-05,0.465015881142053,-2.57774385372358e-05,0.724620259513912,3.66106337561597e-05,0.374333852223526,-1.39450283551649e-05,0.267716171923095,-7.89929205409656e-05,0.242896773932825,8.12493690256278e-06,0.211612652038657,4.88767948476041e-05,0.184037489509173,2.77760791312798e-05,0.183847871015095,5.60319817184175e-05,0.16688433152964,8.62022811694204e-05,0.162725056981404,4.9905630198627e-05,0.154001239562368
103-1240-0053,103,1240,0053,unknown,103,0.795105908947144,0.456036426057888,0.818610491761141,2.42720516719512,0.430701988635414,0.601583691807853,1.14694571748418,0.466943509746519,0.171419189357367,0.26315764313977,2.96539231957101,0.353846153846154,0.454807692307692,0.578525641025641,3.03268062236188,9.05100159665253,-0.00155543714480362,3.07410129453919,-3.05477710047061,3.62087158453436,8.55753194424658,5.83419785621726,10.553569036135,-0.391563639038999,3.75360590658433,0.428830161232163,6.67832748230748,11.5049821676442,1.76408786068586,1.21575289069479,0.879025207889326,3.54501793696467,0.819040616134884,1.50759778134144,2.52181463006949,0.0171543357243545,0.0115089684056144,1.2023423084468,3.78709074919174,0.00750938673341677,0.0125156445556946,0.0237797246558198,2.20036930838722,0.461981849081224,0.527836448256545,3.26798666044858,1.75170340719625,2.21137506125116,2.50512591772532,0.378605518083762,0.427788743192937,1.72230627614056,6.11246729103149,0.0662077729445445,0.187814407709484,0.590838170676686,3641.40708799215,380.674461797442,0.532060976095317,2.7001810731155,3337.9646212284,3585.80194817424,3910.92456937788,NaN,NaN,NaN,NaN,NaN,NaN,NaN,-1.66601127875924,1.90123405868487,-15.3819303074239,2.76292349342581,1.4076893686556,1.49198126525244,0.27755915843771,0.85148434135398,1.0270903546848,0.893592293828196,-0.135128073871642,0.588762093394809,-0.205202266602876,0.444592544477436,-0.229578896932949,0.38347667367581,0.0534647475738553,0.345974176215236,-0.33792054452795,0.369566810546596,0.00986613499137197,0.305997162156709,-0.0739149115452987,0.252853653654837,0.138200295365973,0.273641127911556,-0.0243099692793028,0.226932665555932,0.000887840631139857,0.535475419510784,0.00175953394687476,0.862242886303951,-0.000741285814410689,0.468200595204723,-5.10933038447107e-05,0.277431774946208,0.000165375577993738,0.279244880640515,-0.00023800226951339,0.211229338140675,-3.24564693219115e-05,0.180471033982136,-4.70707102228621e-05,0.171492165019275,0.000209764851405483,0.151264194349636,-0.000239444666560927,0.158234846787468,-0.000228579480135967,0.137621104281984,-0.000110601729538201,0.129578592279733,0.000350373478703066,0.125351223481003,0.000139956495866061,0.116913790212884,6.11838368731686e-05,0.438288520992052,5.06029431978352e-05,0.672574908200232,0.000127285343938087,0.382974641046911,8.99060635291108e-05,0.272672041464902,1.02111962598626e-05,0.250404719954749,-5.40414607352475e-05,0.209639985189195,-6.73212567512069e-05,0.192774869134273,2.4997043032259e-05,0.173744234717294,3.92515875810672e-05,0.17127408216511,-1.89012607015271e-06,0.168893582456802,-0.00014332624417093,0.150731374131495
103-1240-0054,103,1240,0054,unknown,103,0.882924421163674,0.478526658893402,0.770944158495126,2.39701286838417,0.491379213156399,0.694204241185577,1.29282825263979,0.489845309241319,0.183834144009312,0.297370252210877,3.04072171139353,0.369554924242424,0.491477272727273,0.587797619047619,2.81281336298081,9.47503942523789,-0.114409838610415,2.81848650896968,-3.83626189332963,4.03471992575517,8.72018760429479,6.20364347026603,11.2110337799963,-0.362336814810636,3.4048339215997,0.99202343079924,7.37968422834695,12.4783810910536,1.73384921876305,1.11214347985883,0.841125406611356,4.43556806680415,0.94174012701811,1.60975455771972,2.43043612454757,0.0155235480815108,0.00974002612810388,1.17788193792202,3.91344979229099,0.00750938673341677,0.0112640801001252,0.0225281602002503,2.1499711092597,0.415156507759052,0.495160020635817,3.45219486884247,1.74666834929679,2.17842942437206,2.41637443198136,0.318287494107935,0.351419035346334,2.06986269221483,8.90075005774129,0.0602225955673742,0.182954608174224,0.468526261733744,3609.81016354047,385.38425643166,0.6730711519721,3.01536896578984,3286.34512311883,3565.52252472048,3858.45478662278,NaN,NaN,NaN,NaN,NaN,NaN,NaN,-1.86912665416491,1.79129345785735,-15.5394894352464,2.68460019541926,1.37321388088647,1.49588436588602,0.288298061662759,0.80919898235028,0.896425950879887,0.879526827170278,-0.136186383983082,0.557744477005702,-0.190000469317458,0.472710792155671,-0.169661136886152,0.401723679414493,0.0618365265270882,0.372855944261261,-0.198890702903883,0.35337159860595,0.0639770710600443,0.299961262786745,-0.0647487109940515,0.242959353307402,0.155437771473895,0.238202025336128,-0.0619574436151707,0.218854513186703,-0.000694500938920952,0.459292084954766,-0.000966356255834641,0.791502237756216,0.000333943332555962,0.502933876221207,-9.00901962563609e-05,0.28379441643627,-6.62903263691848e-05,0.252303733685118,2.52544687407511e-05,0.216616331421229,4.12246418665756e-05,0.189094547106298,0.000157401973879179,0.173850941291993,-0.000158834697134856,0.149941944621685,0.000108665878277762,0.15171023193183,0.000251996937761043,0.136343669385585,0.000127644427226633,0.128158008764052,-0.000132596774492991,0.123454638329485,6.0045984283521e-05,0.118617842786358,-0.000151303291188587,0.394914413015092,0.000178221081311076,0.639011769440134,-3.59289894043305e-05,0.401382977514371,-0.000153663983090444,0.266827941061058,-0.000100657051245014,0.220154262868508,-8.79215552368327e-05,0.21028994023793,-3.68463614910494e-05,0.193008159425311,-2.91374172860913e-05,0.176164083360136,2.82003526352081e-05,0.166107868909298,1.22909796033472e-05,0.166281521971255,-2.30336543067205e-05,0.146443695284994
103-1240-0055,103,1240,0055,unknown,103,0.807739541470484,0.484438894334212,0.91503489455456,2.45887326686591,0.436319870612837,0.569182159709306,1.21076368979672,0.485203361424973,0.162000221838566,0.0247377422881247,3.22699096806366,0.394220525568182,0.490625,0.582297585227273,-1.23418968127959,10.2068819760449,-0.13153882021671,2.40271630941303,-9.28620455158395,-0.103691545892878,6.57337752008024,10.3828962937385,10.8963280930155,-0.049398391978107,3.4856718633758,4.17096647234982,9.34977863046814,17.2899459303892,1.97281103547374,1.23332215152389,0.31300664972958,2.40783437382423,0.985806450146821,2.03936919840617,2.87026389331372,0.0183186572501342,0.0110978232864382,0.781621845449042,2.82551204719403,0.00750938673341677,0.0150187734668335,0.0262828535669587,2.14163980930841,0.382484363776192,0.212671065494422,2.80672734601965,1.75405526430172,2.19289993650597,2.38596441400072,0.384354755572173,0.349977901697175,1.10939036348994,4.92575681789205,0.071186452045348,0.300266515582466,0.643005319490924,3668.88285687796,396.728343107678,0.491922935150684,2.46406472175968,3338.47842818373,3614.1105195188,3950.84904652191,NaN,NaN,NaN,NaN,NaN,NaN,NaN,-1.53596180926469,1.87688082623221,-15.0856557115084,2.7974212261957,1.47287120795182,1.30373933365408,0.0332887699867048,0.824141649284819,0.943267923142074,0.847449338626145,-0.200555166182933,0.547191783649222,-0.183307216674985,0.460269921078492,-0.158420103498011,0.407982732989098,0.118279959675573,0.352083012126734,-0.155004846619156,0.35852452051572,0.173900019885062,0.305769457487412,-0.06956759642633,0.221296753892289,0.128978481663211,0.253885506232009,0.0139223857152835,0.228803858264565,0.000365516599299276,0.464935089134346,0.00109521394250477,0.852944335221523,-3.93265834747265e-05,0.416102021187604,-2.86150596310659e-05,0.28269287167457,-0.000152562282402598,0.267168294754781,0.000305805229709255,0.224076985067881,-0.000498269271323311,0.183765597807007,-0.000177048065888753,0.165686374416253,-0.00034632655129413,0.157305071393461,-3.50207667466647e-05,0.149804199698062,0.00024517547650822,0.140334975378657,-0.000298774054021541,0.12409719344938,0.000252096855352595,0.120796152853283,0.000198221216422621,0.121187809843717,-0.000120308145464993,0.393389906548638,-0.000166861377852477,0.681827007416215,-7.37229001095846e-05,0.363100041562252,-3.38686041261464e-05,0.256287550765609,2.31139848386232e-05,0.235246263443033,-2.02904030310275e-05,0.220490690495675,8.58758907847769e-06,0.193877699567998,9.09526984937869e-05,0.172435818032547,0.000168189584280307,0.17172389223685,0.000180629361553946,0.165493933556547,-4.22392641898043e-05,0.155342864749149
103-1240-0056,103,1240,0056,unknown,103,0.951245141739307,0.519141146151553,0.717168536621312,2.18583405835205,0.528203886726597,0.71883803497106,1.39825039947929,0.489720825788347,0.187279321738016,0.398701747519943,3.1338882625147,0.359631147540984,0.483606557377049,0.603825136612022,2.3014656985249,9.77769773033719,-0.342458481267321,3.03592513785374,-3.72565786778375,3.75949850272363,8.52196926099641,7.00495521589253,11.3316692946596,-0.20108552380851,3.74549632419933,1.2766118226706,7.60550489765579,13.0700670871428,1.67118812080129,1.21015195499192,1.30962424065929,5.6895952723951,0.744456092609225,1.38290166834499,2.3123249052714,0.0152845226119196,0.0098653374151326,1.31280352403934,4.25811804136627,0.00750938673341677,0.0100125156445557,0.0212765957446809,2.08408166369013,0.384157455601353,0.50863459191871,3.06973687368187,1.71769539557484,2.09578270872881,2.3412848773429,0.288985763553477,0.351772407714348,2.73707555139186,14.5248602098018,0.0544212812054544,0.150390180510562,0.379670301863138,3622.21429301678,406.105064198234,0.720115592133422,3.09207021079767,3310.54097455271,3561.2589459141,3872.7086710453,NaN,NaN,NaN,NaN,NaN,NaN,NaN,-1.9629381563182,1.76100120647589,-15.6488887226562,2.65182940583982,1.59300184023847,1.57189712131469,0.0437675089837357,0.873130530027319,0.818452535239502,0.879660674991872,-0.140408803494963,0.550587376068192,-0.129990667810487,0.486976085278565,-0.166254431059758,0.424800563915879,0.0739108015653314,0.384322326967389,-0.192073575862214,0.386509995248016,0.110297276961808,0.274231324161572,-0.0447069425334229,0.241597871005137,0.111577781720274,0.231707953841456,-0.0466893003411647,0.224111603762264,0.00104336819851129,0.429356272704254,0.00418711620893038,0.777803027642424,-0.000434616467912392,0.455701348991689,-0.000924379523031891,0.265034654034443,0.000485741512443464,0.256764739427341,-0.000327089110390283,0.212500777464765,-0.000430350858188319,0.184054968292424,-0.000414448849827915,0.175046391003604,0.000159650794674275,0.147881331232924,0.00038063510727069,0.146995569233221,5.86663353512764e-05,0.128635898348565,3.98900303255873e-05,0.122991214328433,-8.08304627947943e-05,0.113439482195552,-0.000288434288300603,0.111988414281545,-0.000104534280148788,0.368339421576323,-0.000198720855637005,0.612340694004992,0.000133251379055174,0.366267475311006,0.000170975008305119,0.250083608597258,9.48211653934042e-05,0.233599723405422,6.08837415428521e-05,0.204403752749253,2.63715647632524e-05,0.189443523773453,-8.92719362101439e-05,0.177909655758255,-7.28248791351606e-05,0.160662093208239,-8.32490128620909e-05,0.153409470790896,0.000123342343643884,0.142927599961924
103-1240-0057,103,1240,0057,unknown,103,0.987168477540295,0.525081956397917,0.533169414388258,2.06645621660894,0.531266690849332,0.810078359543293,1.41332145905027,0.493039214681874,0.186964693937903,0.436017351780641,3.04660197333215,0.376229508196721,0.481967213114754,0.578073770491803,3.61174523902525,8.60274574552206,-0.573423844708175,3.54811631716177,-0.622384616969871,4.83185822846832,8.60382624064239,6.73445696888172,9.8937051085385,-0.141346123284781,3.70423771397145,1.97738447939594,7.99934981290731,11.5187476669647,1.717408568176,1.05735279759511,0.414059490984639,2.51503048515709,0.984531502290472,1.53620667852584,2.42271807037239,0.0147669903091052,0.00984072783284046,1.44058375934347,4.63791550119263,0.00750938673341677,0.0100125156445557,0.0200250312891114,2.07213419384347,0.399526953653138,0.472000265863058,2.78265268065564,1.69378207171588,2.09348709700985,2.3521174327417,0.301165395073703,0.32799794481226,1.65891865269207,5.81830538020129,0.0484187125495473,0.179646495963366,0.453011321545121,3596.59979383376,396.196458570901,0.670158183840196,2.87871724903542,3255.34820216089,3550.56531967705,3841.44251438655,NaN,NaN,NaN,NaN,NaN,NaN,NaN,-1.99041850530106,1.91907026304842,-15.6814352103266,2.93998730793085,1.17948843707346,1.33974916698877,0.142115021288239,0.906334821535311,0.760922418268985,0.758146667076281,-0.0587920756376674,0.550203700482497,-0.21993203204131,0.473636367145766,-0.248301365872679,0.391197639906946,0.158717788301981,0.286085714771034,-0.139479015894037,0.336518002023261,0.116595593761509,0.321635392242777,-0.0754658940821963,0.231193762093778,0.125977410096666,0.25013525991683,-0.0259139689224355,0.203399932869526,-0.00162815236310479,0.44440051556403,-0.0030980446026351,0.765888997869588,-0.000656074944998186,0.463910159346089,0.00186290378275431,0.255686697074591,0.00016662947734643,0.22225895483053,0.000852816331463805,0.195141488027397,0.000131773186785586,0.170921210777255,0.000755075379051885,0.168208179020728,-6.8137520253543e-05,0.141597601756471,-0.0004488572272703,0.13983488149562,0.000270614195359406,0.123966827709237,0.000463397950028431,0.115585898157827,-0.000509458994835267,0.126169351136257,0.00055411852246817,0.118929837347633,-0.00020374552281927,0.371602193086735,0.000311288580027007,0.579618630845841,0.000261104038943242,0.371561587602884,-3.35259306640158e-05,0.24234973378184,3.32376318859703e-05,0.206070353389838,1.91675352679607e-05,0.188568040820811,5.00233659385207e-05,0.176361919708709,-0.000166625775957591,0.171182336356651,6.31262890069942e-05,0.165579306141676,0.00014536910737991,0.15551647902162,5.01334431139853e-05,0.141452610010976
103-1241-0000,103,1241,0000,unknown,103,0.723654636792525,0.445216752928608,0.807582804099801,2.37883680280925,0.361030534777661,0.538021744977432,1.10566230916144,0.539055672222222,0.186552427241946,0.0867175474480756,3.02430250794036,0.424242424242424,0.538567493112948,0.660542929292929,0.197533501008235,10.3838700692576,-0.262005807830526,2.35566305972283,-7.65356396391542,2.50105878339435,7.61548257728666,10.8516367134741,10.72233520742,-0.291880311317043,3.64457831472928,5.68939888164528,10.3047216634632,17.4256475716827,1.04926518263401,0.882589368941592,1.52096049212419,5.65499939058316,0.397087856187015,0.765757149779701,1.44556620732536,0.017778976232854,0.0106711977316185,0.738628692114691,2.57623421445863,0.00750938673341677,0.0150187734668335,0.0262828535669587,2.35353531897973,0.530177670941773,0.887217705552264,3.85078961335642,1.89375914269903,2.32598694688079,2.65014323252335,0.235691144810964,0.254695844403026,1.36617373060031,4.17564821858894,0.0396537743170053,0.124960396119918,0.370596318720763,3685.44653825433,468.195842935596,0.654844881913742,2.55691439522968,3280.82549651726,3574.7934607205,4034.1104411402,NaN,NaN,NaN,NaN,NaN,NaN,NaN,-2.6478690125621,2.37204967504817,-16.967960640484,3.64885612618914,1.90030526543461,1.49790880005129,-0.271438111851051,0.931963815949291,0.868408322910119,0.80843365749125,0.243684837874537,0.618827767862418,0.0692459951546288,0.451491903646935,-0.29389005716648,0.467134284667808,0.0666532561497536,0.410827750557841,0.000818272627037751,0.372692244682947,-0.0571616209819179,0.32380530801344,0.0274515584922235,0.251452087854312,0.0345984345331199,0.270550498296972,0.0617084716079493,0.243723864551064,0.00151836452529942,0.552077857871923,0.00466592279162638,0.807841656699044,-0.000887091733719299,0.437256633648665,-0.00139016800811933,0.27549970565663,-4.88658165932351e-05,0.238594888006822,-0.000256503013476603,0.193102028434632,0.000192631967862825,0.17621091551244,-0.000776035924324615,0.179521032687056,-0.000346144459068412,0.148091493910719,0.000307813512916856,0.147748535947304,0.0001083085610306,0.132147726913168,-2.00973117633857e-05,0.11978775108158,-0.000268686934440692,0.118860461104334,0.000361194462415007,0.118959762353989,-5.23465540973539e-05,0.519757977279434,-1.06457482028638e-05,0.636532246172079,8.15586214971161e-06,0.363871992078155,-2.67098726118695e-05,0.259721964436038,3.07565264055674e-05,0.22376312863348,9.30788025871835e-05,0.185320536471067,-1.12368917676489e-05,0.182231727550443,-9.19606141046214e-05,0.179539540204489,0.000117621884873067,0.162824370310307,5.72913079845113e-05,0.158826007565995,4.53410167351172e-05,0.142781002087442
103-1241-0001,103,1241,0001,unknown,103,0.497731165659916,0.294687613955417,1.20324723636009,3.36102106003332,0.28991658094953,0.361636912700413,0.668776821475746,0.506417840264399,0.152664084932261,-0.154263952891764,3.38685042646993,0.415584415584416,0.511696636696637,0.600649350649351,-3.18998959665173,6.33641180415237,-0.401361156982738,2.65380766608556,-7.19674657707079,-2.4477175396423,1.45616916010905,10.7275533481914,8.74691321166089,0.36588270262942,2.48610348367912,3.87540788307949,9.76626096813762,16.8363871469767,0.978945078651529,0.796070373936136,1.05465613720535,3.19118454620846,0.372352390788852,0.696691279208401,1.41823023382748,0.0206253948964253,0.0115940347029135,0.566391076441328,2.4521782988817,0.0100125156445557,0.0200250312891114,0.0287859824780976,2.41536188747455,0.486532878428178,0.67592341769109,3.97883188935094,2.01229806232404,2.42424293582916,2.69189171134721,0.237811737940734,0.246646895434208,1.26112343106606,3.6395692681943,0.0522358350288381,0.120809669198874,0.373435074051147,3790.92232998249,484.721629611203,0.621087312833516,2.63364255226739,3380.01332991279,3708.57963107807,4138.2895359423,NaN,NaN,NaN,NaN,NaN,NaN,NaN,-2.1485913708722,2.11347276004387,-16.5985693219324,2.88098782656237,2.17638705415991,1.7327731417167,-0.105271382514798,0.935802792321499,0.774936452463675,0.895195829670608,0.277347950143577,0.662716512528122,0.0811981032028527,0.563295469376827,-0.29078216749024,0.480915507855251,-0.122473018337808,0.387871396037525,-0.0142827818070953,0.367311631545784,-0.109395033086214,0.358459809687594,0.012330530154761,0.260362316608958,0.0750758646940966,0.229726245794031,0.00292842054302161,0.235934160422477,-0.00166592294349855,0.525952083019101,-0.00367548324592024,0.803289224063507,0.000471324564720107,0.421374970423621,0.000956105647846608,0.25064169949278,-6.11013002431897e-05,0.217247092017203,0.000713532806335076,0.190973412281879,-0.000567243855684506,0.173001377819603,0.000146079364213517,0.179531124321666,0.000147409604805958,0.146211633431985,-0.000133825432214761,0.145163826390659,0.000303565534941928,0.132408140816192,0.000233017400831934,0.117303000140046,0.000375147481744799,0.114963873113841,8.8018529018176e-05,0.113034577497757,-4.26693520896686e-05,0.481881402818181,-0.000545434092859114,0.630845794196031,0.000227397092911565,0.346530381592803,0.000132589590906667,0.234084438745318,-0.00029303042329736,0.20001090259629,-0.000196513509180674,0.18604164340692,0.000109290830805067,0.167675997255887,0.00023612099566743,0.173416967322335,0.00014288124523538,0.153026257978802,0.000129941539158416,0.15678794787063,0.000185146878074051,0.141107489885464
103-1241-0002,103,1241,0002,unknown,103,0.542786138920893,0.334114061143065,1.24572547951605,3.61043199107737,0.306100534026029,0.404811132973864,0.721154987524067,0.525059124970987,0.159317930652038,-0.118686433475233,3.37350679637463,0.426136363636364,0.529220779220779,0.633549783549784,-5.02205412241766,6.79414519528569,0.0330962003503259,2.93849204683745,-9.55904586095888,-4.89132251743124,-0.602835191281539,14.5057293379878,8.47302910034888,0.122119604690595,2.60523267419282,8.37253493185162,14.7637419187028,20.1344867875968,1.10459643591312,0.934608421134946,1.19314766624263,3.80324727830269,0.377038836833757,0.817211408472139,1.60191382185745,0.0194589241706773,0.0107394309632624,0.666717139649448,2.95304423558076,0.00750938673341677,0.0187734668335419,0.0262828535669587,2.37546367003721,0.450889932251985,0.527667579318383,3.41698070661368,1.98491990387746,2.38627828451463,2.65316865907673,0.263642326458916,0.292356356372871,1.6097734356421,5.47046736943589,0.0453984028315673,0.138411536837407,0.394498674315226,3748.44817859693,419.8407482684,0.561063067493216,2.59030656082905,3410.60617947951,3675.97629032771,4062.14339792538,NaN,NaN,NaN,NaN,NaN,NaN,NaN,-2.31118075002551,2.24489464634969,-16.3248459447479,3.17778610348182,1.87699460939004,1.49219455082289,-0.17733081373549,0.93461257811424,1.02877585869015,0.852901639631726,0.135044554079365,0.640562400933751,0.0579523367628637,0.46406624711574,-0.347734808472205,0.494704249187847,-0.0244390261632632,0.370509030040899,0.0553567059497737,0.403054682406144,-0.134513443539802,0.328033760039912,0.104150141164458,0.258052632108113,0.0519932811026472,0.274403736351813,0.0771651226579633,0.245787728741617,0.00158163893764771,0.498987273076683,0.00332001375544388,0.816148361303182,-0.0012979302420207,0.430784624479344,-0.000448564618760397,0.271672215309769,5.32519011501965e-05,0.248372399195305,-0.000382967139076145,0.207750588348687,-0.000112114205898852,0.161074507771094,2.18825463315911e-05,0.189112773641987,-0.000149226833189662,0.145113802580545,6.61798143517729e-05,0.153962835759023,-0.000249096439861521,0.142536478161088,3.59472673222547e-05,0.118551731837827,0.000102742354339688,0.120504014132623,0.000215011785140844,0.117763750474805,9.07911070017166e-05,0.489685132273264,0.000196909777599991,0.63423689945991,-3.72690980854998e-05,0.346494298197947,-1.87120975265379e-05,0.254558220074911,-8.51763017502941e-05,0.234437334117664,-0.000149308602580296,0.199318195126224,-2.43248059910663e-05,0.163406957453952,-5.4329472398681e-05,0.180121626674568,-0.00011002712737696,0.159506259604136,8.17885586366142e-05,0.159690217616152,1.12359643092701e-05,0.152330651295969
103-1241-0003,103,1241,0003,unknown,103,0.627900965140421,0.363032121862016,1.25483899455608,3.80406603833482,0.366825931917418,0.479705027252426,0.814659511890113,0.535544341439084,0.173376892979511,-0.0197890164113421,3.09519730830589,0.430769230769231,0.538461538461538,0.65,-1.71487245456681,10.7481716316852,-0.176113489480864,2.12272170980851,-10.2257880266726,-0.743106756479491,7.23463166275295,11.7570752040805,10.6867084915242,0.198217321352997,3.69127011996498,5.82062923853805,10.2267027807516,17.1872424216404,0.979935600639126,0.823319290476273,1.16164885204646,3.57412717629388,0.358510330106999,0.721351408529971,1.35865034909108,0.0187463375462103,0.0101907538922695,0.41735852642407,1.9335285845604,0.00876095118898623,0.0175219023779725,0.0275344180225282,2.35378953800298,0.472888483398555,0.760700505135799,3.60560375211085,1.96637945489051,2.33730461251155,2.62551915885234,0.229403041122981,0.235443450211646,1.27359886034826,3.80194653639182,0.0475061425307415,0.128068215676698,0.361483188079127,3732.83252948653,414.614536253424,0.575087903576625,2.65891906790772,3394.49752592235,3677.84805795671,4000.93180906536,NaN,NaN,NaN,NaN,NaN,NaN,NaN,-2.26016710855214,1.96961828869536,-16.2237695267737,2.67805382182304,1.33083095620469,1.76483124228548,-0.0359459294068749,0.979097833675397,1.10187750529806,0.878545779689471,0.123057204085718,0.609760092069639,0.108516449765516,0.471645875104567,-0.262365325469848,0.464560913350195,-0.026015808055499,0.394340904998676,0.0342226595675153,0.369239350785757,-0.138533950664681,0.286156190437088,0.0371049531605928,0.282852945481061,0.109661548205193,0.250673300353096,0.0155230525997339,0.247059414905287,0.000545879637635899,0.533553315057967,0.000765579331105941,0.771945715971474,-9.83665411136402e-05,0.443535651478019,-0.000218339085233776,0.28812298239628,-0.000168830338231747,0.252507469193111,-0.000357572250721163,0.202227935592342,0.000233979753545867,0.168331913477138,-0.000310837751267078,0.17753707212763,0.000261445709649661,0.144564321135127,-0.000198072765093721,0.142848001282132,-7.72541115255699e-05,0.125946735789232,-0.000139102432047311,0.121468346971423,0.000351956537889464,0.116434190461525,0.000102192485026947,0.112731800035445,5.60500062562975e-05,0.539605278129599,-2.09791214210431e-05,0.62568512395423,7.29284291143782e-05,0.343249770919411,-1.37449150601659e-05,0.265012950504153,4.28323197582948e-05,0.230544473026191,-3.94771734764453e-05,0.19887806520824,-0.000103599265015536,0.179154775985024,8.0512027150816e-05,0.174185195625966,8.8801424885872e-05,0.157921506457438,-1.34048083715276e-05,0.155442587734888,-4.27544412048995e-05,0.141998396603087
103-1241-0004,103,1241,0004,unknown,103,0.901231276106271,0.544082012879282,0.611396877998704,2.00725443980491,0.435428090626045,0.667893326723113,1.39004839474116,0.546672996319688,0.193038717455023,0.0250209892741986,2.99385619137148,0.423728813559322,0.551096709870389,0.669491525423729,-0.11936891631107,8.54890969300578,-0.418480799851046,3.71233730588998,-4.70454333150915,0.594802904342612,5.31689355275412,10.7682081758287,9.75257088974829,-0.350553118277827,4.81966151162504,6.64176125434579,11.2898687599626,15.4172024496272,1.05189764751165,1.04635256499772,1.88889875262569,6.8999508498006,0.356715726656649,0.624176787705339,1.41735102955715,0.0170735172875,0.0109142156196886,0.911298614114473,2.81998450974407,0.00750938673341677,0.0125156445556946,0.0250312891113892,2.26978599672173,0.473390147260518,0.984369368300864,4.70024577551605,1.87490180401148,2.23551007131642,2.56332157237695,0.23576107497757,0.30234906589381,1.77383636328027,5.64610460857728,0.0302909412713234,0.0955792856124118,0.316601195787742,3674.72839686356,481.27915286526,0.746066610349807,2.60213490093546,3259.608255314,3556.57457108627,4018.27068813942,NaN,NaN,NaN,NaN,NaN,NaN,NaN,-3.00338856662025,2.56796262368719,-17.5893714181603,3.7760009434862,1.65937136573081,1.47391491459083,-0.0897995114485617,1.02333607787546,1.01687370088312,0.835660672924198,0.220874678678938,0.588857083092244,0.154727626003246,0.4692080549374,-0.21989520898132,0.481557528847076,-0.00945965306547786,0.377782349792289,0.0657978743154359,0.393882702506041,-0.104040633203534,0.318051337002983,0.0578012350472939,0.252387577573207,0.114742660780445,0.252944853561016,0.0322760729143446,0.229234533600354,-0.00239683188327906,0.505776484344573,-0.00411217870822207,0.767334079928324,0.00161507351771045,0.421766061812991,0.000622371906980313,0.253764197022923,-0.000333369637996618,0.229890718510775,0.000388576947444118,0.196195968646239,0.000317285050928746,0.166798827772407,0.000163495296161104,0.186361138387421,-0.000555665288321201,0.140565269892671,-0.000343631536297659,0.141928292534793,0.000427190574184827,0.134195990893165,-0.000226285629061526,0.117056413927596,-0.00028722369723251,0.117534519896295,0.000108410720052092,0.115879715193085,3.32153561256353e-05,0.480199297845117,-0.000143718991820553,0.608792256102449,-2.86571793256545e-05,0.34490796437947,-6.1478830211762e-05,0.240207000173958,4.14304160860076e-05,0.218444088924132,0.000108805176057436,0.198114052641642,2.35426992476219e-05,0.173102448963464,-3.08239203905493e-05,0.183507123449285,-0.000108243336706098,0.152714285341733,-3.34906426793532e-05,0.152599030438867,-2.72748116710583e-05,0.153862671861934
103-1241-0005,103,1241,0005,unknown,103,0.555130800375612,0.302760614031272,1.09868962241581,3.31084665164214,0.333892677938123,0.432517522638558,0.734839475000711,0.517022015241178,0.160306091898496,-0.00832479931798731,3.6235615378526,0.423050935550936,0.525337837837838,0.612017374517374,-3.80603581525421,6.81180970981028,-0.133561819611193,2.82317206763016,-8.80034658856043,-3.05508765787927,0.864260891920338,12.6148500750367,8.29684105217339,0.281870590778173,2.97624448760464,6.91320587086239,12.0724284513416,17.6048425805619,0.962882307862906,0.749980462960947,1.15339246931243,4.23740191793881,0.37243460794492,0.762102397015381,1.38758623442292,0.0189086501188003,0.0105452151288623,0.588908571637747,2.41068369262837,0.00750938673341677,0.0175219023779725,0.0275344180225282,2.37831591072169,0.481195350427938,0.712930208223451,4.06982202095321,1.95994198174371,2.37870191973049,2.68926832628775,0.219477966001994,0.229381945936124,1.75778576607645,6.91677680302617,0.0475334633085746,0.12744933033179,0.327662518033617,3794.69285934715,461.447235023232,0.631515986553902,2.72671661780545,3435.83858044181,3716.4040175567,4106.27059139526,NaN,NaN,NaN,NaN,NaN,NaN,NaN,-2.29109081251051,1.97987187163212,-16.3369876066445,2.72218145939799,1.65741441209388,1.77168860715024,-0.00572268340464232,1.03058099695679,0.871255505222476,0.980414341412949,0.0997719181094898,0.689718859771611,0.194382895962896,0.510209728373197,-0.340231259476916,0.489997144914058,-0.0700613623354136,0.39928621600407,0.0331245824735008,0.416159969327146,-0.171357435924079,0.331010099965292,0.053838181903394,0.312671216226874,0.0845709286625411,0.270494747535695,-0.0396426197873755,0.258122813632069,0.00147782502419802,0.487617297878547,0.00289006483134778,0.711992900671504,-0.00120838613515845,0.461529201753994,-0.000914108800049802,0.274079179426907,0.000858951439269161,0.251254254337655,0.000190935177628002,0.20547282879455,-0.000600252198360005,0.191362719810806,-8.72894919740153e-05,0.184717823460482,2.6148264651514e-05,0.146710453272417,0.000399608050150366,0.150143929935819,-0.00069641987692816,0.134915103656338,-0.000169762675174899,0.124775581536943,0.000466363713051234,0.118859674024033,2.80622049747286e-07,0.117645860821996,5.83723157306759e-05,0.449122753701543,2.9352184740263e-05,0.557905510597261,-0.00010360994619551,0.357317809381075,-6.15037947704931e-05,0.250542409781353,-5.22005633282813e-05,0.222914650751087,-1.32963174184765e-05,0.203358568283132,8.74890505859566e-05,0.186666114482332,0.000108952227282828,0.181084423549391,1.80831791520992e-05,0.157097781590842,-2.93459370872641e-05,0.159266470562723,5.80112720551484e-05,0.144883285307347
103-1241-0006,103,1241,0006,unknown,103,0.735753178453626,0.439420729068957,0.983234735650495,2.79515935520183,0.401960561962571,0.547818794164278,1.04905474384872,0.523800034810084,0.174116144785098,-0.236096288045918,2.71073594710111,0.409375,0.53125,0.64453125,-0.502788061935211,10.2165319263752,-0.090115611560334,2.4896138802976,-8.60573739025344,1.05220302823813,6.91861926024644,10.6543453381785,11.5223153678301,-0.257023554262279,3.63896163433536,4.72056714983407,9.98226559117547,17.753543541222,0.939336504743297,0.781342923044804,1.51653855130019,5.18334628706009,0.381680581935246,0.708536289137728,1.23846338074747,0.0178358234165321,0.0106967211247087,0.826232630622713,2.94262753901697,0.00750938673341677,0.0150187734668335,0.0250312891113892,2.3422414133774,0.480607880895526,0.769641894132814,3.90770864566204,1.91821059104163,2.34131908428991,2.64182977552288,0.209939620113202,0.243984946702852,2.08046927688609,8.20489542947202,0.043328627851408,0.110527553929872,0.28672606503991,3729.29389787507,415.30652267582,0.775166215230552,3.23725161702409,3405.56888835047,3648.57867366668,3985.57439580234,NaN,NaN,NaN,NaN,NaN,NaN,NaN,-2.55520310835542,2.05237316879625,-16.8003880914116,2.94292736644258,1.51672673170827,1.70887703450168,-0.00232987788585228,1.03529371505292,1.10870672520921,0.871772605149409,0.203686317582696,0.580559700186054,0.00823505957417646,0.490206732232243,-0.265493839659341,0.48585786182041,-0.0291179229922884,0.392030517058261,0.052875820705969,0.385133309523873,-0.182303842931032,0.308511117722781,0.045575666323317,0.276417997967176,0.0517900142515514,0.254173013019167,-0.0219486589859183,0.232355453755857,-0.000469989798360727,0.512462124418812,-0.000639759119043336,0.754641983082435,4.64098171624407e-05,0.469248980046529,0.000155275031884803,0.278793683111123,0.000304330503698936,0.25048074902009,-0.000532728899224949,0.202462468660622,7.88429592414735e-05,0.177549888757698,3.00279218943951e-05,0.179459028266505,0.000594882367666107,0.145286796283345,-0.000279360495023315,0.142336598520477,0.000104450343829311,0.131463170330302,0.000112604663774411,0.124843860147256,-0.000297450803337797,0.114874792526329,0.000317800562051855,0.114032992259725,-2.76926271980849e-05,0.494780337496977,6.97057260034297e-05,0.601810789017765,6.38818266869038e-05,0.374822559397732,1.63724545951697e-05,0.254923619809487,-0.000118222200267412,0.221297248460581,-0.000100282577546802,0.19931305263562,-4.59101535840721e-05,0.179105670722629,-4.35796271093032e-05,0.179642774720946,4.72875536954813e-05,0.157405528851369,4.33897867978005e-05,0.152487663389,-1.86832697100343e-05,0.145190618747229
103-1241-0007,103,1241,0007,unknown,103,0.653017689603036,0.371570032274222,0.886262521141987,2.68630134505634,0.357809835769457,0.504817698672495,0.92153655100844,0.523370301045232,0.172006678893934,0.0337922028796878,3.15446926890075,0.416666666666667,0.527777777777778,0.630208333333333,-0.82644427346747,7.92222589763083,-0.164916854248715,2.48858244205463,-6.55281703117543,-0.266829283859576,5.08949449967341,11.0383696751031,7.90008549245669,0.527753720847069,3.69183243765296,6.00153847749321,9.83314850265788,14.9066632414615,1.00695529757154,0.986843979464454,3.58096001253803,25.7581753983793,0.387168410814846,0.708611896988941,1.36740880073135,0.0171994794818027,0.00994013706509599,0.807803750180541,2.80605174659963,0.00750938673341677,0.0150187734668335,0.0250312891113892,2.3238767005797,0.443894925325877,0.783415678884595,4.10219092748298,1.95190454754829,2.30084292878342,2.59961867621432,0.203438019126747,0.216258567116767,1.46327246743525,4.68573987760854,0.0392635154487586,0.109507082933424,0.321520063062468,3713.66331552813,435.009735529711,0.603005224345225,2.53017653400554,3363.48883308253,3639.0096671787,4007.1432817265,NaN,NaN,NaN,NaN,NaN,NaN,NaN,-2.70194584687946,2.08022010338661,-16.8898580102895,3.24434560109668,1.6305756750356,1.54331807489779,-0.0584591870813667,0.96215171378596,1.01312210862092,0.878492375792592,0.10665995235511,0.639431891093697,0.0673509422566714,0.496767845294614,-0.195406940396952,0.472446132598882,-0.013129187237889,0.406644817325564,0.0427703059648941,0.399326745395953,-0.178371509721786,0.314249669092974,0.0900383044708378,0.247143639505948,0.0437823136613028,0.238890847172032,0.00362462188235353,0.237011443572242,-0.00102097299967632,0.508365670960964,-0.00278192676413488,0.789145905409259,0.00110387553303975,0.442512342541027,0.00108034396048918,0.263972966435208,-0.000977178637296844,0.261008123276526,0.00044298968207222,0.21006909292566,0.000318599383619762,0.169366036587454,2.81445310766468e-05,0.177849515947773,-0.000382732047045983,0.147405092372886,4.20308508269993e-05,0.140511160460247,0.00025105174739258,0.134781411387492,-0.000177342864041449,0.123262410118757,8.29980838579739e-05,0.11666142737449,-1.28012452506344e-05,0.114841924966398,0.00018402714254412,0.493027104233318,-2.39390493273276e-05,0.626965748121785,-3.97667119321661e-05,0.362531586449261,-8.38712748717058e-05,0.245148475234895,1.14544307591789e-05,0.230638594807647,4.42263545876606e-05,0.204025077350413,6.30779632841504e-05,0.175450264016061,5.40600866088206e-05,0.172997525143577,5.57936277143656e-05,0.15562948248308,-5.91675069753067e-05,0.152205814695345,-6.85284821271253e-05,0.147505770693193
103-1241-0008,103,1241,0008,unknown,103,0.618643495176086,0.419902792406598,1.24676809693612,3.41264603254769,0.322371118621615,0.414842021225733,0.848189766273596,0.499694316086837,0.178208842122879,0.278293844597977,3.00046532047741,0.38021978021978,0.484615384615385,0.615384615384615,1.23407979120852,9.48971944164332,0.00605288686549459,2.69392068990104,-5.52047731441239,1.82485731177239,7.50379715737713,8.48581920573588,9.84437461223648,-0.44373799935805,4.10918231560399,4.1164819651632,8.59414020313376,13.7537084440655,1.19418126303664,0.916482378234348,0.855101782719008,2.94936811118861,0.422204806237421,0.956517443411145,1.80831252728573,0.020944835782966,0.0126909459487163,0.714049413860088,2.69029453321282,0.00750938673341677,0.0187734668335419,0.0300375469336671,2.40088053925928,0.485232450603617,0.991897691481892,5.93157046556166,2.00125748275866,2.41053305829425,2.66969525897512,0.333105797291456,0.322712798537503,1.01060437351859,3.38946841192914,0.0487755225517937,0.211969424753736,0.566958803885262,3749.03171517354,444.333130651095,0.379143902363899,2.22066243950985,3375.22927055988,3700.03577864719,4094.51427266597,NaN,NaN,NaN,NaN,NaN,NaN,NaN,-2.03342853550865,2.390874619406,-15.5146673496209,3.4316111003853,1.51384184228315,1.47176188734886,-0.2524826075032,0.952801375243556,0.80785440062225,0.959966171388297,-0.0155277162418099,0.668832121648662,0.210081119757497,0.481334729292199,-0.404982353908699,0.505701734455516,-0.0654024666719697,0.384376744763518,-0.04372450615202,0.457831948584364,-0.0883052072958159,0.35230540435711,-0.00832529050327328,0.269373108061682,0.224493186821665,0.262499684494362,0.0377632171307336,0.233942914155778,-3.25550420177912e-05,0.555759488062253,0.000442253525968255,0.81756170237125,0.00011216131338,0.446554865734928,0.000163763739624705,0.274857053525011,1.10674210975477e-05,0.250661570601553,-0.000391427906666018,0.213219765869719,-3.90740513259965e-05,0.165088505026264,-1.25962598060599e-05,0.191668070725102,-0.000125185933511979,0.151038605064786,-0.000471927853149599,0.14209742700252,0.000490979571087378,0.138886008075188,0.000227808642705109,0.124188715492655,-0.00017937308636019,0.116209971404146,8.58180032312015e-05,0.114732000669988,-0.000104367627115996,0.493563641987291,-0.000365622789347,0.617483809701854,1.87578589044901e-05,0.358590031536261,-0.000108546745141937,0.256216778261821,-3.91156755207517e-06,0.226131898338304,0.000207818579113488,0.199958608540085,-5.0143280349847e-05,0.174900113586611,0.00013080334332949,0.185628702049835,1.60217301259847e-05,0.166066743183526,5.36828272819138e-05,0.152419461053924,5.05069106912594e-05,0.150348840952593
103-1241-0009,103,1241,0009,unknown,103,0.984911987720697,0.605968732035052,0.716427493093819,2.19257343662391,0.478877258879529,0.733222851999623,1.51398034815288,0.54059042765631,0.207919902594569,0.264310846740165,2.70896929405855,0.397306397306397,0.522427983539095,0.681818181818182,-1.03945263050258,8.23115399049323,-0.421996899110977,4.15420569958443,-5.32201992145485,-0.342327868004266,3.65939338677448,12.0042478929396,9.67177793101366,-0.290384727758112,4.72896637389318,7.63420857045634,12.0039572222125,16.8493268757645,1.04653155723134,0.944763632216391,1.72284628028002,6.75858128297065,0.372672898509112,0.729583160072,1.47614212332028,0.0166360548087708,0.0105870597191874,0.977142988875351,3.04596924166055,0.00750938673341677,0.0125156445556946,0.0250312891113892,2.30489176331339,0.51723261984681,1.02409061548128,3.93164700775296,1.87489254663585,2.21031467533743,2.61786893798633,0.245583469368969,0.297671331730916,1.68320607706435,5.52022375186156,0.0313707364258227,0.109928556509021,0.379223840653942,3617.63470903012,431.243586594365,0.7038714798334,2.67870811237622,3233.50556781497,3532.06861887202,3904.7791120953,NaN,NaN,NaN,NaN,NaN,NaN,NaN,-2.86304955805777,2.51705535903873,-17.1480617730343,4.02621740021199,1.53653174657445,1.68226334064947,-0.120585633470677,0.97918879594042,0.840056797853803,0.879045624863197,0.158016410774908,0.602640262431304,0.188749521575798,0.451823786728202,-0.197068777557003,0.477564892931133,-0.073375654621518,0.362299548892616,-0.0144110745234574,0.416461056604938,-0.142402579700892,0.299538681422041,0.0236398804304264,0.254096527102033,0.177178814637904,0.241858550136321,0.0573872056819523,0.21985898588601,-0.000191349235479168,0.50441302893221,1.04944705153135e-05,0.77213686886131,0.000382526098207998,0.462322153969991,8.88557071278335e-05,0.290894524525896,-5.83847466403735e-05,0.256428819781183,9.87088237191668e-06,0.21003167643327,-8.60000196434037e-05,0.174838158137029,-0.000115321827562503,0.183178869753958,-0.000191261534793827,0.143832251893801,-6.14032356879275e-05,0.150745245639033,9.14175455849719e-05,0.131099660384254,0.000260738233340192,0.118233316069576,-0.000229714466933314,0.119159214725233,0.000169299811534345,0.114489521888162,9.40280860899691e-05,0.463919362883448,-3.71248034556358e-05,0.600732463793137,7.08005013881638e-05,0.361276012830946,1.95272438621551e-05,0.27007947136914,-0.000126600436603666,0.228435887807437,-0.00011276288487626,0.207240935410266,-0.000102576113299023,0.182872482377596,-4.27405791817124e-05,0.181929115579135,-1.10595486324442e-05,0.160148045456591,6.29172421079605e-05,0.160921968570662,0.000116870373263421,0.150285916423788
103-1241-0010,103,1241,0010,unknown,103,0.573279753641519,0.378865720369953,1.13581857880843,3.04155180417908,0.296253201017915,0.387899351596051,0.821240457981849,0.509253999492762,0.161038206933323,0.23601922982344,3.26867154664185,0.405516431924883,0.504694835680751,0.605633802816901,-2.24810635587679,8.57846252598577,-0.040463907129537,2.62311826587938,-8.82383651158291,-1.66398417299252,4.03952077722671,11.4140243791139,8.67724520885996,0.28727939851885,3.61907589158062,5.99154452296903,10.6345265515086,16.1008127988662,1.20883134384468,0.96573040207971,1.15171756210282,4.35125293965914,0.434478096233294,0.906825846004378,1.84164869614788,0.0209097442554931,0.0121390176272347,0.529904502727011,2.35169239080143,0.00750938673341677,0.0200250312891114,0.0300375469336671,2.40900469499172,0.493557773059137,0.773752948181309,4.16829282425346,1.98763513872408,2.41222173369081,2.69817364870437,0.326448066346103,0.320352784728786,0.940377683456567,2.89887265465981,0.0512574529220289,0.190939698599076,0.556706103537622,3823.7776650147,488.776267911382,0.515004317681603,2.47685397250349,3425.92507555513,3750.52440601962,4173.47450106761,NaN,NaN,NaN,NaN,NaN,NaN,NaN,-1.98055623879761,2.36193716344595,-15.7786006277443,3.393377032379,1.81095571547864,1.65542746418584,-0.346822964778251,0.958837353442203,0.971486748689357,0.856412942213858,0.0649629356849595,0.701930166539207,0.0361924846438263,0.464053526466918,-0.415974099680552,0.544714739166553,-0.0199325543436361,0.39977863322685,-0.00185528032601647,0.370481009648669,-0.103195544412517,0.341048701614912,0.0632609372225866,0.288951584867125,0.11047349675405,0.240231508407148,0.166684708529707,0.239709794415893,-0.00020075534702453,0.498024585287382,-0.00188793663968962,0.788669979806008,0.00166339750291469,0.447364048385741,0.00074739276049377,0.262501772681559,-0.00042100758724317,0.246413034698278,0.000489026281780384,0.208378332849681,0.000438669095843267,0.162067801308218,-0.000320298278818992,0.194968587763502,0.000118663604067787,0.150416558616026,-8.33333546394988e-05,0.140590808565146,0.000115807207100226,0.136396109783841,-0.00032871278556053,0.119189334468934,-3.80509865763383e-05,0.119396281024103,5.44783595339211e-05,0.112099677322992,-0.000128702232773596,0.43166432920441,-7.79276849899317e-05,0.603807975700743,0.000120284226070269,0.347790229937129,8.20309104216932e-05,0.243097248122526,-0.000166085100788992,0.210073923076102,-8.23217064341617e-05,0.197939446349522,3.11805512013951e-05,0.168643685501234,3.76674930122186e-05,0.190134430193091,-4.53425273216667e-05,0.160539928468887,-3.92067232569441e-05,0.154176469881683,5.83874024452082e-05,0.147765200570462
103-1241-0011,103,1241,0011,unknown,103,0.755060171792786,0.46685032331038,0.826932495278373,2.50703186162372,0.374190553794362,0.557998179421545,1.11883482496117,0.514373099433303,0.185194499805442,0.329956996399815,3.01966563480936,0.388141025641026,0.494230769230769,0.635027472527472,1.61298527971855,10.0137228180207,-0.349024815796681,2.81273750216589,-5.04432789069054,3.63602528705353,8.22562931367455,8.31956758218956,10.8942137421791,-0.266097373545943,4.04520001456186,4.09353177239082,8.47763394911981,13.5913806282196,1.23422930891565,1.00926457106556,1.33077495751552,4.98900326175459,0.464974445567211,0.920444755500945,1.83095157398641,0.017970004056317,0.0115764653035219,0.909672419842388,2.81786393318558,0.00750938673341677,0.0137672090112641,0.0262828535669587,2.31387476515936,0.488960333826297,1.15758867021115,6.32933761444085,1.90952664528817,2.27654529856769,2.59486855463345,0.287280392940059,0.325788900630569,1.58265837264256,5.28648947802432,0.0439662980994746,0.144883575478525,0.433789156369899,3678.73204257291,430.323236461329,0.704560634267419,3.17526855547998,3329.21985800801,3609.91558128569,3968.74360699624,NaN,NaN,NaN,NaN,NaN,NaN,NaN,-2.42584969929762,2.44567002853545,-16.5221304448776,3.87640960906518,1.57283014572686,1.74691584534175,-0.184748945450553,0.898221335573789,0.921148280612948,0.845833108213287,0.212989746654176,0.546447789868602,0.138871216338276,0.433157067759208,-0.354794964683815,0.505655973458677,-0.0573862589577204,0.416586406975866,0.0356083288611695,0.416249573162215,-0.136721026457228,0.339200885576231,0.016143126999391,0.246835493458632,0.128123597340513,0.242381264703558,0.128906689554357,0.246181735227392,-0.000649733923249394,0.480528135088306,7.00190169712588e-05,0.779770602348973,-0.00141352030491231,0.468819605097779,0.000216742433023501,0.279266968893165,0.000394453053596672,0.229458637805554,-0.000641952184358677,0.191449468117663,8.19325148677057e-05,0.170042077085241,0.000386164204165585,0.189155080691736,-0.000248574106458891,0.146332010183236,0.000126910334915928,0.144234300162409,6.56405076962751e-05,0.129541211040407,0.000466278701052209,0.118183756034288,-9.58308352391796e-05,0.118205673385111,-0.000191867789759827,0.112341422205034,9.69590612263515e-05,0.447724615038927,0.000162379542832956,0.615955154976898,-0.000235221976240438,0.362353258897917,5.21285409077706e-05,0.269588835515019,2.16737721556187e-05,0.20734166770907,-9.71521107279641e-05,0.193648746543042,0.000190304188750366,0.179336901817509,1.55699211213634e-05,0.188655628766777,-0.000109991081343615,0.159856788874636,2.57745813105318e-05,0.152162515682989,-7.91402623647901e-05,0.145885963419235
103-1241-0012,103,1241,0012,unknown,103,0.574183553568049,0.374257603562431,1.17480323356628,3.29417745782885,0.301289299030322,0.398152938140554,0.780177503077381,0.508126598930245,0.165860311724223,0.187530889501065,3.42905850236446,0.408531746031746,0.507260101010101,0.609664351851852,-0.820773224677536,9.08791808984737,0.208819161390793,3.09255712296442,-7.29539342035587,-0.410924038042415,5.20548517524957,10.9688739158575,9.21914962477157,-0.079398166680567,4.25719290641819,5.62480632017235,10.0943715490061,16.5191303128078,1.17379376956131,1.05852265351592,1.36918333653412,4.50084578484047,0.377684395989996,0.802339233484777,1.71072092796112,0.0208326003220224,0.0121213904278647,0.4925800853752,2.1964717968661,0.00750938673341677,0.0200250312891114,0.0300375469336671,2.38518061915212,0.488435332670961,0.846768283907289,4.41028342560228,1.97032014855242,2.36982308300248,2.65475661100202,0.296062805130084,0.317945919999865,1.3212174718973,4.13784966310485,0.0422466982888406,0.156387913324525,0.466116439217569,3752.5141068337,472.078457058433,0.605448908867374,2.69381300272572,3368.94471483952,3665.13440144438,4075.30164154909,NaN,NaN,NaN,NaN,NaN,NaN,NaN,-2.22340834934458,2.45935798791702,-16.336502105178,3.47641093573162,2.00144295952818,1.6659746265301,-0.346893782718242,0.921064388324728,0.883868110260465,0.951023301938288,0.0864554567570135,0.705241929486645,0.093857808182414,0.461250038401744,-0.242816445412995,0.449885841345005,-0.100635713642396,0.385909490309371,0.0601639210472158,0.406303730172533,-0.109990722731263,0.313785452960713,0.0456527612020088,0.270113148498243,0.0732435603345097,0.273424651940068,0.0638647510028365,0.25227997287083,0.000679125692666756,0.527891554069762,0.00226830570148539,0.796618937428437,-0.000179477627580475,0.431736697548709,-0.000742334966922005,0.282169365569458,-0.00048712292428761,0.237343893157661,0.000200833814659724,0.213102810830402,-0.000222674068986829,0.181162697902867,-0.000288941257778942,0.182727170357295,0.000456540518362649,0.146821239326547,-0.000186830647745312,0.137756317358561,-8.1456593621723e-05,0.131994011920584,-2.21467754674338e-05,0.1190442467177,1.43959697988167e-05,0.122401203454536,0.000299839602698398,0.11290534488712,0.000136488746731185,0.496276506794053,8.44609764458595e-05,0.621148090892694,7.96428693560725e-05,0.343489334395513,-1.32242004392926e-05,0.265667446308257,1.27173067675193e-05,0.217429801096467,4.55988384145099e-05,0.207070370302826,3.5063108758861e-05,0.188045811185935,-5.89848300712683e-05,0.177664631856359,1.93835983355885e-05,0.162905165034342,-4.30268707099572e-06,0.14549602158555,2.15283714705908e-05,0.14702698890945
103-1241-0013,103,1241,0013,unknown,103,0.576156352153982,0.356217698396715,0.96382872650169,2.74290610561029,0.300427117024489,0.413850067501241,0.829674064533,0.524096372430764,0.15715463261483,-0.211437911443089,3.32230542114462,0.434102564102564,0.52969696969697,0.626666666666667,-3.52307191191228,6.61675951222396,-0.166581283443827,3.09960548559233,-7.53360034304761,-3.00177025336105,0.790698765872033,13.1153696690051,7.26618963596044,0.322893797353331,3.04703692251901,8.03569616344341,12.9402218588629,17.2174868213855,1.1232541045481,0.970279096919555,1.318265990371,4.46244081845767,0.365600077139641,0.821548402368185,1.61225840343681,0.0185734876788267,0.0109399438989749,0.863012173371466,3.36748581101335,0.00750938673341677,0.0175219023779725,0.0262828535669587,2.33021156697836,0.488762320027791,0.943553032919429,5.04054179454036,1.90550731138079,2.31339634450687,2.60577492238577,0.272091151240219,0.300953328283138,1.32825891889327,3.84603787127976,0.0401089120793686,0.137807525035569,0.417630545419642,3736.55144994493,463.55672229481,0.683948932249537,2.99808240126195,3378.57171855544,3656.03308551548,4048.50433988313,NaN,NaN,NaN,NaN,NaN,NaN,NaN,-2.39411888714266,2.47721308697407,-16.607805139832,3.68794126731223,1.92515550556633,1.68711245380294,-0.406624491080995,1.07758336710355,0.883014967996522,0.828290375885117,0.100800902723837,0.580415622312135,0.152056746169278,0.470956649092215,-0.162017003887278,0.465294342981281,-0.0357044288006655,0.391798143646002,0.16423258457635,0.418589421282797,-0.127369302788161,0.292185735863408,0.0267459932966141,0.250868943810172,0.115395753636562,0.237169628802673,0.0335521091999968,0.255340214602709,-0.000414082820909109,0.482251193374526,-0.00108205198211896,0.7355392096129,0.000248893541131254,0.457082064248518,-0.000602458384304227,0.278756751359443,7.92506983155808e-05,0.228259312394106,0.000105490373772494,0.195471634699412,0.000150433803471405,0.162887088485821,6.25658103279092e-05,0.159427487123492,-9.8437205154737e-05,0.137282559396201,8.93906930597161e-05,0.147052972334363,0.00021157212334889,0.129489506988398,0.000185888699990104,0.118372271099498,0.000121460243889188,0.110752360885399,-0.000164261714325144,0.115052842067237,8.55458234259271e-05,0.44319017115858,7.46318252327306e-05,0.570569831017582,9.10634786117044e-05,0.348654466341808,-5.84039181453091e-05,0.256618412201177,-7.23103117223327e-05,0.212134388021764,-2.86332683772432e-05,0.188946694746703,6.30683727075876e-05,0.16917564226915,-6.59939638345678e-05,0.158852318390269,8.43063691670601e-05,0.15144412468301,5.50149373722055e-05,0.155324315554623,2.58415362064278e-05,0.149503366033796
103-1241-0014,103,1241,0014,unknown,103,0.606821117234739,0.367119039058307,1.01063304444045,3.01141760886621,0.326371948594905,0.458028295627643,0.843290505000608,0.513347694407805,0.163597911048143,0.142191718777003,3.37022749951496,0.412223340040241,0.514404609475032,0.609507042253521,-1.20708281764419,8.85191757330368,0.0616214027451205,2.59176159261444,-7.85077452438877,-1.09901511775555,5.34001575346647,10.8730222365909,8.32863915442376,0.0677397537560149,4.05263463168985,5.8140510296751,9.981853927686,15.5945167427516,1.11685309132923,0.957682506858883,1.43829943338815,5.00812601117078,0.419940389264173,0.807246431902884,1.54196413933767,0.0195108033484534,0.0120216730323316,0.796576911081438,2.85986726244805,0.00750938673341677,0.016270337922403,0.0287859824780976,2.34309325261665,0.469503369474155,0.88218686722757,4.39797930615614,1.94971028557275,2.32146073274448,2.61362081521368,0.272435041569253,0.299721632368866,1.47415180809199,4.881236965796,0.042143738821053,0.146587274225052,0.412540059638348,3754.77722386445,480.167774033916,0.702381768742897,2.60354677292524,3354.4359389468,3656.02063145469,4087.90224049289,NaN,NaN,NaN,NaN,NaN,NaN,NaN,-2.34195897563008,2.36322213367979,-16.5026867886119,3.32242706113342,1.80206515494704,1.65174102485596,-0.369971796734602,1.0130228975922,1.11093484277323,0.867294857728272,0.152693188666623,0.538460557592636,-0.0335765332090859,0.441732809982602,-0.22208321370059,0.476909938630978,-0.105379237673401,0.418039042153622,0.0786375196068634,0.439214831685342,-0.120868988515288,0.308344553500799,0.0459455265746899,0.231934848965507,0.0827745283326143,0.25369022957145,0.0604198991494334,0.231767952451626,0.00108859695074229,0.522567381720535,0.00304640839632793,0.796122179960012,-0.00102135834680631,0.431694222191776,-0.00120857119163334,0.275771952066347,0.000995137649606122,0.243398274313439,0.000101126616496509,0.185481947691239,-0.000329774756095456,0.166148909746095,-0.00024710518740016,0.174716656167995,-0.000134652081432589,0.143665961955538,0.000303985058848384,0.145185059761518,-0.00057070016626297,0.128039258613111,0.000226582225650329,0.114279551998501,-4.81215507284289e-05,0.115876029453368,-0.000134966863640097,0.112391225597026,0.000146239495557514,0.490975691187295,0.000129240601251355,0.621140027878464,-0.000202816586788746,0.355624149905286,-5.45276421721521e-06,0.259968857140281,8.05963307282819e-05,0.227253253893044,7.95566569688854e-05,0.186208630025648,-2.2531789965999e-05,0.174707918181923,3.77000502952573e-05,0.173381102814105,6.84627185918895e-05,0.156670744326449,-5.70714782916926e-05,0.153554928889886,-1.96416757411974e-05,0.143945925436287
103-1241-0015,103,1241,0015,unknown,103,0.736215722405485,0.464991086870917,0.886371732070117,2.47609886868679,0.368399144557643,0.512663284597659,1.13453500452504,0.529281928002321,0.196153988546156,0.036890809132877,2.722740122997,0.393650793650794,0.53505291005291,0.667887667887668,2.6400121388468,9.90765933761597,-0.181471019168794,2.7380301614146,-4.02700527859309,4.10004096802586,8.90847499551059,8.48056322774326,11.3185561486385,-0.54931942337866,3.87054890593092,4.54701892777056,8.98212428879953,14.4765784819445,0.95460126923187,0.894943974810212,1.58174611627289,5.18673324391049,0.325440911405747,0.632712858383658,1.29110433225737,0.0175765519354455,0.0109687514402863,0.880895917776301,2.96962925193583,0.00750938673341677,0.0150187734668335,0.0250312891113892,2.31167824506733,0.493851885693099,0.919233124718003,4.11658619478201,1.89389463985498,2.25869414460896,2.62189840090949,0.236135867716136,0.299205850232871,1.83448043792899,6.0794766474391,0.0341088110471737,0.101114800929749,0.345986792829527,3723.48303244208,462.470630447226,0.711043173530566,2.71422339627089,3341.3390582575,3619.21538583783,4049.35352115681,NaN,NaN,NaN,NaN,NaN,NaN,NaN,-2.65014104511492,2.50641689558175,-16.9757074774737,3.47993872854296,1.77141725115341,1.87505585165651,-0.311784967647661,1.02502659629448,0.727245087721146,0.918893060639017,0.266694108870939,0.669760055709358,0.0657685578386426,0.511487468780255,-0.245635042168579,0.471960525334329,-0.0755855165379019,0.400941228004413,0.0942958053435803,0.38776105401934,-0.166076897679224,0.353995224226621,0.0781264924892664,0.274346051243271,0.156234258246101,0.262570068322263,0.0401259648711183,0.244605030671956,0.000780140023378337,0.531909648069823,0.000766679531255322,0.727398711785089,-0.000434268436692058,0.445565389847401,1.98855792066376e-05,0.266025641220111,4.08139431227685e-05,0.229781954340656,-3.88579802877588e-05,0.19413587307402,-0.000421498489563653,0.160773487765458,0.000286238103564316,0.167244252580321,0.00058478983322311,0.146131589767603,-0.000244241830323254,0.136987274153182,0.000561935203704084,0.128933422592775,-0.000804660376073243,0.122631505021377,0.000112187126871848,0.116323341298647,-0.000117310763011639,0.111325269988432,-6.15432110982977e-05,0.505297237188021,-2.35374004100227e-06,0.556727395158411,0.000152391239575559,0.337940076270251,3.0846858454286e-05,0.245498307252477,1.49222879665753e-05,0.207906893900457,-2.06585866792558e-05,0.188397630929944,2.46869094781451e-05,0.165872476210862,8.12312285243133e-05,0.166218831196537,2.79405323534544e-05,0.165587477831943,-7.72175356599297e-06,0.146243808117137,7.08219518969935e-05,0.145289794884375
103-1241-0016,103,1241,0016,unknown,103,0.664322373632062,0.423254706993492,1.05110008419826,3.02467665834631,0.341348970944855,0.468660605007141,0.931859593128547,0.539840265304947,0.169415157600927,0.0300700944221972,3.17268367063957,0.4375,0.53125,0.651988636363636,-1.025260943243,9.71274155623214,-0.139702569609935,2.36352564508886,-8.78490130912099,-0.0287027434570347,6.48119000930967,11.942905397159,10.1350748962081,0.0845313828137916,3.66094316836949,5.84238485737816,10.2389719206835,17.9539712104333,1.11860936877595,0.907647133366923,1.02162700986866,3.47518203203496,0.391017956409334,0.82456434346446,1.7359842409159,0.0194780068793243,0.0116093811907591,0.611896832885887,2.34515428559338,0.00750938673341677,0.0175219023779725,0.0275344180225282,2.38886686882244,0.544940487107328,0.901556377992903,3.80929875128428,1.91568852168579,2.35324734412068,2.689115871313,0.285299454101576,0.297539932303213,1.18158883185954,3.68817865089145,0.046817545007239,0.150116474210403,0.469886170075138,3705.14166194531,458.272177652267,0.636439307259796,2.58219471641839,3327.21074128248,3617.52126368337,4027.70831218485,NaN,NaN,NaN,NaN,NaN,NaN,NaN,-2.19533186579672,2.33174378640507,-16.2297124911244,3.15394943218633,1.56238713972761,1.77160343083135,-0.0813171555555787,1.03545490791943,0.901765202590151,0.815752301910017,0.167071889660444,0.603156829905434,0.0332487139974243,0.504517697897926,-0.286687657308249,0.521754579787156,-0.0295994163097808,0.391637406112478,0.00515517712280656,0.37129552091207,-0.083791681955643,0.31401952508426,0.0266502359188917,0.262743642397983,0.153669726446376,0.248558860412557,0.0382639952929487,0.241589759265676,-6.06155849254056e-05,0.60653448937194,0.000411190183277517,0.85162906888124,-0.000457494126296874,0.472267717445935,0.000242525728242527,0.284666613385413,0.00052524710185628,0.245709212419421,1.15901428114511e-05,0.20886547592878,9.70491306115312e-05,0.17270247913508,-0.000366811595162149,0.186117083657994,-0.00057259823802653,0.149567882371732,-0.000135776046708158,0.141876013382185,0.000163634250581383,0.131322217235813,0.000902423319443202,0.121942426238259,-0.000452936750835392,0.119234390957897,-0.000200776604226061,0.116388859876775,9.16496911576566e-05,0.565949881909647,1.21958127301144e-05,0.666104092257185,-3.58127097125648e-06,0.377085886894019,-2.09011778788994e-05,0.257738411934222,-1.83472590054055e-05,0.230586131010838,-2.31115375086805e-05,0.202319095194791,-0.00010323703234959,0.180122617651773,-6.09190487995215e-05,0.179229053601763,3.25775967049385e-05,0.162736685606498,2.72828243052149e-05,0.154602083176097,5.66482898861224e-05,0.148344854211144
103-1241-0017,103,1241,0017,unknown,103,0.63806933810571,0.382312109602676,0.952628363667569,2.84354093959301,0.342643642401484,0.469893706566515,0.907812792531728,0.510147863668762,0.179428171117672,0.261212706313448,3.22549665889957,0.397058823529412,0.507352941176471,0.612933634992459,0.525970040783825,9.81635303917549,-0.144316285911315,2.31339415858668,-7.51383317645085,1.63062064760025,7.91554091610187,9.56392597465173,10.0119288883488,-0.107428495250133,3.94348007864143,4.42255766713599,9.02701204423188,14.9272236269019,1.10249434864671,0.928336622676412,1.24943142683229,4.09416581007361,0.389635264257302,0.812664215664126,1.60407802504377,0.0188634847186745,0.0116178491126665,0.783339125482921,2.81282502696545,0.00750938673341677,0.0150187734668335,0.0275344180225282,2.34322657379791,0.509589487714984,0.923117906877094,4.19427548262369,1.90275483187261,2.30271169876689,2.64720838376913,0.270094971550931,0.302946008296564,1.50956191089592,4.72724379526268,0.043285084150488,0.136388957750092,0.425782587318892,3710.34790096974,453.489764400166,0.778311758765044,3.04079892349046,3348.11916269227,3605.94831000689,3996.72418478695,NaN,NaN,NaN,NaN,NaN,NaN,NaN,-2.30289192439616,2.34431068615116,-16.3167571582692,3.32498270438143,1.52388922058625,1.78192173096012,-0.267968743795874,1.0773110715774,1.07944452657756,0.858861037848962,0.218370856296464,0.580535472259445,0.0724015525687732,0.444173910657288,-0.298973947503345,0.47085939162517,-0.0917732207856588,0.416958937485556,0.0695253917780336,0.367557904596556,-0.0861475894324947,0.290046272487617,-0.0149733369557848,0.238390543391014,0.0374579211426343,0.255585345318311,0.0517859533172933,0.242258548890549,-0.00205700707817496,0.516614089479885,-0.00503703186147281,0.730463637624773,0.00133581196817815,0.465519465899335,0.0010350453436706,0.275856087978519,-0.000460789092986596,0.249575122434348,-0.000247052329948951,0.191910195674467,0.000622450617778021,0.170558027817976,0.000789543071392659,0.184349488497992,0.000468617299210276,0.150234460989744,-5.48609114863906e-05,0.135329715624512,0.000366592692596415,0.124199068140832,-0.000111081025180407,0.11746102071356,-0.000256871509104516,0.119190395600549,-0.00023510098337585,0.119942072552336,1.68303950492155e-05,0.467696641999553,-6.92402936863054e-05,0.568868769163769,-0.000148137982631426,0.353467040503254,-4.14763795804129e-05,0.253340045813473,-2.60988805139383e-05,0.223313767000758,-3.38756897134736e-05,0.197396702214589,9.14332317558607e-05,0.181150800024519,0.000203713101736288,0.18814979684365,5.91692434117651e-05,0.16466078176553,5.28145718269917e-05,0.150333073758073,6.029647897381e-05,0.139843929878569
103-1241-0018,103,1241,0018,unknown,103,0.749445062431505,0.476265070400502,1.08433133906912,3.04153557036422,0.394628671324769,0.536986588328587,1.03413398946801,0.533092991478282,0.174496634239166,0.33422467115698,3.51370838600516,0.41692281420765,0.524590163934426,0.631147540983607,-0.467780145485872,10.6980385658634,-0.103371834194115,2.68107610564114,-8.51660331865892,1.16071381175193,6.66696152877946,10.1819202446099,11.75357310229,-0.406251603838191,3.93637083471574,4.83679733047095,10.859327952959,16.4202731569922,1.28555743488345,1.20654973551611,1.27165877082343,3.96328235000059,0.349192232048183,0.819134634522579,1.97813548647574,0.0197451286952141,0.0119575454020143,0.691002674907146,2.65343480968914,0.00750938673341677,0.0175219023779725,0.0287859824780976,2.35019277911891,0.494168999501637,0.89097179961369,4.39771104588786,1.94568233203537,2.3265044972994,2.6408329060897,0.313680067831042,0.375173975514995,1.74464460660011,6.20438653268305,0.0402677883105206,0.140909032665833,0.488138328158964,3728.05946686872,447.086662674539,0.889625225773844,3.45139136397704,3390.65071026424,3641.56460352283,3985.63504140832,NaN,NaN,NaN,NaN,NaN,NaN,NaN,-2.28807461342356,2.37530604385438,-16.6146088495653,3.21545451646514,1.3838608889824,1.61296299377388,-0.000219744452595108,1.11620424608133,1.10952152074858,0.999169236285193,0.294125045959723,0.571197230571031,0.0855116132169778,0.404788870277086,-0.198326840407031,0.433858912045831,-0.105707949668406,0.416424695922674,0.0546388692118374,0.403775771673185,-0.126206110823437,0.285170346271053,-0.0500072709245045,0.299263612328522,0.0642898992967035,0.287405773478172,0.0375895888574516,0.247134275521462,0.00399473528036081,0.538285103570763,0.00800301160281556,0.808092735991638,-0.00293045999400647,0.470507295306255,-0.00156287718931498,0.303448604250566,0.00164616384299601,0.271801244389921,-0.000451671058977003,0.212312654578315,-0.000366922336959899,0.169979578353443,-0.000312249525221429,0.184548698219226,-1.1425492630694e-05,0.151081899421544,0.000134811590821576,0.153200138890508,-0.000263279853771648,0.130989696997441,0.000531346708881492,0.131246387063177,-0.000181736718921576,0.123858935342422,0.00036760860351521,0.115311244461061,6.96266171138784e-05,0.522083693249175,-0.000222644102178764,0.657395446242613,-6.39511520914474e-06,0.372856062575474,-0.000287319090181843,0.290536974742106,-0.000325630105873336,0.22931478897645,-0.000138604915330208,0.207776352999378,-9.10065381228418e-05,0.178888687728971,5.88574999561977e-05,0.192613222206052,8.39970408297844e-05,0.169349899945914,-1.09350728783352e-05,0.167580550039808,5.83089817319598e-05,0.146237259168482
103-1241-0019,103,1241,0019,unknown,103,0.669448791361383,0.391043780394827,1.26257658605648,3.57401317693312,0.397940081904407,0.50222356150546,0.8895024402684,0.56556784175243,0.187706492112796,-0.0692609724500301,2.8376062967725,0.454829545454545,0.539393939393939,0.709090909090909,-3.167485432966,9.9479029873581,-0.467949824738906,2.258989212957,-10.4465089421075,-0.378093057873227,4.69217462039764,13.1181779995653,10.1687692634939,0.0739750307090909,2.93366609702608,7.39794164679537,12.9131639979487,18.8679586007902,1.30094945502546,1.19762781209015,1.0095564834996,3.108368203131,0.325550694704162,0.885200955310827,2.12248769901603,0.0209910038554905,0.0108921347674293,0.203597733155934,1.89007680267064,0.0100125156445557,0.0225281602002503,0.0287859824780976,2.35599229583468,0.502826921626754,0.946467687885122,3.89373766374838,1.94943016934678,2.28110129906184,2.62737731532975,0.342735476081302,0.347218408505603,0.786842151849931,2.22779216760103,0.0436548864334702,0.173696592200379,0.631728044443125,3700.9824809762,391.119935768033,0.789694793041118,3.47045026418909,3418.27511462432,3627.71596041377,3966.28382980682,NaN,NaN,NaN,NaN,NaN,NaN,NaN,-1.87590173695275,2.15003614366988,-15.3771259543814,2.81214662108483,1.5322797011118,1.39881355050146,-0.403709230367062,0.948307468733968,1.10933274986871,0.775060019599446,0.00490757128243721,0.483287118821358,0.00429316332859523,0.483835020455822,-0.163116385500763,0.41441806984466,0.0222984002239781,0.333385593382966,0.0776003085264376,0.472991754852326,0.045238461728314,0.261072374658151,-0.0311128802796712,0.23370080864164,0.0278208899635788,0.24875942075498,-0.0245844136032975,0.258207425777761,0.00711341063489872,0.611265699318916,0.0157453602567345,0.966351203629851,-0.00341071122079055,0.447226168986006,-0.00538373600146806,0.299183886568393,0.00255081582534019,0.255201934416215,-0.00114511532275141,0.205538010386247,0.000712198448513272,0.190019234857357,-0.0007313180006969,0.195064789374294,0.00148943195100512,0.149183789069955,-0.000390550606107673,0.17692357645638,-0.00133887622655619,0.126985546481254,-0.000327739804155853,0.12430322946602,-0.000283398061953352,0.122678911723771,-0.000390406314648693,0.126355346983919,0.000122753781879285,0.537969791081873,0.000380897568996158,0.796286842298394,-1.89972744170078e-05,0.410005383238753,-0.000502060580544547,0.298108723842413,-0.000579679568914198,0.227542011634364,-0.000546899366405521,0.206670880255691,-0.000144739667401958,0.199261184626079,8.80876089546655e-05,0.202606109920758,0.000161874452097041,0.167544981982892,8.02562121154636e-05,0.184292694671146,-2.92785015011145e-06,0.146225827005672
103-1241-0020,103,1241,0020,unknown,103,0.641873120565773,0.416182032955821,1.26131458613621,3.3291286638064,0.353874266235804,0.459908046931518,0.800893730767591,0.53798885863027,0.163704107248043,-0.30281898947945,3.16248266796081,0.443140040106952,0.532986111111111,0.649600074404762,-4.29381269578506,10.4812730460989,0.032241932077828,2.12817769911669,-12.9012427640176,-4.13376231691685,4.92392015693756,14.0015582660897,10.0535650607026,0.087552570860158,3.7996968539177,7.75378695265346,12.5364250705198,20.3762309315461,1.30775160409165,1.02288845136757,0.967460193875338,3.34538295772594,0.432966868626928,1.02859188622353,2.05184458279183,0.0210837486879282,0.0109300438495609,0.138374725964051,1.84450953752768,0.00876095118898623,0.0225281602002503,0.0300375469336671,2.37304284208999,0.482294253302422,0.935749440645504,4.30091545116406,1.98861131991116,2.32479881128169,2.63991655201435,0.313637725986454,0.30755045015593,1.24707699724122,4.13229380176099,0.0609047241281427,0.197970536058844,0.501029129658059,3742.38837630035,382.970010532887,0.791062370835574,3.71357006548452,3457.2306245,3682.83934322787,3969.19416337644,NaN,NaN,NaN,NaN,NaN,NaN,NaN,-1.74169055077779,2.21184779073011,-16.1522156514224,2.85554989890688,1.86891073532191,1.71080670234038,0.0114718252570781,0.989190344215355,0.93513836137461,1.04257242838381,0.130262638070925,0.678750153098552,0.151209904457029,0.480073386719073,-0.0662315570939228,0.430433028044138,-0.158567972825281,0.405709736391298,0.141646433258902,0.390718389031753,-0.125703400118811,0.310991480114205,-0.000698136428482031,0.294839467338255,0.0603007343332541,0.240199820758146,0.0486727324201525,0.223690565285325,0.0023787769580825,0.485529999929493,0.00330709640335161,0.800443413908059,-0.000781153222324675,0.435119775855738,0.000116696163579817,0.279099873199377,-0.000176797697273342,0.253007757055063,-0.000957426718701068,0.210008707277661,0.000332907638128074,0.193120908738996,-0.000332044322267657,0.172884692937821,-0.000110630086763559,0.145943276290963,-0.000579826279709626,0.151058959185797,-3.90753349438689e-05,0.13380662293224,0.000144888060678686,0.12066739171976,-9.00374228032162e-05,0.119395475166372,-0.000305102376160605,0.120800222243079,0.000291656917962419,0.417248240277197,8.10513735063671e-05,0.658294949575639,8.63489193782428e-05,0.361843978915436,-2.69153836807348e-05,0.264052550938998,-5.92168842442152e-05,0.238743742159958,9.57217798062309e-06,0.211653956846511,-0.000147748173444166,0.198643742602765,-4.55564977152774e-05,0.175435484411625,-2.96173427613645e-05,0.159874495452785,-3.95194788577799e-05,0.164594438286116,-0.000143491046080909,0.156289290286353
103-1241-0021,103,1241,0021,unknown,103,0.698676267434074,0.419956050193588,0.881100567165104,2.56360803559689,0.367694982876392,0.50624471763885,1.02326178778555,0.523323723399931,0.181106629771872,0.122246572757714,3.21558422473744,0.414193802521008,0.529411764705882,0.63031045751634,-0.202651664273856,9.63504203700843,-0.327574612572516,2.26941868280713,-7.55354711061105,1.37234505167844,7.52900402275458,11.1251603812896,9.49482440170238,0.240780885275268,3.68581140548211,5.44969553171205,9.5808116691813,16.7595061570355,1.12040534236105,0.968850993124501,1.56424553756371,6.39003080975686,0.373784396981348,0.838829897119996,1.61106417178407,0.0177533674027807,0.0102479934864542,0.696789326642174,2.46068693492138,0.00750938673341677,0.0150187734668335,0.0250312891113892,2.33142945390318,0.482247502858863,0.899988399356132,4.55727577317061,1.92296982620256,2.32462670653337,2.61397504816084,0.253690316595729,0.276530222456466,1.60526724808054,6.1839336910435,0.0374855708136727,0.143618686735604,0.413000384962218,3721.53802554523,462.655501323344,0.565086363411501,2.58736711593476,3325.80149226102,3652.30686656662,4062.22672509997,NaN,NaN,NaN,NaN,NaN,NaN,NaN,-2.6053744524124,2.46426349580878,-16.8234926257446,3.74939075006131,1.78549771241827,1.54868673313089,-0.214658036752845,0.969712876277353,1.0108803099518,0.897986604557679,0.0991744354301088,0.564338405364322,0.0636244724304051,0.461793269041468,-0.270005300557349,0.494645583956318,-0.0599389863280896,0.426978623114404,0.0768123195880789,0.384392796331466,-0.148417158470319,0.291177194762825,0.0971993654175302,0.259329607793602,0.080395599843344,0.237719562409532,0.0654404749535198,0.24020219240358,0.00211986211481206,0.531901121203633,0.00428365528548796,0.796662818043924,-0.00115282445972756,0.397812474952319,-0.00163027900188317,0.268109071031369,0.000632552303315898,0.259430881542258,-7.65721100945754e-05,0.191059838041044,-5.98184429735218e-05,0.168156766267444,-0.000443622038352289,0.192806519371586,0.000312824997606818,0.148417055860592,0.000241947869988244,0.135245324792167,-0.000579897699119833,0.132895091515852,0.000104232307324202,0.122906366898554,-0.000100098495209296,0.119755684054431,0.000205728008365322,0.11435497196854,4.20909933204216e-05,0.513655494706563,4.30968019579607e-05,0.623483847057103,9.86701552611718e-05,0.345816194630921,0.000172525316384756,0.248895788669152,0.000200342258824023,0.237327980154845,6.85003055229345e-05,0.192357993733367,-7.87359051532823e-05,0.173799768816326,-4.15006809509759e-05,0.192404109213633,9.24630094849005e-05,0.164048916542506,8.81063503161311e-05,0.152288373270633,-7.12658796757151e-05,0.153577634924136
103-1241-0022,103,1241,0022,unknown,103,0.786854685191963,0.478741802004775,0.712958986906247,2.2248101585213,0.388216234376954,0.591629772257073,1.19817695884558,0.514776866981826,0.191116239964128,-0.0814927262454594,2.55118394575446,0.381971153846154,0.520512820512821,0.653846153846154,2.86877414730838,8.9351112547381,-0.372644458423358,2.75236511717268,-3.05172664738678,4.47170838496916,8.41613482677875,7.61600797574339,9.64812668957455,-0.218329898844202,3.88084225023923,3.52350887082013,7.95269966167631,12.2941458825143,0.925257458656828,0.798844048921837,1.36848029846251,4.32215224500852,0.336251194692296,0.621443157015339,1.26972925517269,0.0165557959098169,0.010320811728637,1.05349734567321,3.40437358492028,0.00750938673341677,0.0125156445556946,0.0237797246558198,2.32248007477008,0.53948443705157,1.77927467729684,12.7070368366765,1.88329412425628,2.26702773720587,2.63556382656319,0.212594681484042,0.26094916499817,1.83830687602054,6.27119125081655,0.0298290448528292,0.0929170857552619,0.318988490234931,3690.76063177943,449.852647930069,0.7446547964591,2.90277856410891,3315.8383595067,3607.77304854156,3964.04222267946,NaN,NaN,NaN,NaN,NaN,NaN,NaN,-2.98166828877244,2.57867135627251,-17.3463774577225,3.86105705068453,1.73104604132543,1.62999109383766,-0.13966449379446,1.01281646946813,0.898786525941029,0.931751289102143,0.138843212789413,0.668664571095904,0.00703773384894921,0.514392624373481,-0.286402900081565,0.470369861304219,-0.024445608033141,0.441290139808632,0.0945535574294947,0.341241502109981,-0.0979641972801889,0.312325382413112,0.085672958879757,0.239532032163021,0.0411234064280521,0.254541840913537,0.0705520625598928,0.226817037742306,-0.000404021398567698,0.528336298331209,-0.00043145552216434,0.769761281175962,-0.000187195384681293,0.451506201445669,0.000662125698163091,0.272916779076533,0.000542255853620492,0.248105079182865,2.32465853986557e-05,0.184930455397753,-0.000308863960874582,0.171616075080672,1.64946090409175e-05,0.18351786684912,-0.000408381981183009,0.150087054164796,-0.000671042457771073,0.141089277614299,0.00034369618606878,0.132618458501509,-1.60537703817577e-05,0.118970346877819,-4.84696029704149e-05,0.115811043356893,0.0001010585499636,0.113159904492895,1.15864183930648e-05,0.51587361286901,0.000167750220834171,0.605567329124256,-2.6243857911294e-05,0.356336219313045,0.00014184786864438,0.244730864854429,-4.43008293501192e-05,0.224347574255074,-2.80278256590161e-05,0.189194530492757,-1.08796837271847e-05,0.171372938078222,4.76491671436339e-06,0.183350500641465,-3.64896145637351e-06,0.160752626801111,-6.19766537748042e-05,0.154364495067262,-5.19963274198985e-05,0.147881969727531
103-1241-0023,103,1241,0023,unknown,103,0.746189196954199,0.493501821807651,1.08486213212236,3.0020429462823,0.379515259507,0.520015013274228,1.03066833967541,0.516915404185739,0.182719328433667,0.426439177064852,3.40769026869506,0.403389830508475,0.499674054758801,0.624293785310735,-0.561151108195605,9.00860266984622,-0.179676659953424,2.92823949861881,-6.04450366504154,-0.0126927058114436,5.22891740580717,9.52731058059217,9.93089018350445,-0.466343241413389,3.64757279613757,4.74944098847597,10.7554826655857,15.6013125962947,1.0950801936399,0.959705611731449,1.34315684336138,4.45556707005276,0.356466684004317,0.758418873932471,1.58695637580216,0.0196344348053829,0.0122513595624559,0.680327151336727,2.32248058810079,0.00750938673341677,0.016270337922403,0.0300375469336671,2.36133071571898,0.514125140875149,0.87998911249836,4.0237607665137,1.91910981040863,2.33094705641964,2.67386908136047,0.285091251684809,0.309943101530839,1.32416602571302,4.30280040301737,0.0382460582571653,0.140325474564475,0.480806025698825,3693.30591461079,452.124126073251,0.869345430743042,3.29275649354642,3338.45721627242,3586.74472087432,3979.94115347656,NaN,NaN,NaN,NaN,NaN,NaN,NaN,-2.42275863536248,2.48249065536527,-16.4908192779382,3.47331266626635,1.70873981763864,1.41243799614712,-0.17638222177303,1.04530208139291,1.00103140001565,0.934340743076282,-0.0139854137707798,0.604266889874845,-0.111548846001919,0.489567426120905,-0.134856322675221,0.430376706611201,-0.07828175485123,0.39592790169,0.0665187633271079,0.373438085536478,-0.0501757630161345,0.297931043335194,0.0769026161679594,0.245993548256408,0.0770437726461079,0.236618558578508,0.0413493372307193,0.239813133699705,-0.00234572273229315,0.622173710462933,-0.00479702525885046,0.870401603317537,0.00169029115516165,0.437772190956912,0.000752119924923,0.305028044138765,-0.00084992230238776,0.265613737869174,0.000316152770245172,0.210526991031684,0.000186590825094759,0.177082112652964,0.000120433284117909,0.178499523498752,0.000295652876534622,0.151424434349583,0.000480245135398265,0.146702843461859,-5.75935404845087e-05,0.130720709295072,-0.000201973998731648,0.117928893285003,0.000322303866074131,0.118915723751774,0.000135190128658497,0.114034554114534,4.94933018175759e-08,0.637677965666165,3.88073226183104e-05,0.707736700817408,2.66162885777104e-05,0.37289127214679,-8.79013986031605e-05,0.295191549378513,-4.85589919026474e-05,0.247833403362452,-3.8716595937181e-05,0.205825442450086,-8.70226042002122e-06,0.188818122491371,-4.27074788620812e-05,0.182078938508292,-7.67753098077494e-05,0.16898263110166,-9.26191895929578e-06,0.161175764868551,-3.75244196618246e-05,0.149535424571511
103-1241-0024,103,1241,0024,unknown,103,0.704881813590031,0.469724425077201,1.09129104446341,2.94084690577037,0.355274075316932,0.485121340397495,0.979947755281945,0.54070877216306,0.177775159229274,0.119529553040739,3.04302874863326,0.426229508196721,0.53551912568306,0.662295081967213,-0.732305653580505,9.98802789417737,-0.155917270661472,2.45657196701936,-8.33531479994767,0.538487715903144,6.50607714746385,11.3077964189725,9.87333267922846,-0.18897946004112,3.94737658992402,6.1845942968612,10.8333346580014,16.7146225221555,1.02643092235766,0.877168592024699,1.29655791227702,4.5211077521629,0.370048482517846,0.733929685760998,1.50696889189884,0.0199966045885433,0.0114068550538211,0.447714199854827,2.1365299854854,0.00750938673341677,0.0187734668335419,0.0287859824780976,2.37357028564899,0.514578478920194,0.824909935787878,3.83227487482945,1.91428765775909,2.34895829307844,2.68051777404442,0.266101312610105,0.292405409316309,1.51521447135438,5.55039898312375,0.0334453546828763,0.146296561250918,0.425156944798902,3645.36030707121,399.797683880458,0.790234734929386,3.04539861367961,3332.15532600247,3563.59472377674,3900.3550800233,NaN,NaN,NaN,NaN,NaN,NaN,NaN,-2.39643237591621,2.44868814156473,-16.5356875659165,3.44401906195124,1.9462131352887,1.54619313849978,-0.288404157151466,0.998207117757297,0.727187547515052,0.873458422798303,0.187878265951818,0.528136690378273,0.0746938335404715,0.478151738328449,-0.192794989156205,0.428427457102476,-0.155994591910445,0.433681314640226,0.212022309968353,0.37519917590276,-0.118625777053848,0.28788539807648,0.100164589336977,0.282668592211364,0.0917929028865657,0.249727866152661,0.0382666701576332,0.239559348255905,0.000191697685724237,0.529428193098997,0.000947102595901958,0.773226804843384,-0.000167705089153692,0.435892431438505,-0.000582273877295161,0.274827034349531,0.000349964961987353,0.233883031065427,0.000473033000726754,0.191135635821301,-6.578034387045e-06,0.180883028903998,-0.000261546351535704,0.184091574152516,0.000365235978325665,0.152658371886895,0.000285192146472556,0.145934887587026,-0.000344783609717592,0.134383569017176,-0.00016401851890753,0.121537722903548,0.000303196565995194,0.122067035611222,-5.23256392120859e-05,0.114920546530435,-0.000131182718393462,0.481710478022558,-4.75958752566313e-05,0.598481140830863,2.70963854146034e-05,0.350978248605677,2.64939574478143e-05,0.252329388409591,7.52668357381159e-05,0.213879275947786,1.43935966602486e-05,0.18406015169569,-3.08137036635311e-05,0.181513380905393,2.69736811874957e-05,0.188035562541609,2.186444775311e-05,0.164160461479649,6.18096135917912e-05,0.159811132333112,3.73059437508238e-06,0.150639533703595
103-1241-0025,103,1241,0025,unknown,103,0.961890268169998,0.596293783094782,0.928245086926443,2.64190399139502,0.490726124750272,0.71513882942309,1.30438179305762,0.555516545315612,0.188094029160541,-0.00553747659465454,2.99456828547874,0.436363636363636,0.555555555555556,0.667532467532468,-2.0523310407487,8.8265744421631,-0.536704854571263,2.7766210077183,-7.71428616206003,0.0455266079571643,4.46559617002958,12.2161869021096,9.40681738697993,0.00199508682006462,3.59073547783932,7.3163171224874,11.9650965761619,17.6168540294638,1.21535465870024,1.02615394194325,1.59116902157637,5.73955014548515,0.500807087414395,0.948130931803885,1.61116264857918,0.0164271100880276,0.00926249764946259,0.699783723198424,2.26099709159445,0.00750938673341677,0.0137672090112641,0.0237797246558198,2.31958685147389,0.455760611255178,1.04187496052157,4.33382002970417,1.96414259678487,2.2367926764521,2.57743818063484,0.249333971858049,0.261399013901504,1.35527784753998,4.11915142181175,0.0491753709088025,0.142950278587329,0.385126742984548,3644.81944996455,397.755474155413,0.780121915486263,3.2110350727042,3333.21520390433,3588.49306422947,3866.30679111334,NaN,NaN,NaN,NaN,NaN,NaN,NaN,-2.51666347124043,2.10008464010678,-16.6981373834684,3.3352394264287,1.29479503252067,1.44991473256928,0.0848825030922529,1.03661661120615,1.10142628342013,0.917437944457952,0.0363353266887525,0.582545472333381,0.0764103347232254,0.479006022329016,-0.112042820442299,0.375879887506656,-0.00668394841868121,0.370956523822058,0.066103642121552,0.367465331480367,-0.190885525396904,0.284554511926468,0.163114524966858,0.242784710796876,0.0972642738344276,0.208235223466111,-0.0203930948615865,0.237023222982576,0.00448675009343793,0.622699428146685,0.00857133032418028,0.945272794110394,-0.00177432036486111,0.487219644984558,0.000390379807043513,0.310150181555284,-0.00167496694693924,0.28186098261552,-0.00141032785809831,0.225142507840751,-9.78856657194594e-05,0.183155310944511,-0.00127238190200158,0.167018076587221,0.000101324663504235,0.148555299205439,-0.00133242264515505,0.13625926647503,-0.0010697141913654,0.140324434904057,0.000295200540589988,0.120918485825646,0.000571428706746219,0.121003576879179,0.00123817435665903,0.115862686792813,9.04216371359307e-06,0.615467084532503,-0.00029037251897374,0.802647666571473,8.40141284127606e-05,0.392690316482699,0.000123735398794337,0.304619495090478,0.000152975101146167,0.263296085188605,-0.000307514636331582,0.234869915312418,-0.000128406886820687,0.187241847268257,0.00023694350860303,0.179804275422339,0.000204692573095823,0.163243544371393,2.60425876892932e-05,0.153585787665758,-0.000369311031678844,0.163826323160243
103-1241-0026,103,1241,0026,unknown,103,0.852405464546277,0.559504623329814,0.794079297179009,2.23442795006912,0.389597606839014,0.575425637833058,1.35140414048927,0.55976887853282,0.190574934578463,-0.158886313262074,3.02881806621136,0.449137931034483,0.565086206896552,0.687212643678161,-2.2860397045375,9.37452034928495,-0.30270933110158,2.95121463704539,-8.15276550963405,-0.950850095456472,4.23733826044434,11.8474106105643,9.90764897754551,-0.249222139629558,4.50398316955164,7.49765792654708,11.9386029606136,16.1883592770068,0.998802749882934,0.850574033082797,1.54176985727205,5.87098894492629,0.388836177762145,0.696583777854071,1.41530497591151,0.0188476928277136,0.011559176925519,0.596578771500209,2.1625801785009,0.00750938673341677,0.0156445556946183,0.0287859824780976,2.32214647440441,0.52782937289385,1.23213028599182,5.84326611417321,1.88221317728496,2.2601404288189,2.61171431429845,0.237387262720618,0.271040445015449,1.48886502263563,4.7760799916712,0.0303937953864779,0.115950336246606,0.38006844212737,3619.26871689732,410.552753731803,0.691608217797039,2.6830417776054,3275.62539617939,3528.54876163261,3897.19858051602,NaN,NaN,NaN,NaN,NaN,NaN,NaN,-2.72558016709611,2.52846743899599,-17.2540218366484,3.70660599481925,1.76201210206526,1.59291850679654,0.00722936277322852,0.880922136290344,0.79119738702992,0.83844022852244,0.182086306714413,0.557682349326044,0.0434524046526004,0.405292912443867,-0.178970085465084,0.450954754679808,-0.0726875554287372,0.348846946263333,0.116350827389521,0.380454862209201,-0.072862121448352,0.278849579427469,0.0766505493140852,0.268914637342375,0.15355333609377,0.230618359927438,0.0452606186753337,0.232293670466682,0.00279154292230873,0.479056077962719,0.00726789843348616,0.714264537036099,-0.00269586573692324,0.443848065551326,-0.00118357411961079,0.266098796250192,0.000902360544570878,0.205256317891986,-0.000302640236114043,0.192484878278728,-0.00100361114846112,0.163993467434084,-0.000176833868393634,0.170141435008532,0.00026337541383074,0.140086735585039,-0.000113507224224629,0.138982989835863,-0.000826223845580625,0.128948985122754,-8.62442674897754e-05,0.117581884950715,0.00018297753378544,0.115664107403987,0.000351432953925312,0.118043410574369,0.000153440839469843,0.433545926705846,0.000133370226238805,0.559682078385509,-8.1488313574862e-05,0.364918346698752,8.39617929973545e-05,0.242844614320023,5.06361077825986e-05,0.195970869254147,0.000119850639693316,0.188995232258973,2.55711873116102e-05,0.172776234057207,-2.23114861150153e-05,0.177285083909124,-9.2195043037303e-05,0.15759692349481,-0.000234549715304377,0.1515208739557,-0.00010013698826646,0.149618300303492
103-1241-0027,103,1241,0027,unknown,103,0.699170343684738,0.443277562909112,0.961697498122155,2.75226643544633,0.355670051646178,0.497603911331287,1.01064894056218,0.542969912165974,0.18259718201792,0.0436494923215719,3.05119833765271,0.426372111344538,0.5390625,0.668402777777778,0.867850925541506,9.89987934031932,-0.438867910002376,2.51315407825567,-5.88821275434058,2.45834176726415,8.19043667370344,11.0490664767003,9.70350696573484,0.292180532987079,3.17072361780679,5.45308582265684,9.8574939241263,16.7258432580329,0.981207706138784,0.813887586199111,1.59821468653926,6.86483498411215,0.399598497253171,0.746686085930916,1.3657266469288,0.0179486487489417,0.0104753467679377,0.821640099274558,2.9313462400256,0.00750938673341677,0.0150187734668335,0.0250312891113892,2.33490217375139,0.492585393945095,1.02724990621887,4.56831806743991,1.90873055393051,2.28138116977477,2.61269123390194,0.23662038941653,0.26314086538326,1.52924160790573,4.95140753092572,0.0363769159688412,0.127485918254268,0.344926666389975,3635.49282609856,397.521514165426,0.766613787723461,3.06809033707915,3328.88469265856,3548.1736207617,3890.93678625557,NaN,NaN,NaN,NaN,NaN,NaN,NaN,-2.4859875282146,2.23932897131348,-16.3036428242305,3.36793151627874,1.64461818839588,1.4997126460698,-0.419296288996137,1.02640843746182,0.865015653972763,0.749799236167721,0.0580197929602307,0.583237779786232,-0.0177002599342098,0.446437120320355,-0.183502232395066,0.452445779881123,-0.019430858372639,0.383638171794932,0.107055518008685,0.383285650853831,-0.126356387987038,0.291581959134322,0.102773172146836,0.249766335121154,0.117753116091532,0.234634066342136,0.0245149188034918,0.235991378757339,-0.00273336719969087,0.520440260452757,-0.00543593013801688,0.822213905842001,0.00189971375403077,0.433890224107444,0.000944281060909669,0.296815366611946,-0.000149482377147721,0.237076182489843,0.000172841917655387,0.206412632075712,0.00047895880959079,0.175953900075801,0.000566912070096333,0.178336595762462,1.76075149358105e-05,0.144172586095638,4.66667558058915e-05,0.150456018714803,0.000756557298531485,0.129923188294058,-6.86590671979659e-05,0.121493124995369,-3.14748883300496e-05,0.12244480390009,-0.000186445363627992,0.115672122384439,0.000117106248257962,0.494566814450861,-0.000132941928215521,0.652387903269384,7.62102671275483e-05,0.346991478675939,4.42423481368765e-05,0.273798248940045,0.000127447773213385,0.221034537404704,9.9384627305539e-05,0.204060730710393,-4.30572457212808e-05,0.184996268879907,-5.67453797778652e-06,0.184362297016086,0.000108675553083312,0.156399489416539,-4.95771172982537e-06,0.16944298747587,5.15165523379359e-05,0.150448224828923
103-1241-0028,103,1241,0028,unknown,103,0.679119200544699,0.43179611296932,1.06534430622795,3.05211813681347,0.359316248612134,0.492339800883297,0.949095992159184,0.531431241648943,0.174235212356568,-0.0257965006661979,3.05413966642731,0.419852941176471,0.531879884821061,0.647794117647059,-0.763457371941833,8.8566626445245,-0.21810878848492,2.2229418684047,-7.80403858633432,-0.0543629858978737,6.64710318110706,12.519930530767,7.95254477739015,0.649181028870991,3.33257641345888,6.89907662288654,11.1075547091599,17.2449094127014,1.01401156529373,0.882491946649261,2.33039432748737,11.2780923108052,0.427155003591456,0.787954934428813,1.32471567153003,0.0180351164293859,0.0102875741198556,0.73552541172662,2.63890579667713,0.00750938673341677,0.016270337922403,0.0250312891113892,2.37154617142352,0.475999752933605,0.803642115438207,4.22686107935458,1.98593894813387,2.33431873450629,2.66531533293305,0.239997139920067,0.274650257357182,1.93769679738734,6.83518287797615,0.0488688682741406,0.129248199529233,0.332333450508403,3640.18765411595,405.775449621184,0.856562253968299,3.56299836820966,3318.97682146727,3573.83666498824,3893.32917042406,NaN,NaN,NaN,NaN,NaN,NaN,NaN,-2.49095386685767,2.15478183068293,-16.5944096224054,3.40389143192638,1.65290302149104,1.58604434960537,-0.144282052331113,0.978476952745787,0.833610192129168,0.821160544895106,0.139894604268452,0.567058638446271,0.046808134010562,0.466171569839595,-0.14411698029915,0.455993574970425,-0.0898638723026765,0.407183086240463,0.142073697721218,0.37468097494214,-0.126651305392985,0.304091879231868,0.039929907257248,0.27149978497194,0.0663093856073288,0.228110922303593,-0.00967199932632794,0.243585389338975,0.00217243249551675,0.538345141067381,0.00430258061388052,0.824146981833295,-0.00151371012305019,0.448356537197611,-0.0012458494544736,0.287037487454649,0.000419751620190224,0.248790767121847,-0.000248183704368778,0.193464476825383,-0.000633449103859971,0.179774668174176,-0.000234190322107272,0.175526544472124,-0.000109030445310459,0.159835788183524,0.000138833376752392,0.150101177040382,-0.000486725318835203,0.136791796537034,0.000328230902079934,0.125193739504306,0.000277361646667138,0.121324757001103,8.81060218653449e-05,0.117887775126809,8.21466586985649e-05,0.521530228963955,-5.81003136647317e-05,0.666318233950909,-0.000141921148342963,0.363993190156244,-1.39431766522692e-05,0.268779268025279,3.49083317926677e-05,0.228038815096831,2.53840608374526e-05,0.192994655869329,-6.44380165175183e-06,0.18334490321199,-4.02923330792442e-05,0.180141476224212,3.65953483732588e-05,0.176737883502679,6.24218321950577e-05,0.162021858831319,9.96430592008889e-05,0.154445346521941
103-1241-0029,103,1241,0029,unknown,103,0.600946282985222,0.375328427621242,1.15179634390481,3.73946791019728,0.31043848393338,0.448601879049709,0.825673484647515,0.531486009543497,0.166533896830433,0.120404790596432,3.56810908492636,0.433098591549296,0.534037558685446,0.631635969664139,-1.89648294696959,7.54966956434789,-0.117761663953897,2.76295569013425,-7.62799382210756,-1.36325930179349,3.42980586730881,11.491412613097,8.06817695795618,0.448745743460729,3.66065382863921,6.12513026047996,10.5045408730685,15.8829805673622,0.978958821580094,0.834976899881675,1.76165943535547,7.59904618156563,0.373191928861772,0.727530767451185,1.35777825027986,0.0184267662672644,0.0108073702879759,0.731011031845174,2.66727891641575,0.00750938673341677,0.016270337922403,0.0262828535669587,2.3763461566638,0.49470101573355,0.791335922986525,3.80529720097253,1.95269108662683,2.34927372832809,2.66475705247259,0.241016041445438,0.264768188335257,1.89313615871286,8.28582103544944,0.0431069291801778,0.126078193648175,0.376287481583981,3650.54848178062,418.215747539455,0.762628632477894,3.05609888540247,3305.27739925961,3568.54202773787,3925.61972746916,NaN,NaN,NaN,NaN,NaN,NaN,NaN,-2.37816415532579,2.27837838908014,-16.3944808213064,3.20543692679718,1.64787941091041,1.69287646326054,-0.147292069174271,0.964394458661691,0.822211458049788,0.857151764444857,0.236782379467162,0.555721416594699,0.113206237470695,0.464735365564436,-0.273759937423995,0.463223029242083,-0.132593627492338,0.387479354420177,0.133585452151052,0.366435150069155,-0.115639983633118,0.317475421338761,0.0254823774782472,0.237188802157687,0.108216328004005,0.254129747015253,-0.0311631250348157,0.217075601398109,-0.00169860471221035,0.567609026648442,-0.003196688179498,0.821493573912146,0.000793143682274774,0.491726172971057,-0.000202709976711505,0.264748914084093,0.000532268610626605,0.233945657396267,0.00017599918815655,0.188674680396137,0.000320245044514201,0.164218894098978,1.61984770244398e-05,0.17656894105002,0.000620808569029028,0.153322714757104,0.000356824015032354,0.140666707634846,3.93573002020532e-05,0.131900646790978,-7.83067621023489e-05,0.121255296518637,-8.26804284975116e-05,0.119353307688732,-0.000338090358572676,0.111109941216606,-6.27530989253584e-05,0.503373433619929,0.000106940180850466,0.635058864470309,3.37717360117269e-06,0.390084830824692,1.73559950650583e-05,0.24937460032796,4.02411305071683e-05,0.217297131750897,-0.000116417077210206,0.19243294367368,-0.000117862761621301,0.167353784556032,9.34760149731926e-06,0.170535436630717,0.00013975790372804,0.168730017043979,-5.5217043401885e-05,0.151663089025489,-4.38386548124739e-07,0.146783237864376
103-1241-0030,103,1241,0030,unknown,103,0.950689996340206,0.598610527401645,0.67665551337824,2.15547349181295,0.444974664115473,0.678209889618441,1.5007725030092,0.551747939067185,0.198330267738229,0.154068371984923,2.90204905570998,0.414035087719298,0.550073099415205,0.684210526315789,-1.30018707671155,9.17815112551065,-0.697432998589795,3.56283549758394,-5.29329854507115,0.429774968125679,4.40102161666698,12.4012394196337,10.2102560785264,-0.0146396994248886,4.28549579332646,7.8128268167988,12.5666023012863,16.7314563557905,0.996466340345046,0.927404908834252,1.58137325775675,5.28758479301208,0.337551520821524,0.594845135462795,1.4047814484702,0.0171714967753764,0.0109316769834098,0.811518751986598,2.53461026214279,0.00750938673341677,0.0125156445556946,0.0262828535669587,2.24245739245776,0.433938884298747,1.1783671438375,5.82416753519754,1.89526529304331,2.18218323829509,2.50596639274094,0.220821236587563,0.283249591121693,1.8515369373841,6.41082395211622,0.0283262428556561,0.0806799198244607,0.324314943972065,3648.53643498262,406.6844435005,0.585612572641085,2.54164700274945,3289.73169069223,3587.17535078956,3939.43752740343,NaN,NaN,NaN,NaN,NaN,NaN,NaN,-3.00040970976112,2.60027323181945,-17.7019781984566,3.67504975432912,1.96609602692719,1.44374359338671,-0.0977050480224643,1.01404921383379,0.662639967191987,0.945335194339086,0.11833548270763,0.680364860054118,0.0993698432540972,0.485588832620031,-0.0677701342392629,0.421005041017683,-0.104285034138226,0.391276892878281,0.25043865905107,0.403661904707169,-0.11855011349263,0.284830228499435,0.0776438199703307,0.275589967219888,0.106852123883857,0.240381841349933,0.0172247353601628,0.258714196481425,-0.000790111443953108,0.482752747419202,-0.0012953927707386,0.709031362135895,0.000534309492722679,0.367730780621174,0.000651229280226218,0.251609994481523,-0.000236815418873021,0.219512702150351,0.000480816048095108,0.192575717232941,-7.24086166627536e-05,0.163834621748033,-7.19514744656697e-05,0.154386308467634,4.38007361582883e-05,0.143933746962486,7.75187596510224e-05,0.142689073731743,0.000187157736435224,0.121077209010731,-0.000341737441603961,0.119722223074739,-0.00010030497733395,0.116285508700884,3.61264594154057e-05,0.114983678492143,-0.000172632059609459,0.460422893597247,-1.31313773463592e-05,0.538183752632362,-1.07568487019153e-05,0.310436947584708,3.12010203211453e-06,0.225417580928812,0.000104551955538932,0.199609149714015,6.7662512595438e-05,0.182542844017562,2.4356268754665e-05,0.168773198668278,-3.81840053948666e-05,0.1595375065883,4.42164395309922e-05,0.158488461108619,0.000115578554715712,0.155591181943314,3.15580135644264e-05,0.141887848456705
103-1241-0031,103,1241,0031,unknown,103,0.640772054638778,0.362776028146959,0.98385053266182,3.05415091608213,0.363821020029247,0.517142097602494,0.857341263278201,0.503323363675926,0.178898368773369,0.265621579124297,3.21512726679434,0.391203703703704,0.505092592592593,0.611111111111111,-0.32315031391423,7.83787015145943,-0.153340333577359,2.37633915507731,-5.98625494408979,0.156332246908445,5.50058461240804,11.246650204214,7.27359632453577,0.399408145177399,3.02987560774632,5.98018099099668,10.54554858356,15.8367631623187,1.01360725240771,0.839387398395338,1.3299552698849,4.7106822888496,0.401309792024319,0.727394502656658,1.46135884537795,0.016416002391964,0.00923721279398402,0.869444504772288,2.8520710884863,0.00750938673341677,0.0137672090112641,0.0225281602002503,2.29412785826498,0.431215292691329,0.99214746619863,4.74426647149095,1.94186327520738,2.26355567280128,2.54268654728209,0.222357681500092,0.248123642974264,1.60822769618274,4.99406875175438,0.0431898235883874,0.124674744115208,0.307071895593987,3704.46464151186,414.932402267011,0.579617898890967,2.62910571144796,3356.89288868092,3654.11161483959,3986.42066438983,NaN,NaN,NaN,NaN,NaN,NaN,NaN,-2.48057540283141,2.14816912300261,-16.2732674675227,3.21707780776946,1.91827427762327,1.60710586959274,-0.451187426266584,1.10039732832037,0.86257655227503,0.889861045678186,-0.0261338261861164,0.638198939367316,0.031647779585241,0.549638300483264,-0.269345996528835,0.470581930327018,-0.0660131166530342,0.41788468862724,0.147625677312416,0.405647024311998,-0.143277604833681,0.285339379213982,0.121672960404655,0.278446904033947,0.0521228437622594,0.251335965955303,0.0470268861708851,0.220011493555662,0.00117062604408203,0.541284217629352,0.00245475259795497,0.826268994363666,-0.00133800926150325,0.434715230324711,-0.000276932633629646,0.31612344469266,6.07067298296979e-05,0.252761994157484,-0.000174871282916239,0.217981736160761,1.33230346837912e-05,0.182617060435177,0.000722520601538477,0.192038401687077,-0.00047025727694171,0.15257005287053,0.000349164562128056,0.155016519704261,-5.99872950958208e-05,0.131193860463557,0.000121186613646509,0.122072481726173,3.80848203278109e-05,0.116877698074942,-0.000156971500006699,0.117664047169089,-1.66919362139174e-05,0.563717767763957,-0.000120512362303728,0.640591206259011,-2.62756436425519e-05,0.337105674194876,5.3966325478361e-05,0.285012611272324,-8.48742172039126e-05,0.225986069861394,2.43507777300074e-05,0.208788702670596,0.000138389960557308,0.181619753397613,6.83687769002815e-05,0.187999215796902,9.75081369632636e-05,0.163544520309493,-1.11134094211398e-05,0.163326153851863,4.33425201553349e-05,0.146912226490448
103-1241-0032,103,1241,0032,unknown,103,0.807480547989048,0.522822561236091,0.947528272388497,2.78485812616034,0.40034847265471,0.602091485299719,1.14076678563138,0.536174902563832,0.196200695227754,0.122780392356687,2.92772365462028,0.413793103448276,0.530172413793103,0.660919540229885,-0.181345696649395,9.28769203153577,-0.406838021310428,3.47158277062295,-4.51375570856557,0.70767128424307,5.56073947350135,10.136209275775,10.7241449236519,-0.522522495215694,3.83196962306381,5.54569324173838,11.6643365990538,16.0931329250112,0.853084862742898,0.762689446142742,1.59522723701618,5.69486437793027,0.318458388108352,0.551821417980576,1.21880231314497,0.018132443491327,0.0115136124669917,0.831647909560819,2.70044177956751,0.00750938673341677,0.0137672090112641,0.0262828535669587,2.33479501736976,0.527033322554435,0.97819580641776,4.27105078896611,1.88151802468894,2.26928983225663,2.66181002552891,0.223139947511323,0.266717646446596,1.6509126252102,5.33250662024697,0.0286766533374805,0.103981688187829,0.329134214397404,3605.03311103484,384.729909236454,0.879634698937536,3.19836293952782,3312.81493440542,3510.85641292045,3841.92291068331,NaN,NaN,NaN,NaN,NaN,NaN,NaN,-2.70939864988555,2.44688349291791,-16.649824667122,3.38583642566647,1.59817649929915,1.67602263135051,-0.272264295195518,0.986459456495496,0.698054354818352,0.795310427109123,0.142243581147779,0.617539284915425,-0.0704799409302773,0.456440724911936,-0.10311610732761,0.455587641727023,-0.115588981108554,0.430406844617021,0.13986956610735,0.369429736739439,-0.0977240700496464,0.257192963948352,0.0500059274213645,0.250074697032785,0.122577530910372,0.222290690961768,-0.0194643278615399,0.230658157733442,0.00173638147940328,0.587474529585926,0.00243563536139522,0.799309308675656,-0.000701570532660544,0.446933413140995,-0.000135346992690639,0.278048258422006,0.000385743753691554,0.242847761314399,-0.000881394784225437,0.200902611287878,6.33040794945002e-05,0.17382562590868,0.000227561708297793,0.168297683817561,0.000531097914500959,0.157174011150045,-0.000384062495426478,0.144802427069352,0.000265742478932907,0.126947863604125,-0.000249262776201195,0.121221954574465,-0.000427926574436616,0.115778804476327,-3.38029954389595e-05,0.125959883114992,2.53142184147962e-05,0.557478677272268,-4.04503518956443e-05,0.614722492120548,6.97391062540855e-05,0.357905174094936,3.78175193197447e-05,0.246336230636956,0.000215781060320647,0.22689850319272,-2.12491315794976e-05,0.198869271654808,4.75248953315571e-05,0.183079546530805,-1.63019683416736e-05,0.174718775374708,-1.47065863476056e-05,0.166223050606115,5.60373978750836e-05,0.159357173711826,-0.000103082373631931,0.148865915196845
103-1241-0033,103,1241,0033,unknown,103,0.640938547725909,0.419609988018811,1.14937684035177,3.35195379176993,0.329474548473574,0.453673323659019,0.866492425682132,0.527732694702776,0.172685287851521,0.185671437063515,3.33817874346114,0.421641791044776,0.518864013266998,0.631388511985527,-0.799939829464963,9.9000966656818,-0.188799090761321,2.26004351904446,-8.19890056164623,-0.166009045959179,7.01985332505615,12.2685014514133,8.77011874329736,0.515522884355071,3.18733332809308,6.58758375698337,10.7341390215598,17.3612268420097,1.21731090589089,0.936486859209927,0.864577079359777,2.88678660150287,0.443891059347368,0.958558995038382,1.79268135677075,0.0197779070972474,0.011530103121375,0.6528196671574,2.56962409468329,0.00750938673341677,0.0175219023779725,0.0287859824780976,2.40970736219569,0.5075159754047,1.04474005110738,4.89556288583098,2.00089018032324,2.3725677374096,2.68551469279533,0.292673404282928,0.284239636179976,1.02271113064045,3.04015020317733,0.0606955385961938,0.18078254907412,0.465091562281071,3706.72252416342,409.502857188796,0.641319198029489,2.98898914790108,3396.17060848362,3624.86435683259,3994.04662232653,NaN,NaN,NaN,NaN,NaN,NaN,NaN,-2.03009012163037,2.13602968212027,-15.8872391729058,3.0680550501354,1.66019613084716,1.682138736706,-0.163499126759848,1.02524642367973,0.78118079050584,0.944623594269306,0.114185548456281,0.577381337398836,0.0925617565648164,0.454552551607568,-0.226165627545771,0.481484294456416,-0.0882966764461691,0.385553912769589,0.122711990348455,0.417364625819762,-0.186021859582345,0.308646438298329,0.0657439419699373,0.269434335519403,0.0821013090056787,0.234900565546105,-0.0323375323325266,0.234899001955761,-0.000385959340918851,0.543678791515931,-0.00187297648710622,0.824757694680609,0.000177940291051286,0.488096674021118,0.00081519635165246,0.297616676396596,0.000696574590403195,0.268834196650712,0.000599357559156079,0.211289517244258,-5.77063219817586e-05,0.175806624751672,0.00025728570719527,0.184153576512712,-0.000301042789485612,0.156708572987374,-0.000242697803354534,0.151160303876631,5.24887046612922e-05,0.136062376371722,0.000473139655461313,0.125781968945824,0.000162437424293386,0.117076406460144,-0.000181591462892182,0.119737570976626,-0.000154810329348453,0.546575865302385,-0.000215627415304064,0.657783201499982,0.000201445804004227,0.387185007023736,-1.72647971747617e-05,0.266700316993652,-0.000145424926648173,0.234492952690778,-0.000133278786677954,0.214938482793129,-6.99872197221616e-05,0.181349716179401,-0.000108328285814073,0.184692344026845,-3.84472344717024e-05,0.169648948694967,4.43668204366368e-05,0.160324718659763,6.202432613351e-05,0.149577349567938
103-1241-0034,103,1241,0034,unknown,103,0.693548965890541,0.432226172483198,1.04800218787029,2.98547916709708,0.371786504995183,0.510774106327985,0.981382319067095,0.543598378417238,0.176572115312929,0.014289312145545,3.00670312277246,0.431746031746032,0.543650793650794,0.666666666666667,-0.444727687167564,9.79779084822277,-0.326269824843629,2.38003461031402,-7.53719548122477,1.24090592271358,6.88981881769893,10.2907672430499,9.69539236238255,0.0258386183463366,3.73690107609802,5.30636514774839,9.70876580116162,15.9244017437327,1.17886010925188,0.91636334771892,1.05768520099232,3.78595064406571,0.457356509454429,0.91883283277721,1.77307975739981,0.018897362070104,0.0111531109393604,0.745911229072139,2.80696729550233,0.00750938673341677,0.0175219023779725,0.0275344180225282,2.32666411948549,0.461861712703296,1.1466757112042,5.8702549281026,1.96090985050347,2.28762255054846,2.58850415149985,0.284288019150987,0.29924432389475,1.44776728566411,5.04671772209733,0.0502017026124427,0.156231771004529,0.445536105172202,3701.73006224063,435.674669452055,0.641126888604794,2.70989224033587,3345.74704642499,3631.22385020523,3997.21172186261,NaN,NaN,NaN,NaN,NaN,NaN,NaN,-2.2072763372944,2.26925400520455,-16.2084913298793,3.31330878630111,1.77561498443335,1.57661824421505,-0.168432916002058,1.08279072212826,0.838464445837171,0.811432027641488,0.071282088665847,0.649822618285895,0.144435569062827,0.480501696193216,-0.205852551282203,0.449004691556754,-0.128078782193714,0.402297878308751,0.143181043269232,0.381120089537071,-0.151444461838781,0.321357843737898,0.0606891067007535,0.266435120156932,0.136265150268386,0.240378784023245,0.0242648504746789,0.235867698459524,0.00022047415659117,0.53573122789196,0.00145768045432671,0.836396025662333,-0.000950609624258893,0.455263132643896,-0.000346655113477768,0.286974530676618,-0.000517588817479766,0.245578332560463,4.8204814075027e-06,0.211051271686815,-9.40676110800656e-05,0.177637163403968,-0.000117973613509315,0.179816147251813,-0.000127161383752272,0.155205893782469,0.000216593870410752,0.154619933617719,-6.49675064549968e-05,0.135296379400697,-0.000333237855392144,0.125915541497429,-6.74235133580693e-06,0.120000345139082,9.26632110126187e-05,0.113514338416769,0.000192280314892936,0.514538384452332,5.67906900557866e-05,0.675946567309936,5.79438086436484e-05,0.380390283211548,2.38349928850923e-05,0.273935338755373,3.79924457942791e-05,0.224137359742967,3.47899833334383e-05,0.205631672102034,3.16606092918545e-05,0.190286375379561,-1.94397576779506e-05,0.180725380819887,-7.48252061588138e-05,0.173953918392536,-0.000112825436984481,0.165132810953923,-5.24547521737121e-05,0.151587607387282
103-1241-0035,103,1241,0035,unknown,103,0.741597361477974,0.496862258743183,0.990792484099433,2.77362017422959,0.365565807352212,0.519090144954599,1.088197735559,0.551719602853582,0.18956069069622,0.174848721503254,3.06793579512774,0.426229508196721,0.542486338797814,0.67042349726776,-0.51129345162243,9.70825617054718,-0.354287303415153,2.64016461561312,-6.63814692230289,0.979889904818441,6.54596703860847,10.5453864857378,9.99642899474138,-0.0127231280134468,3.99012512435081,5.28054513185033,9.75069001152078,15.3688261461312,1.11242694304209,0.989842156376253,1.73042248856797,6.82834364491374,0.417114489822456,0.788414744320353,1.5442708418388,0.0202445190595272,0.0125689968316455,0.748384737315701,2.82985181774617,0.00750938673341677,0.0175219023779725,0.0287859824780976,2.35096542528942,0.492177787765385,1.14126263885522,5.18560578774612,1.96449050766526,2.30465782269258,2.60024833779831,0.291629333495852,0.354663185403801,2.20065378519708,9.8229417714348,0.0424005866041887,0.139953335782007,0.454474206499304,3660.26639336902,399.910388600113,0.475103494524435,2.40771013978702,3311.3428397743,3609.24418331688,3947.5306944492,NaN,NaN,NaN,NaN,NaN,NaN,NaN,-2.24162546490042,2.46133164625275,-16.397290602934,3.61823480676484,1.74135933431551,1.60387986147851,-0.188294531125161,1.04399367246938,0.675645864516985,0.8085956970035,0.0685067000090678,0.614594108621229,0.109239188054715,0.440211008405021,-0.197968189653293,0.454474103122516,-0.0784106992691697,0.41089500345408,0.166421420499653,0.406972663949275,-0.155673590573717,0.306974131636999,0.0660935809443574,0.271707746780148,0.144366868365732,0.256257838582721,-0.0182247928215981,0.241264535707689,-0.00152870059151789,0.578380049261367,-0.00324005136702057,0.872106089879313,0.00129549588821787,0.435106367330982,0.00083820110889957,0.285697707423736,-0.000285364097025822,0.2426847320958,7.63129113943429e-05,0.1993845988722,0.000503484933088509,0.175123193936542,8.54488811296298e-05,0.18594247802459,0.000102131459023737,0.153240496408732,-0.000347206869365704,0.149326172414882,0.000284431736796925,0.134697340392077,0.000108668236690732,0.122212698649034,-0.000162081236964467,0.126147184599589,-2.60216311988937e-05,0.11896840680231,7.29395698898586e-05,0.55963217587712,8.59372568821986e-05,0.69174461303643,-0.000123800348841825,0.363452556825599,-0.000194812846158431,0.272840372786995,7.06846037716752e-05,0.230250044388298,4.12246460533252e-05,0.205173047748366,1.74438084013115e-05,0.188009168633429,5.03133422894579e-06,0.19315269258921,-2.20717651003072e-05,0.167446741396624,-5.72096730056543e-05,0.163875619595751,-0.000107281765399438,0.155693441322235
103-1241-0036,103,1241,0036,unknown,103,0.702048075181802,0.478981867339972,1.40424377745922,4.00046202100452,0.380931777980709,0.492967276386883,0.900623521985628,0.530986395075091,0.174654245930339,0.10009668181495,3.19138263724292,0.422413793103448,0.525862068965517,0.642857142857143,-3.50244772936578,9.55262795886337,-0.0640911511075263,2.65327519435646,-10.6043409045252,-2.62321406635827,2.88878289262406,12.7816111834607,10.2187659110785,-0.253774333938393,3.86822672100538,7.67743875206481,12.630045898036,18.6352476829355,1.21020083530351,0.986301210576449,0.961290000533129,3.14265205537819,0.399470490812302,0.931617335610613,1.83113147598363,0.0211153116653549,0.0118670965715338,0.422756327715721,2.18627979774109,0.00876095118898623,0.0200250312891114,0.0300375469336671,2.42599796549761,0.538679621125458,0.98292666215069,4.45870382255499,1.99008028478622,2.38658256080781,2.70928461689351,0.327027130380369,0.321818343483088,1.04638983353889,3.39222537217504,0.051538070345601,0.198271861397641,0.545821520391201,3725.28926061682,406.69260709836,0.771953714790802,3.17169363916428,3417.92194140752,3647.0716015384,3962.14318606463,NaN,NaN,NaN,NaN,NaN,NaN,NaN,-1.9534924329909,2.27378713049075,-15.9284124958081,3.08301204470945,1.57615107547366,1.698479766909,-0.0757634772546083,1.10592536816199,1.0394609859946,0.872199106300532,0.0611061358918656,0.601735458968141,-0.0531234324092357,0.452560541669511,-0.172111872374404,0.423215269770691,-0.0751773373212482,0.411220707945192,0.0425341728439145,0.388096606895946,-0.133163359034673,0.301460910957927,0.0844168485295282,0.296150885829388,0.075667203690977,0.278854254652274,-0.0229551268666628,0.280866216495698,0.00113521798378065,0.576284323867424,0.00194954474550391,0.83430020959978,-0.000660425480865794,0.486881396950207,-0.000943171684940364,0.305311417254814,0.00031819195408458,0.255417411979707,1.32323019768976e-05,0.202298919860825,-0.000101194161648128,0.176455959876265,8.22634018045538e-05,0.183715758026219,0.000329515830258325,0.160063816496883,0.000216353940025004,0.147282977892741,-3.87081456951571e-05,0.139824239018681,0.000313882317627848,0.126806240236263,-0.000442124103313227,0.1221748685833,1.13342688242769e-05,0.129495790600874,-6.98220158700373e-05,0.575133374224701,-2.54654553858276e-05,0.686883873411602,2.46971225397904e-05,0.408714321606144,-5.18079754022432e-05,0.282317627950839,-0.000109232275980049,0.231016069874925,-5.29784274105727e-05,0.194222022952723,3.53999922965132e-05,0.18397449094661,9.09079295926734e-05,0.188803923927262,6.18805994944943e-05,0.169496796137658,-1.62715207944438e-05,0.159404627425553,-0.000127928258971346,0.158680778822683
103-1241-0037,103,1241,0037,unknown,103,0.680821127342986,0.456259938477391,1.29709676787711,3.47158557350109,0.367120776953924,0.474000872157015,0.873259054796488,0.5472240639073,0.173675477848896,0.0630318433795511,3.55664833011509,0.450778976202705,0.549959644874899,0.640061633281972,-4.51180314608744,9.55847491925288,-0.132241975914823,2.33052312415219,-12.1139199080668,-3.38544783337707,2.75231483975486,13.9247194840589,9.99242664083691,0.146763261872328,3.59360317313282,7.89527601270192,12.8236423723295,19.3666643355167,1.08375920548432,0.804415970475929,0.88436643944732,2.95644789689148,0.408281386966513,0.874402606677238,1.58141299223362,0.0219441623317443,0.0117292155957583,0.125123709851885,1.78208684381197,0.00876095118898623,0.0225281602002503,0.0312891113892365,2.35734407688313,0.456513046751839,0.967386093760308,4.90345820907028,2.0019409542191,2.31493361412225,2.62061349154587,0.274334391789428,0.249939011786088,0.851439955432661,2.7191070911161,0.0533693972420967,0.190338366875399,0.453694961255782,3690.90123307886,377.38298063048,0.500639581691943,2.87391769163398,3381.04427637729,3670.45151768876,3938.17395774298,NaN,NaN,NaN,NaN,NaN,NaN,NaN,-2.05937828599895,2.25800024559068,-16.1463451454823,3.10079646590285,1.96384110098039,1.60015234029392,-0.148393229431281,0.984197208747174,0.539098944292207,0.96524177991448,0.162640954817425,0.653650308030385,0.190639266737428,0.552804123098792,-0.207226603266655,0.463858055392418,-0.184622708552855,0.399102514664124,0.142623073734028,0.395903301025959,-0.118019367443264,0.325048609588409,0.0853251765558509,0.273959264337449,0.120077220680351,0.252678803109491,0.0214020950258126,0.217546086331527,0.000918649753266154,0.513650286075662,0.002190610806065,0.766704051500689,-0.00145351572917435,0.389951290914112,0.00074505541898821,0.254990488919731,-3.88611420730813e-05,0.229236198254271,-0.000527012838392064,0.194060296107864,-0.000235152851387499,0.176897977967382,0.000486352700331239,0.182615398986704,-0.000465985543586943,0.154162419569894,-0.000906546922986541,0.139389872827899,0.000269121080565941,0.141256397127107,0.000157289767846184,0.121950223491775,0.000381469169904646,0.121730953633551,-9.21298000087871e-05,0.114202466072587,-3.40097160050521e-05,0.468330758191552,-0.000198275338196192,0.610326297262191,-8.45264278332479e-05,0.326881988659748,-0.00010706790297979,0.236421801267806,7.0925400869938e-05,0.210337488379936,8.00381387365994e-05,0.183570816494367,0.000118085735096708,0.178085702650903,0.000118310256458387,0.187497973024261,0.000106547659100957,0.163876136350937,-0.000109342431830321,0.152979503500893,-0.000130001568316194,0.156608868186515
103-1241-0038,103,1241,0038,unknown,103,0.647513590240097,0.416969221651849,1.27411444083073,3.82321417349581,0.346316639529543,0.480804150796739,0.853057949197609,0.535749962285227,0.17684908205207,0.0916289957907263,3.28955642463669,0.435525412087912,0.53125,0.644797585227273,-2.61366688751875,9.84212243368031,-0.143848268502547,2.13995325176965,-10.4230361771596,-2.20515143434665,5.60763335341541,13.492446092477,9.129477072344,0.374446630432188,3.00943080542279,7.23754185802898,12.2046668396357,19.2511014548166,1.15508273843738,0.886965362213791,0.826920574466631,2.89695238400752,0.403656740591802,0.946924624500023,1.74023589058958,0.0198123746018991,0.0111457983751493,0.45927439718666,2.12200147532399,0.00844806007509387,0.0175219023779725,0.0287859824780976,2.35530605104545,0.480022205932639,0.993872094131475,4.54532209984127,1.9744636445604,2.30750051705635,2.61078400112865,0.288954702797072,0.292145115671395,1.319725294508,4.38933211024651,0.0492516277585101,0.183256344484229,0.448590326437341,3683.39889416526,401.640638790998,0.619725388568645,2.77826290350967,3379.2470084298,3614.35324323825,3961.96898410656,NaN,NaN,NaN,NaN,NaN,NaN,NaN,-2.0759035755389,2.23441929296566,-15.9151997170875,3.23260366565355,1.5546033462432,1.63985762890765,-0.205725267999456,1.0369948487731,0.919640430252981,0.716327611951031,0.107549521141208,0.580022896342543,0.0328956455678126,0.452663630953876,-0.220139150327063,0.431289231857297,-0.02681709285147,0.404742724372615,0.0707137679354553,0.365537056482574,-0.115928966186354,0.281260470967925,0.0454805646758421,0.237939326884515,0.165080045793538,0.25512760307392,-0.014369595781926,0.24378473845113,9.7251181914331e-05,0.560750615528358,0.000483326002933342,0.869405275868269,0.000273390571763786,0.489424651238741,-6.43364034984566e-05,0.305441197015365,-6.23395240960581e-05,0.236095162907088,-0.000253938728443851,0.211121027741677,-5.32316746626845e-05,0.178978666583617,-0.000318127325115916,0.18537598214411,5.50533272456508e-05,0.153936356986111,0.000221055444265411,0.146394204923279,0.000136562433054512,0.129569621581012,-0.000272794611967524,0.120971021287843,-0.000168513260807049,0.128996053791352,3.32734831758883e-05,0.120718023927458,-8.44226194865259e-05,0.538410348700525,-7.79275980709512e-05,0.71169259068625,0.000108595844528895,0.396457166412139,3.08030147759616e-05,0.287919937957954,8.65827386739197e-05,0.220006622274388,-3.28309424387784e-05,0.20788491697354,4.88484141192053e-06,0.18893492036791,3.03014652239677e-05,0.190268092603332,9.26337776376874e-05,0.168872788514734,1.8943053049067e-05,0.160087302729708,-2.38348506889709e-05,0.144633374375583
103-1241-0039,103,1241,0039,unknown,103,0.807104427085886,0.530972173971519,0.861206629238884,2.59828465516552,0.371738607262469,0.59592313392857,1.19515856056955,0.522132653556006,0.191117432649992,0.289752383470797,3.14830140193167,0.403081664098613,0.508474576271186,0.639830508474576,-0.881974180130759,9.62502370683941,-0.0700808876434502,3.0466699869491,-6.90239898886883,-0.148418446444721,5.06822286969635,11.4497324790484,10.593923698606,-0.626967812776941,4.58408985445736,7.56356784117863,11.8349838381561,16.6222760134776,1.10890899067588,0.908091779860698,1.18426239326001,4.01235779073003,0.419783459770973,0.815555845288419,1.61283741739343,0.0184817721966007,0.0117120387566377,0.804939559059629,2.73805248962065,0.00750938673341677,0.0150187734668335,0.0275344180225282,2.33254588793359,0.519212879323223,1.2700231583003,5.9267841403625,1.91323188081775,2.26265560204219,2.61742286482967,0.286853747216117,0.313752511704261,1.33148925078912,4.63569551521059,0.0349927693781449,0.134460595139358,0.497037443455782,3650.43136021304,432.490998942033,0.752927782836214,2.85611940388831,3297.11218924762,3555.73949835617,3932.99575375766,NaN,NaN,NaN,NaN,NaN,NaN,NaN,-2.45062124816028,2.56237104369507,-16.4555393667581,3.90641853113885,1.59709167585763,1.64871989469818,-0.298383725177439,1.14840277125686,0.801889567610448,0.875994394002039,0.0660530032166598,0.586619079808255,0.103193428410075,0.426276220236001,-0.253304451349965,0.439119095656588,-0.0100225687666148,0.362955248674918,0.145274685819916,0.425764029555707,-0.0821588162350379,0.297448955758186,0.102882668973489,0.269414811578723,0.0617931663773069,0.233461526356856,0.0335036610317271,0.251331434255996,-0.00087375529499499,0.563939296469946,-0.00327852409243519,0.784017765072704,0.0011649172745312,0.449044821854625,0.000781176263032997,0.297188474278024,-0.000919152860696519,0.242509341145701,0.00067660054293631,0.196845500242469,0.000230604763561003,0.17295554358682,0.000381515398941586,0.177797530493956,-0.000213788449646169,0.151644025272966,6.27070672353584e-05,0.143092023094389,0.000162598960769562,0.128505275457404,2.39083461974839e-06,0.120785575420434,-0.000121966975035131,0.117730774595329,-0.000356182838902425,0.124353021122271,0.000156221131316029,0.56795576307549,-4.01453435595871e-05,0.619988248014216,-6.36680926739854e-05,0.374786411966052,-3.95020583091895e-05,0.268642023095438,-6.03736514822903e-05,0.214693357861996,3.51004750397881e-06,0.195673585262868,8.52683157651539e-05,0.186926327481527,0.000206023780322154,0.184451323657981,1.95521814753231e-05,0.169592119200501,2.28687009332999e-05,0.159296018255112,-0.000108519584105688,0.148186212350117
103-1241-0040,103,1241,0040,unknown,103,0.976922581217903,0.686404464082945,0.828688883584179,2.18984698970815,0.431996672929333,0.625405171759841,1.6002886013998,0.552661975161276,0.191345700721076,0.236740585464775,3.06438640920171,0.431372549019608,0.535947712418301,0.661872441284206,-3.50217757752403,9.39314309407927,-0.226632178913714,3.2070538315774,-8.68755250097898,-2.45357527287925,1.92133372002497,14.4308876283222,10.6650249978752,-0.528233752439305,4.03821434504949,10.0414642034013,15.1018882037059,19.9671897307616,1.15694810286584,0.997679711935372,1.18158088179953,3.75910942656003,0.375607926555844,0.777268652113389,1.74831353993087,0.0202855461612315,0.0130267309874187,0.586139791426303,2.16450580655269,0.00750938673341677,0.0175219023779725,0.0312891113892365,2.3091054430065,0.522981960110639,1.24252349735438,5.11026325626356,1.8804083155872,2.23284015846601,2.59351946178837,0.299765730828109,0.333680612516976,1.26978578094672,3.88232729315461,0.0308525503842295,0.143884790626009,0.509443336120216,3679.29826744593,418.305180400335,0.63795228368744,2.86576390932653,3333.44197001314,3617.28986650625,3964.37674621963,NaN,NaN,NaN,NaN,NaN,NaN,NaN,-2.5460471288964,2.80979785956433,-16.7824010041619,3.99640903420275,1.75096138781452,1.5104283037731,-0.273552160966524,0.987215743967208,0.837699274464584,0.850393316258482,0.0538946073099454,0.649873903631635,0.0850870893998634,0.474369099003817,-0.222393890031788,0.42437828257861,-0.00275616860190388,0.404507764638708,0.126500251653242,0.388118769942589,-0.0808346610067352,0.269173950992587,0.0568778449504831,0.269618591042956,0.0557802145433542,0.255272893716077,-0.00298787851361852,0.25479981589142,-0.00191215273273729,0.529086945692452,-0.00304424452436365,0.793639999992563,0.000723234797233968,0.437826295932568,0.000532971573180202,0.285938091808877,-0.00102086807387261,0.238833261861485,0.000530870443070588,0.205316595538523,0.000791965872240535,0.181360624232633,0.000116739318765794,0.186674587599172,0.000150907508793123,0.150171010322599,-0.000203362825540052,0.144413617940983,0.000229234872751274,0.124348338731716,-6.74012754845813e-05,0.120848725493921,0.000137895333901373,0.118938961419078,-0.000100227473756905,0.118399052858479,0.000114841647973493,0.514901974620669,-0.000109721404191546,0.609502504126224,2.59446674487091e-06,0.365172941830053,-2.67300432117293e-05,0.263819205683642,-0.00011386380944919,0.22836412706818,4.38886201558117e-05,0.206429982244336,0.000103779066361661,0.191817415980256,0.000106496182366169,0.189098499324115,-6.85068631078146e-05,0.162843266256281,0.000144493057480695,0.15741803470054,3.95575321493855e-05,0.140958768477325
103-1241-0041,103,1241,0041,unknown,103,0.747080482608731,0.476741201878073,0.989285887125977,2.82416197055456,0.37966444964486,0.528564620379276,1.0717632959434,0.529129558595238,0.18871865983443,0.210206562717307,2.94196592834511,0.407103825136612,0.524590163934426,0.651639344262295,1.35951060036161,9.12453253885462,-0.301388162693535,3.16752644960618,-4.04860877779946,2.42865462062385,7.27014956603778,8.53126074763594,10.2014387998822,-0.235124070789602,3.98807907370309,3.66848315972146,8.6827684040835,14.1473626187352,1.2803361887159,1.20843142977821,1.93859418351779,8.72186257556309,0.392863731284046,0.903989803467669,1.72373736886132,0.019345906301452,0.0121490730491197,0.797753210863703,2.66326530521477,0.00750938673341677,0.0156445556946183,0.0275344180225282,2.38003078257759,0.516124262363313,0.913512401017719,4.08029849861143,1.93138009410054,2.34601101144587,2.66286850838794,0.315169902338156,0.3837980449921,2.42364916858278,12.7499227273557,0.0553460721752761,0.156275113397357,0.453499961968232,3683.36551681895,392.373981113668,0.567091504641698,2.80109449427828,3375.83516056704,3626.98836504,3960.31734872177,NaN,NaN,NaN,NaN,NaN,NaN,NaN,-2.13201223830729,2.36707527201342,-16.2056879569329,3.29136360119815,1.87579355536311,1.75121846833476,-0.0260257977209162,0.929914372657376,0.692096333097361,0.852160703386906,0.16594194676367,0.62952372807313,0.127941641827528,0.499815042108894,-0.298670797112587,0.45946400832422,-0.184896675202449,0.374324032946322,0.0788123782904998,0.422817529566401,-0.11986433082114,0.333235487195191,0.020672075970932,0.272546944498958,0.13089380697723,0.234864362464278,0.00716712104230445,0.235429737950943,-0.000845890959796137,0.561148888401029,-0.000193644590388909,0.861220961889429,-0.000617441490053726,0.483751908042495,8.92258540531854e-05,0.282405803916657,0.000295777969783111,0.247790335504511,-0.000657773790940841,0.206394740006664,3.80847663860383e-05,0.187411644956001,0.000308474119038565,0.192570634753158,-0.000169411795067991,0.15404564032917,0.000163156909977993,0.153516313845706,0.00013791509147971,0.139456685762902,1.58513359172127e-05,0.127135316032395,0.000132857075202629,0.126265417532156,8.34754911281989e-05,0.120662483810945,-0.000100888753275075,0.529377316218109,0.000327278180652565,0.697076857358456,-7.97933127346865e-05,0.396415559879741,5.14701959209916e-05,0.266523140950821,0.000187199726253682,0.222848715400789,-0.000103372345006393,0.202714806292359,2.57188269728187e-05,0.190029747428131,-6.38656218704388e-05,0.191182393912074,-9.3891898938176e-05,0.172285234366727,-6.58791359634109e-05,0.162182911045352,-0.000113995390493177,0.152131348449595
103-1241-0042,103,1241,0042,unknown,103,0.547849702494069,0.329965197431396,1.0477433830797,3.06619464737302,0.294691585065954,0.403223484854281,0.768086370728435,0.493310328209702,0.161783473683419,0.245622770759379,3.15187269613989,0.379647749510763,0.491704718417047,0.602739726027397,-2.02068263974443,7.21939594099336,-0.319867449212435,2.99075411017344,-6.66909128694063,-1.32088108173457,3.11786682288754,10.3193006761743,8.50550427584648,0.488936163093559,3.48699407940782,4.71567787560278,9.09392374945017,15.2539188529826,1.23341937260526,0.991498640539315,1.31393285535121,4.89980160892599,0.473502845617995,0.918188893627053,1.82090428031991,0.0206179237712172,0.0120878282414895,0.626928516237339,2.53847167244572,0.00750938673341677,0.0187734668335419,0.0287859824780976,2.46799989516905,0.552547789849525,0.891027532427069,4.27685680389685,1.99958854136194,2.44094393529996,2.78084882464925,0.328307965435963,0.331526750022634,1.33507118691188,4.81878902813303,0.063061211318805,0.187643190336949,0.534098414856913,3684.78527210394,416.328127955013,0.680943014119849,2.78977092263247,3347.55560657517,3603.73247311317,3969.57120164724,NaN,NaN,NaN,NaN,NaN,NaN,NaN,-1.93009116364541,2.13760554204537,-15.661918722429,3.07606924256425,1.76783079058841,1.60277850555699,-0.159458846925195,0.978263479221921,0.924604619339543,0.881952185624612,0.145985610321488,0.623929532137276,0.060973970617558,0.498516375893584,-0.270366314983689,0.448806824478278,-0.199074291859215,0.375377713777303,0.0326009755481684,0.398254598026547,-0.181020002266653,0.312626487803588,0.00501301631767677,0.249575341989503,0.10684712948046,0.234562869726396,-0.00829757318823813,0.226338501099766,0.00200350998327928,0.600697601978003,0.00421862847123491,0.855208448370973,-0.000890573879863946,0.45745678971745,-0.000853874929667045,0.277803280493812,-0.000578608020755383,0.247834752973617,0.00046020676553368,0.21343796473436,-0.000654521361483087,0.18026324969863,-0.00064165334071688,0.180347713666101,0.000372989082624906,0.146160595356504,-0.000440384740925833,0.147791788994011,-0.000530500315560848,0.141973643642906,0.000253265980010644,0.121764216923542,7.93301829117222e-05,0.117136526242068,0.000127324383970868,0.111179487109162,7.84918635542922e-05,0.564250443601078,1.95508340846136e-05,0.664456746700488,1.67586040324275e-06,0.394825760128064,0.000142123583102884,0.26076681222199,-8.46327573404629e-06,0.224075084074239,1.80459754830034e-05,0.211469854377977,-5.7582359028522e-05,0.182919699185815,-9.09869423240756e-05,0.176709346600487,-5.04036972355726e-05,0.160027922734833,-2.71392229258708e-05,0.158599803206213,9.84043294749414e-06,0.157122462123419
103-1241-0043,103,1241,0043,unknown,103,0.568238109139572,0.329450525372177,1.07217372656439,3.0923129689774,0.31865740830272,0.424507363525267,0.779336326024969,0.522949082637518,0.177374928948974,0.0684216566967411,3.21055041108962,0.418108974358974,0.514903846153846,0.644970414201183,-2.01469466560076,9.23209320987655,0.0117603835821505,2.22286858818268,-9.60142831177478,-1.6412880564373,5.60538440542918,11.5179811927778,9.8615975206357,0.0680313621887731,3.54377443175126,5.31992547209268,10.8548963871995,17.6655090590377,1.09353562434964,0.908168756244431,1.32943385180429,4.09766286605164,0.466242991684361,0.771066977215252,1.45256288973356,0.021155618512596,0.0119562081773482,0.518747199470028,2.21710619080058,0.0100125156445557,0.0200250312891114,0.0300375469336671,2.51433685606607,0.564460283723897,0.914895534601259,3.79528189289391,2.06936761579378,2.43708440280614,2.80033833791533,0.286393618845216,0.283135908248629,1.25596684284895,3.68296779174452,0.0737123475675563,0.166826869972089,0.442923771389397,3700.3834623778,423.331357210048,0.78579876439557,3.04518156917393,3360.42770789221,3603.3708065893,3986.568417215,NaN,NaN,NaN,NaN,NaN,NaN,NaN,-1.81040877294477,1.79334146315688,-15.788238408705,2.28061192230508,1.73974982982584,1.8758926481389,0.0272457146140743,0.999374158072657,0.858738599334626,0.832019463333152,0.255900437617914,0.545365899487957,0.11847815371389,0.481949987200936,-0.276996437745922,0.426886077733997,-0.174687979276287,0.389396179179802,0.0311604972124714,0.399615395845685,-0.197552181617424,0.341113465281193,-0.0584473247725602,0.231299852490403,0.14428989662192,0.241357747868159,-0.104736573806245,0.214923042950512,-4.19417588152229e-05,0.646486976113049,0.000231661456475171,0.88845026374,0.000185728024643297,0.538792296710467,0.000309018985923707,0.291359427098187,-0.000784831696735997,0.274067680697604,-0.00021963788838566,0.208706748781246,-0.000293838480315194,0.186218834417814,-5.58959467850073e-05,0.190493957147556,-1.86512729908329e-05,0.161366058427635,-0.000209842864040094,0.146928004761859,0.000294785210305852,0.138938879953898,6.01375858939732e-05,0.129029645622254,-0.00068153287280714,0.111681762675577,-0.000244007117789495,0.119935146944416,0.000258648996919874,0.640261436778976,1.07801287495173e-05,0.722613417262945,0.000315428695498823,0.460736660752267,0.000374389653367706,0.272014635592798,0.00018746310396012,0.244401110645408,0.000248116624366119,0.220598286982278,-0.000279324138507242,0.196478768119034,-0.000203548728407846,0.190739693815277,-8.28856550465874e-05,0.169548574059706,-0.000295873924734278,0.158951583055561,0.000249795398227767,0.153504206393232
