file_name,speaker,chapter,utterance,label,task,NAQ_mean,NAQ_std,NAQ_skewness,NAQ_kurtosis,NAQ_q25,NAQ_q50,NAQ_q75,QOQ_mean,QOQ_std,QOQ_skewness,QOQ_kurtosis,QOQ_q25,QOQ_q50,QOQ_q75,HRF_mean,HRF_std,HRF_skewness,HRF_kurtosis,HRF_q25,HRF_q50,HRF_q75,H1H2_mean,H1H2_std,H1H2_skewness,H1H2_kurtosis,H1H2_q25,H1H2_q50,H1H2_q75,G_RMS_mean,G_RMS_std,G_RMS_skewness,G_RMS_kurtosis,G_RMS_q25,G_RMS_q50,G_RMS_q75,G_ZCR_mean,G_ZCR_std,G_ZCR_skewness,G_ZCR_kurtosis,G_ZCR_q25,G_ZCR_q50,G_ZCR_q75,G_CREST_mean,G_CREST_std,G_CREST_skewness,G_CREST_kurtosis,G_CREST_q25,G_CREST_q50,G_CREST_q75,DG_PEAK_mean,DG_PEAK_std,DG_PEAK_skewness,DG_PEAK_kurtosis,DG_PEAK_q25,DG_PEAK_q50,DG_PEAK_q75,RES_RMS_mean,RES_RMS_std,RES_RMS_skewness,RES_RMS_kurtosis,RES_RMS_q25,RES_RMS_q50,RES_RMS_q75,RES_LEN_RATIO_mean,RES_LEN_RATIO_std,RES_LEN_RATIO_skewness,RES_LEN_RATIO_kurtosis,RES_LEN_RATIO_q25,RES_LEN_RATIO_q50,RES_LEN_RATIO_q75,mfcc_1_mean,mfcc_1_std,mfcc_2_mean,mfcc_2_std,mfcc_3_mean,mfcc_3_std,mfcc_4_mean,mfcc_4_std,mfcc_5_mean,mfcc_5_std,mfcc_6_mean,mfcc_6_std,mfcc_7_mean,mfcc_7_std,mfcc_8_mean,mfcc_8_std,mfcc_9_mean,mfcc_9_std,mfcc_10_mean,mfcc_10_std,mfcc_11_mean,mfcc_11_std,mfcc_12_mean,mfcc_12_std,mfcc_13_mean,mfcc_13_std,mfcc_14_mean,mfcc_14_std,mfcc_15_mean,mfcc_15_std,mfcc_16_mean,mfcc_16_std,mfcc_17_mean,mfcc_17_std,mfcc_18_mean,mfcc_18_std,mfcc_19_mean,mfcc_19_std,mfcc_20_mean,mfcc_20_std,mfcc_21_mean,mfcc_21_std,mfcc_22_mean,mfcc_22_std,mfcc_23_mean,mfcc_23_std,mfcc_24_mean,mfcc_24_std,mfcc_25_mean,mfcc_25_std,mfcc_26_mean,mfcc_26_std,mfcc_27_mean,mfcc_27_std,mfcc_28_mean,mfcc_28_std,mfcc_29_mean,mfcc_29_std,mfcc_30_mean,mfcc_30_std,mfcc_31_mean,mfcc_31_std,mfcc_32_mean,mfcc_32_std,mfcc_33_mean,mfcc_33_std,mfcc_34_mean,mfcc_34_std,mfcc_35_mean,mfcc_35_std,mfcc_36_mean,mfcc_36_std,mfcc_37_mean,mfcc_37_std,mfcc_38_mean,mfcc_38_std,mfcc_39_mean,mfcc_39_std
1034-121119-0000,1034,121119,0000,unknown,1034,0.361168373361469,0.208470555176164,0.110077575698275,2.09513749094604,0.149187442074381,0.405484997659446,0.527952827327202,0.510901902770348,0.194869577697598,0.699896152715056,3.02998060669596,0.364098837209302,0.48578811369509,0.631782945736434,-1.52029134392764,6.67822447812434,1.45780306377718,7.80925320510492,-5.45569128307871,-2.03892410851383,1.34375350389323,11.0398381250678,6.89582388712411,0.585112382780486,4.53892360542239,7.02648801913218,10.5954154189357,14.730438849569,0.689385321181049,2.62778816257143,8.3452622443255,85.8316589453598,0.0895728601532316,0.149786250187247,0.316239590787496,0.0134203514290692,0.00676551913107093,2.19047033421785,10.1286459808734,0.00876095118898623,0.0112640801001252,0.0150187734668335,2.40267591363319,0.466492941442542,1.7273958839583,7.21086208132536,2.08979794358142,2.31023062666968,2.58118754789792,0.131161586186779,0.405329654024313,8.5697343069748,96.0057630303383,0.00910603966122773,0.0295895194047625,0.102083241289273,0.00862356821812303,0.0260008442665896,5.75792750006549,42.1551664723218,0.000127022344631625,0.000235917457665916,0.00592069396681859,NaN,NaN,NaN,NaN,NaN,NaN,NaN,-2.54348808659294,3.77260492322662,-16.0090084832618,3.69339326197186,2.95636509750067,1.36916896066495,-0.230298179899111,0.64091860416873,0.70959872201551,0.802427857774599,-0.127589877108358,0.588615050033911,0.0633132913511677,0.347669284453343,-0.00464412233595638,0.324611068602901,0.120217822127629,0.281015625885422,0.114153538586626,0.269258155224234,-0.110706162700552,0.26793741341085,0.0408105517252768,0.216328290138583,0.0462318012071406,0.192225410921095,-0.000746551020666983,0.192303304514204,0.000993103545970303,0.399029921988728,0.00161722008623732,0.463588880501423,6.90498869516419e-06,0.271084513341107,-0.000596241547284129,0.19464365775494,0.000326165820403116,0.18981753802123,-0.000190198984541161,0.15018150698361,9.51686069365747e-05,0.126664325346249,-0.000817784099421143,0.131162737526348,-0.000462879383831589,0.123316478563916,0.000344089389895016,0.11227392152449,-0.000437742624713886,0.117664323976498,-0.000525737861754241,0.113419092492087,-0.000130848838258544,0.107204577909605,1.70922368116804e-05,0.104729457051729,0.000178380737239126,0.390749898917599,4.32686901580816e-06,0.397631475870858,-0.000117659463606494,0.276452233150232,5.84569962561662e-06,0.214786613712667,-0.000134304113202566,0.19274846312813,-8.43603501686286e-05,0.162496717629028,2.63837261869318e-05,0.15023875750844,-0.000233043480276622,0.146030573697947,-9.66424213192574e-06,0.137743473135885,0.000292604372500538,0.13165913792828,-8.70919282289549e-05,0.13980353535906
1034-121119-0001,1034,121119,0001,unknown,1034,0.273160299797546,0.193782111833069,1.01072343939533,3.29338496980799,0.130456466121379,0.190195522685899,0.414007107618212,0.437438705397422,0.157072672366242,1.44926103148443,5.42910717079546,0.33739837398374,0.397018970189702,0.495934959349593,-3.43728181951348,6.18245073749095,-0.0173653965912812,3.89477098605835,-7.06935392271259,-3.29163283302085,0.27651863580366,12.9511957637213,7.74908510436172,0.368269960259296,3.47762200398235,8.17964232691154,12.1202233404532,17.1352761623884,0.568954864843254,1.16805375860922,9.03133867865711,124.508443834567,0.117533475824736,0.227333584710891,0.569204342457778,0.0157562524477479,0.00728272391517892,1.89828791247628,8.55751705423886,0.0112640801001252,0.0137672090112641,0.0187734668335419,2.5553533033283,0.568423726867043,1.81963086800932,8.62410161729306,2.1926781471043,2.40947208528591,2.76775367464213,0.150938008470866,0.385107715227458,17.877782784626,433.335501461249,0.0366436623483914,0.0778786747669473,0.165017313812218,0.00799314126525342,0.0166635884725944,6.6110577538908,65.064750453143,0.000718912410439325,0.0030450932885231,0.00846488087056521,NaN,NaN,NaN,NaN,NaN,NaN,NaN,-0.453209065593429,2.89394653725117,-13.9429064970434,2.89281390062733,3.46896247163282,1.46967189349419,-0.457028816370861,0.789290991927971,0.988773136798471,0.888434498100338,-0.0266142948249281,0.552401272871291,0.0978143397017078,0.403062184643934,-0.199981491542513,0.395295989368669,0.0423340732938646,0.350201571776673,0.205893732294326,0.330146608329595,-0.249978893800341,0.292653065890676,0.029369740652195,0.249174626399643,0.0597463937462413,0.228374970492448,-0.007373845449261,0.21032191741206,0.000272875906858154,0.589437916547146,0.000584134999160724,0.764897432969323,1.90779277778292e-05,0.390735661033014,-0.000107296104868725,0.253835441671723,0.000148942027699693,0.244005147795472,-0.000122327248243009,0.196625102925803,-2.60221423704344e-05,0.142542119480766,0.000145492260428866,0.140371932348116,0.000188071168867503,0.144093032003731,0.000202005038337946,0.13137286905448,-8.06658932731689e-05,0.131267198256803,-7.10649977612075e-05,0.122428794222394,-8.76585086314355e-05,0.11474190914772,-0.000203540005933497,0.107445091411255,-9.12202391992573e-05,0.515144033562438,-0.000116563766646869,0.607958251612733,-9.00506310287913e-05,0.34542027693634,3.40598643018053e-05,0.265193062949664,8.11625303264628e-05,0.244242049564012,-7.13012690402642e-05,0.206999399432154,6.22611468672006e-05,0.153436708876736,0.000156339832774633,0.159981400469302,2.36213544546668e-05,0.149494858804319,-4.79423506063023e-05,0.149298379910786,-7.53261523663406e-07,0.144944008067463
1034-121119-0002,1034,121119,0002,unknown,1034,0.25827681779028,0.182983866939205,1.01819220089827,3.31269927308775,0.123741730341592,0.185205423081079,0.373708477563617,0.431202611248929,0.164487471779073,1.40572851191283,5.02789154329717,0.3195,0.386,0.501066666666667,-2.54654340261746,6.72171742490885,1.03472750054394,6.69109916862803,-6.52260907594779,-2.98416876321616,0.72051576576871,12.58964979967,7.04874638002192,0.70618592778336,4.06576411803618,7.79366534116461,11.5138261325887,16.3449276345255,0.647690894133061,2.59973533269032,17.4690876665457,425.303886067058,0.106292800844453,0.189719950885523,0.468760978536648,0.0169769436860014,0.00731430548739112,1.73846856875047,8.0782669836623,0.0125156445556946,0.0150187734668335,0.0200250312891114,2.61730189384149,0.600126250542412,1.53583274995628,6.82156674325659,2.20656542032139,2.46934799436613,2.88379123008523,0.174559860437714,0.502975860190558,10.5404331229553,144.534639598004,0.0308383350025992,0.0720888345578553,0.158641611742398,0.00936382922721217,0.0162764501401789,4.13754239581265,30.2455841771074,0.000615228186339679,0.00338861838542692,0.00998153948004669,NaN,NaN,NaN,NaN,NaN,NaN,NaN,-0.378656432181062,2.9879408467079,-13.9382938394331,2.93028195827907,3.45348306950484,1.65926208128504,-0.41936027795604,0.768130264296907,0.913231028175551,0.941493584133225,0.0797701843999364,0.555283660516035,0.170554672567148,0.440647606162151,-0.228900958762007,0.442360839786878,-0.00618439093180163,0.376410828379868,0.174180249577351,0.314835218108553,-0.270486773175076,0.281820599062466,0.0119569068713987,0.255787843332711,0.0748895094784371,0.236272187926555,-0.0231865228564549,0.20421172089893,3.20635126160385e-05,0.540461431946253,-7.49713750062022e-05,0.738284898128615,0.0001459600395974,0.416133376211093,0.000228744694055741,0.282999467027502,4.08196418016642e-05,0.263575735316962,9.10286088977988e-05,0.196674026060162,6.61509859685931e-05,0.159399586875301,-8.91153835734291e-06,0.150210687435105,3.12085439073112e-05,0.148755922040378,4.25625843250743e-05,0.140370554984539,7.93579692160916e-05,0.131569353484926,-0.000121858622841042,0.121359118162596,-0.000127134753160962,0.116193182036033,-7.67370984268259e-05,0.106204316382877,1.68775425945515e-05,0.458347229822764,4.33964239677346e-05,0.61113268635305,0.000103967934089759,0.389370560302706,6.25210878970587e-05,0.306425648349101,4.61892224860437e-05,0.261277410231782,-0.000105202677887091,0.207382713214478,-0.000117736432691696,0.174087409238256,-3.93408211919538e-05,0.161602931877287,4.74336969804177e-05,0.155473819133408,0.000125467270540862,0.161032808545581,3.27714093533841e-05,0.156713956688361
1034-121119-0003,1034,121119,0003,unknown,1034,0.32148642063543,0.224082757908876,0.862573246487714,3.11275750746802,0.142804641807399,0.223063326264632,0.494188834477262,0.47213096067822,0.173465389666677,1.19445649377523,4.23638621498733,0.351612903225806,0.420161290322581,0.55241935483871,-2.95389998441243,6.13179550444038,-0.176251548128384,3.56584673036502,-6.56071972143847,-2.94957810528684,0.888139187463605,11.9344448296645,7.75174713041809,0.313198517389669,3.14241255685639,7.22592725254579,11.2965067165831,16.5265734354728,0.637661075472434,2.43419619860769,18.5273330390896,419.212368211945,0.10241319401949,0.198937917142526,0.505048404199277,0.014183808745417,0.00650823780984374,1.84345607583305,9.30718467309148,0.0100125156445557,0.0125156445556946,0.016270337922403,2.50480098860298,0.540221505843945,1.39199339912553,5.30710468769107,2.12956400591134,2.3736936487694,2.73852924544412,0.141091386119268,0.418642573060713,16.1134680301457,338.882556547773,0.0222850372091982,0.056742650495517,0.137199404481691,0.00662615269988527,0.0156931076484799,5.85017263486919,49.3170826809157,0.000191123934713839,0.00179733069035517,0.00567974913078544,NaN,NaN,NaN,NaN,NaN,NaN,NaN,-1.34114920503738,3.25130745349802,-14.9587990090766,3.20025966932389,3.25737196086797,1.47589791398101,-0.277199128529807,0.697274938662903,0.896782315634627,0.892367574371667,-0.0445199273169683,0.549738026101657,0.140186253793047,0.412274495218528,-0.130959468551928,0.336466805604297,0.0546374009678565,0.337538808439191,0.138975566427126,0.253040182989116,-0.163998736433645,0.260152710041244,0.0471343664234596,0.247423659204964,0.0404007257605397,0.220917415874937,0.0194218739481116,0.214775755937293,0.000403499412484471,0.510871440817437,0.000700966150492883,0.65600921421695,0.000252960564799064,0.391628485947321,-0.000297469418820506,0.245043568895335,-6.42313236988081e-05,0.223697292181977,6.76023023105512e-05,0.193085248603741,0.00014592297206342,0.157757422714983,-6.06938452522092e-05,0.138702646216047,-8.21498389591681e-05,0.142954784813257,1.39232132169335e-05,0.12085279105828,-0.000234592292745777,0.119513032226904,7.23757247646169e-05,0.116594902598568,6.34253761509999e-05,0.11090957975762,3.45809184058031e-05,0.103073815271909,6.62938747652262e-05,0.440093805790344,0.000115120355379937,0.539943193998367,3.04690475238216e-05,0.336987994541037,-0.000124495076959835,0.253178368562186,4.04966546596352e-05,0.218733283668328,0.000111828764292373,0.198506643841104,1.76770724036739e-05,0.170902654749435,-7.12473691336807e-06,0.15522077745871,-8.53707103139011e-06,0.148074427142264,3.17409715157771e-05,0.143573706517299,-3.79982885811083e-05,0.140506512753116
1034-121119-0004,1034,121119,0004,unknown,1034,0.285702268747851,0.202198175556866,1.0866621714471,4.01238656407212,0.13808597313409,0.195691715856438,0.446529696573458,0.458514540060666,0.165702182843755,1.34582060557375,4.94262158690491,0.344761904761905,0.411666666666667,0.530555555555556,-2.47400572928785,5.58740113264327,0.180168434916315,3.34570684336326,-6.23062036783417,-2.65754638291463,1.13913820503142,11.5197373829909,6.75499330122909,0.339751794028199,3.46335573601431,7.1845845827683,10.7997825289039,15.6184466867623,0.513445650530787,1.8391923901816,20.3724540535189,514.425320154391,0.103947523038117,0.205989415015089,0.460050130011012,0.0143970902492745,0.00619347566474391,2.43020901391162,16.1015241065414,0.0100125156445557,0.0137672090112641,0.016270337922403,2.63005120064804,0.651150447523266,1.46351013483753,5.63101486188922,2.19909464417176,2.4399575450063,2.91342112356724,0.13461863071415,0.4509586492794,19.9148153822385,487.565342086964,0.0313141436349235,0.0681787338231283,0.133403523789988,0.00802280137950516,0.0153073590292139,4.02048828140444,22.6393504125221,0.000692206693937954,0.0026767636089522,0.00796602821845732,NaN,NaN,NaN,NaN,NaN,NaN,NaN,-0.622476744971265,2.83397596804032,-14.2001258930509,2.72892622161608,3.37127260243667,1.78482616167843,-0.257490869790392,0.733331559853522,0.888383165503156,0.878197964714883,-0.0187584336640736,0.652079790814357,0.0956349378697728,0.488130315630958,-0.273996168357991,0.374786182731499,-0.00422166515224644,0.385907805875961,0.180443654144282,0.309944216612349,-0.253780309873562,0.27372131648677,0.0117424795722595,0.270142879193668,0.0492857707044795,0.242351700032413,-0.0325290685677283,0.218963313907443,-0.000811818474670865,0.556558794467878,-0.000688380190287655,0.700150640831327,-4.78262025527278e-05,0.443737542106361,0.000349462027580769,0.256839653979019,-0.000248319487219627,0.237765600883129,-0.000316491269111104,0.196438492109517,-7.6461705294554e-05,0.165321944517975,0.000136228932404741,0.145745555874968,-0.00016996932713254,0.147686620993664,-0.000127176563658323,0.137322850261815,0.000366994550130605,0.124579730489669,0.00036816931931163,0.12182918183086,0.000216211391365733,0.108147579144765,8.12978047469641e-05,0.108418125981573,1.71837850404528e-05,0.548151843130182,2.14075403520285e-05,0.601510164136841,0.00020481852694975,0.353075639702435,0.000220287726649991,0.279614577281119,-3.44527846535294e-05,0.23383132941804,0.000127058130196282,0.203148849180684,7.0950260924109e-05,0.177265873336183,8.73003752130827e-05,0.159642492488283,7.40649880249779e-05,0.155592066120755,0.000156189039003485,0.152104689770446,1.69284946770759e-05,0.14400198019705
1034-121119-0005,1034,121119,0005,unknown,1034,0.218743912214037,0.148061230678826,1.2934521807692,4.4252913674647,0.116995299156173,0.159284875135381,0.303197273606811,0.406956652206257,0.145273523762388,1.80910094309204,7.11984249028885,0.320092592592593,0.37037037037037,0.444444444444444,-3.14305919408899,5.36150693813716,0.1113333223097,3.61529523026172,-6.45296472781449,-3.30357148261306,-0.129909972852526,13.4525276183569,7.28117501079243,0.519190910662307,3.25457867274183,8.46354465723533,12.3372347963345,17.6336529210279,0.591984824444421,1.56139541652773,10.6611992610023,147.691660505654,0.130613776278742,0.238226398846766,0.567720437749855,0.0156392871819428,0.00665240227755926,2.13434039656145,11.1789735869356,0.0112640801001252,0.0137672090112641,0.0175219023779725,2.58528576377404,0.581989265431322,1.646800697539,6.67121239386818,2.19552745013191,2.41780800350647,2.82988382416726,0.157319158501421,0.393795586080247,13.0850450807826,233.147615391243,0.0420463758735148,0.079211976143592,0.154484459006023,0.00853095570720535,0.0133058498242987,3.68307450738843,22.8223279618919,0.00133341107856302,0.0037703317312103,0.00991154523318533,NaN,NaN,NaN,NaN,NaN,NaN,NaN,-0.112646948217471,2.36576867543335,-13.498743579023,2.52101269260261,3.55388276610497,1.57499634421533,-0.418588260144048,0.767829243459602,0.965619136028577,0.869122655535071,-0.0753062663060543,0.587107851336288,0.0977139777056836,0.439736016204863,-0.181804907953383,0.341456202259302,-0.00499658914743939,0.347099230240005,0.168822294085079,0.293170448694781,-0.260141732084062,0.279225735560985,0.0480936962991666,0.266637296020738,0.0559654368035895,0.264460715894614,-0.0560055318165203,0.248344739286125,0.000993445821717222,0.565373384872929,0.00234878361376166,0.759110549246799,-0.00105845735171963,0.424915650160296,-0.000655510048893273,0.280785464379605,0.000175423121087162,0.255572338846638,-0.000425697598879544,0.201527007670808,2.07735323917715e-06,0.160091602611453,-0.000305576459890233,0.150148783147833,0.00012549901226161,0.15699506583143,-8.37630608799259e-05,0.135262191951603,0.000152359005439542,0.129166947180496,0.000159068312896577,0.122326429544603,4.02696734151119e-05,0.115856043300018,-0.000274935145136918,0.108279962356583,9.59133204373298e-05,0.551198950347984,7.79925571449371e-05,0.607259993642447,-0.000119439455540583,0.350232088136631,-4.12693610244477e-05,0.288069610065509,0.000105664421161513,0.243162117458915,-4.50033847875968e-05,0.203845752607789,-1.70575759929229e-05,0.165174808989593,-3.57731865384362e-05,0.157906002514227,-6.1209417846156e-05,0.161456174821542,1.04500004520454e-05,0.149081871243897,1.44491076711295e-05,0.141709261894993
1034-121119-0006,1034,121119,0006,unknown,1034,0.234767212984165,0.159227094025835,1.42302842241544,4.96603477257722,0.128286009339248,0.185469779430181,0.297523449430586,0.424050807035726,0.144058139106273,1.26485025848085,5.21377166755931,0.321428571428571,0.395238095238095,0.492063492063492,-2.08828783312576,7.29007571251032,1.29503647056751,7.41139445195409,-6.20580904867753,-2.94789612354657,0.899743934264325,11.3479306118909,7.37336554022094,0.222104474523858,4.03259782725641,7.13074226293551,10.7347526801868,15.1744267947831,0.507791230541347,2.05495322788536,13.7676007184785,213.383356832212,0.082478534807757,0.160450130446406,0.394858569887154,0.0168795223419956,0.00766610518024306,2.35164516401796,12.8475794784861,0.0125156445556946,0.0150187734668335,0.0187734668335419,2.60415234964354,0.58738724682635,1.53305680266865,6.11821300936469,2.21931948712201,2.4640832025166,2.83702216828922,0.125464318840859,0.386769652467012,13.654468570299,233.145376126409,0.027081546813959,0.0585192948956688,0.113180370632793,0.00451935637233711,0.00674958180699542,2.63994589256137,10.9069384063851,0.000591478006126004,0.00182940123423921,0.00502225420794442,NaN,NaN,NaN,NaN,NaN,NaN,NaN,-0.798109983554829,2.66239852008843,-14.7175467758684,2.53052982492059,3.3491444312988,1.57929697211581,-0.249751319794847,0.733212776426588,1.12253379562722,1.02776463682737,0.0816842907442776,0.549053626436877,0.177775636916247,0.443850287274222,-0.169428116153976,0.476608623574225,0.00731648424044647,0.368901755528327,0.191725126678945,0.3161812220803,-0.270627149791296,0.291390959030191,0.0181370053128908,0.28376275088201,-0.00624479078611242,0.250475379754988,-0.0546163836759824,0.216570900311895,0.000266020468525325,0.540141316252793,0.00105408903524215,0.690396011644402,0.00047014953479754,0.411147092253258,-0.000470509877603572,0.266631376962135,-3.80977050712669e-05,0.259183814121122,-0.0001280900646866,0.197405958029771,9.98631286850989e-05,0.155392130688022,-0.000142619684331614,0.14786541380084,0.000139873635895376,0.147683436054642,0.000372448687900937,0.132957663342732,-0.000138551461089111,0.127635801631495,5.03077633428619e-05,0.124622333566147,-5.89094551243176e-05,0.116967625475384,-0.000176533889880933,0.101162005708222,3.80816486596845e-05,0.47305296872096,0.000175649430406961,0.561733441638702,5.74899422368195e-05,0.361504345567131,-0.000205668368573612,0.28702131955807,-0.00013877768195158,0.250888398507817,0.000100733916215118,0.206736335885512,-4.97351118365879e-05,0.165597458968035,-0.000141612214669344,0.15942244378938,-1.44948767309276e-05,0.150300138268619,7.35975901894543e-05,0.152699719141927,9.61021161348731e-05,0.145788236296828
1034-121119-0007,1034,121119,0007,unknown,1034,0.234727882409131,0.158293596122825,1.26850463222439,4.34475500720237,0.124106365332454,0.173201670242705,0.32513139468541,0.398814438622279,0.127215106338059,1.38758765468472,6.18446988955184,0.31640625,0.372395833333333,0.455078125,-3.41467570312395,5.92706020064261,0.233777935771023,4.86898928007234,-6.99405808679474,-3.38682604000822,0.0581784359088643,13.7742587387658,7.39028153377306,0.705259020894687,3.68547660008285,8.78662181294667,12.5826925656035,17.8944525495542,0.487931393026821,1.60073750110486,13.300104053038,217.450271789231,0.082062787969818,0.156355020642417,0.41912746329284,0.0158375625209167,0.00648606092072235,2.60254687915605,16.339321905769,0.0125156445556946,0.0150187734668335,0.0175219023779725,2.63710533878283,0.590465736239403,1.44055205863702,5.85202855216147,2.23302780745059,2.4852067362149,2.89915259738632,0.125841889694854,0.439288389631054,16.178502913902,317.210030400698,0.0279078462376394,0.0542284173803875,0.124848575100424,0.00370096569029792,0.00511865246249006,3.15967136837113,16.3416749645164,0.00054107550714517,0.00193770451091147,0.00482003613360888,NaN,NaN,NaN,NaN,NaN,NaN,NaN,-0.917228914858965,2.46970206408979,-14.5377206078038,2.49676989850365,3.52411835238688,1.51567503516416,-0.476350481535432,0.827233359343581,0.973153886305746,0.898038084198679,-0.00444363746993409,0.554956562714666,0.0702956239754172,0.41779984119588,-0.185750756248565,0.407588776849286,-0.0530530519567771,0.375836221672649,0.215428251378652,0.314333792860171,-0.188188618530185,0.269395555184506,-0.0330290252746304,0.268352696712656,-0.0362870609730529,0.24767731902809,-0.0632562789406789,0.22023564378665,-0.00055508627395049,0.584992278871836,-0.00107454873911878,0.759478136576985,-0.00010370426307667,0.429568533930315,0.000101093281234223,0.278876946923979,0.000128124243562699,0.249459805949592,0.000229694788180659,0.205513905275286,-9.13524167526917e-05,0.164890739061485,0.000172616648324375,0.156148505440304,0.000245001075976881,0.150375765422472,3.9224206002209e-05,0.135142780747446,-0.000104771837693467,0.138256256331295,-0.000267653884835853,0.120461338203907,-8.58505680308883e-05,0.119802234297327,-0.000103240225189656,0.102279320784499,0.000395616319587101,0.518462410881971,0.000105818920583303,0.616216059796642,-2.26142156857694e-06,0.357043734674259,-6.66873679669797e-05,0.281073589733565,6.96567438866397e-05,0.238266347992769,1.57196979843816e-05,0.209463554844326,3.90106771544553e-05,0.169853699633145,2.27083208213906e-05,0.158123689848484,-0.000115410815830192,0.150298313043516,-1.54743449430123e-05,0.145822963189092,-8.19173664501126e-05,0.155437643234244
1034-121119-0008,1034,121119,0008,unknown,1034,0.231722051311916,0.147888675020462,1.2275817476692,4.40761624530831,0.127559198056399,0.179156253799379,0.314604925736497,0.401910557996044,0.123091088556315,1.43858148897966,6.66949845799525,0.321259842519685,0.37570303712036,0.459448818897638,-2.48875193127621,6.636624892322,0.677409427515065,6.15440850766938,-6.48685462185649,-3.04447818696364,1.13457337212565,13.1281307517744,8.32145246069063,-0.00826860471833084,4.35267795297646,7.95635034955484,12.5485533262967,17.819016426065,0.420285848716331,1.12106088038325,15.213530782402,361.753829550929,0.075914278118796,0.152754498843152,0.37306759262968,0.0161564837853426,0.00632873366678752,1.86490148364737,8.61944334937708,0.0125156445556946,0.0150187734668335,0.0187734668335419,2.6323733410094,0.573185558554952,1.57611691313433,6.17110152200103,2.25887225589849,2.48238303329847,2.85454810946936,0.109432158224092,0.321059558424673,21.8314769490689,631.984765673552,0.0256159465334285,0.0507280502623417,0.113268754309645,0.00406944386245944,0.00664768565194927,4.19418323817089,30.8329861056169,0.000511706413066122,0.00156321826834221,0.00489296933989045,NaN,NaN,NaN,NaN,NaN,NaN,NaN,-1.16253574290178,2.55018678995539,-14.8314556765251,2.54106747488266,3.35298156816221,1.63941041467451,-0.28956114366286,0.84075467011571,0.874717260237823,0.897402109519828,-0.046190829011864,0.593047031268195,0.102595800689188,0.418661804845333,-0.168140766652064,0.373047142377816,0.022339747294977,0.357799310469606,0.201318998823825,0.301044179923424,-0.216009680749498,0.280312893011527,0.00689444136454472,0.260321357463322,0.0226570884882222,0.237004308646993,-0.0706200823887457,0.227862217995104,0.000890354247849399,0.565352544626819,0.00121310458357306,0.72416097092583,0.000159805379023283,0.442798763475112,-0.000200867039986774,0.288187087019986,0.000230495245110967,0.254153320964826,-8.42962867860262e-05,0.202593220710176,4.43881748760233e-05,0.158290938576118,0.000108543385883183,0.152057125527373,-0.000219332187808751,0.15723558166215,-4.77477900918107e-05,0.136268694565715,-8.09103235529594e-05,0.135795410210008,-0.000116826530662169,0.120893321958944,-0.000234886979546492,0.116470258983154,8.74592148075855e-05,0.111521681875542,-7.10142172440004e-06,0.519967894855407,-0.000197568484247031,0.572429713920148,-0.000218933511193592,0.373695584689922,-6.31787752330133e-05,0.289601415659685,2.03273065580511e-05,0.23661446916696,-1.01121032313459e-05,0.202177656908603,2.34447769882397e-05,0.165886442598058,-1.09439341114728e-05,0.163653003863103,-7.34972853677423e-06,0.162818770217464,7.14791761686007e-05,0.151920912662568,-2.32576905286273e-05,0.153922967043165
1034-121119-0009,1034,121119,0009,unknown,1034,0.236189794818738,0.159632228385116,1.68446397159402,6.67627482574501,0.133562857538254,0.182341172389271,0.288744950588103,0.415610396425036,0.125434634561257,1.23521713776019,5.34199008618681,0.331611570247934,0.390082644628099,0.480371900826446,-2.97356202708044,5.97713358644276,0.189565851693669,3.24551581058959,-7.02463747598148,-3.49433373577399,0.645235435518663,13.0630647604823,7.91382576690882,0.406285705194307,3.0261738996565,8.03421833947764,12.4873920994801,17.2514212033757,0.359610430018183,0.728383344486102,5.68225877787606,45.0722906814372,0.0764969866849942,0.140201670353463,0.332941476978336,0.016798977060676,0.00606230883899559,1.25049635657933,6.34896594037229,0.0137672090112641,0.016270337922403,0.0187734668335419,2.73127997771635,0.625652653661723,1.69661290825549,8.92746903835725,2.29294980823141,2.60384793712988,3.02684429349036,0.0972253403169614,0.154114358395465,5.6771815323301,48.3828712168711,0.0271291443850607,0.0529616652917466,0.101072629630352,0.00487873040709664,0.00710053134145626,2.41169094686936,8.75730291218017,0.00046689427704382,0.00232377627794547,0.00519993900391246,NaN,NaN,NaN,NaN,NaN,NaN,NaN,-0.992344549058631,2.38976420019434,-14.794201878805,2.38914143743044,3.18733696303332,1.6215227320619,-0.108963642738829,0.673872857652361,0.884894982459723,0.986477160524446,0.298931861903658,0.456247479958699,0.225967720562643,0.397543640605846,-0.290231233881449,0.394060172986761,0.0500249674110526,0.372623436995025,0.119230251212051,0.310014300087482,-0.255644617910262,0.281631157570585,-0.0544483431801289,0.293025416528742,-0.0546494700035458,0.287528279191708,-0.0253948596552377,0.219083021920402,-0.00143437304295724,0.660248048278222,-0.0023802641702621,0.863722667856399,-0.0010478605025512,0.476736319298778,0.00034091804866337,0.261929789329598,7.40221773662912e-05,0.255977021492157,0.000819330167473149,0.215251258797591,-0.000160074966416094,0.163381647451131,-0.000379174837804516,0.159760676158343,-0.000206728701136731,0.155097302810179,-0.000419883651494248,0.133282641540061,-0.000103841282016305,0.123324279136628,0.000710632379012792,0.134610179666515,0.000353557088178978,0.131579348595038,0.000171940891697252,0.114786171259868,0.000247327451329695,0.586479328323358,-0.000378601001312172,0.668305081879917,-0.000266427176068228,0.384110057557633,-0.00029688381064044,0.263237556857297,0.000561356854771192,0.203612990685187,0.000694562819132597,0.221121727766797,-0.000194762364272243,0.167715180684933,-0.00020714546513255,0.169512524755811,-0.000351338403156538,0.156181518956327,1.02775993849081e-05,0.151325418717256,0.000546055972414313,0.142813854778073
1034-121119-0010,1034,121119,0010,unknown,1034,0.254475238479964,0.182849933044132,1.80160638663315,7.46903994127021,0.135456168944145,0.193181218222833,0.336298253288561,0.413053547501252,0.138854266639958,1.42910617436077,5.48042695683526,0.323333333333333,0.383333333333333,0.45625,-3.13788450893836,7.28878227941769,0.725827697752207,4.47638173025968,-7.58889628745392,-3.7094888730394,0.410627421513831,13.6736350672085,8.28433535791766,0.142237776136591,3.39438778900444,8.93035402906004,12.9210491138907,18.421666236592,0.513792825555461,1.50453678737409,9.37840580379994,111.142360571407,0.0841922616544944,0.164335902986776,0.401544458321108,0.0172977791656069,0.00745346843690604,1.47775270668437,7.90970934068599,0.0125156445556946,0.016270337922403,0.0200250312891114,2.60783024758156,0.60731313082377,1.66532251569714,7.99365159660497,2.20879556589929,2.48658139891308,2.82191297187082,0.13261635127918,0.403396670767406,10.8977246338468,141.52717470434,0.0299625268731056,0.0566782826201229,0.118349313903343,0.00515436424906938,0.00729969879713561,2.39582319398874,9.31282984651686,0.000695619931472798,0.0022789426700582,0.00591499494787925,NaN,NaN,NaN,NaN,NaN,NaN,NaN,-0.690560409460806,2.39853606610906,-14.4907218953429,2.42711860899859,3.26891937596928,1.60171900152381,-0.39880155703157,0.852829178883398,1.11282472498801,1.02053360648461,0.135596133950831,0.533708041950887,0.121421139560133,0.43086076412377,-0.123729248626241,0.378699553541916,0.0373915784674964,0.351377872488357,0.129335675871818,0.310850876496506,-0.217981655474785,0.290469625171285,0.0589200421643787,0.287783227701315,0.0666598830458701,0.276434123202006,-0.0715451745378411,0.234300963076471,-0.000182224303538677,0.635677194748378,-0.000553259376363175,0.730449219049147,0.00135686469770714,0.480114191765669,-0.000596399764719076,0.291980946405941,-0.00173276434713708,0.300813148015651,0.000572471647881415,0.222636018017893,-8.86545260349284e-05,0.180490663144953,0.000149556078121446,0.16760235980704,0.000598493229301092,0.161368221131614,0.00054644801863245,0.144651643729165,3.71317680479722e-05,0.130301262634677,-0.000549798234259894,0.129586798215546,-0.000147296464815195,0.133107834646597,0.000173576347293575,0.108252046763308,0.000569008322873341,0.565405840369914,0.000683042440320619,0.585982630450325,9.80015723517085e-05,0.398970624606202,-7.92923068487296e-05,0.294043110030505,0.000250551013578786,0.279709520727343,0.000144867875220286,0.239805284542392,-5.01136075903422e-05,0.192366157838873,-0.000152223237876038,0.163402517222075,0.000226056861134494,0.164235870502028,0.000217678687454754,0.156684475726597,-0.000329724662528551,0.145991827920424
1034-121119-0011,1034,121119,0011,unknown,1034,0.28058780778096,0.186714424942998,1.25163606927207,4.89684539527313,0.145521340688237,0.213574833872582,0.3896888992857,0.442964184890898,0.144078557448629,1.17175744825171,5.3812427852767,0.345338983050847,0.420977327756989,0.511299435028249,-3.07208914872241,7.23074574284827,0.225224738358116,3.28693067122422,-7.91156900608513,-3.37498994868597,1.2386086137959,12.741924816524,8.76522886770613,0.0588942248206911,3.26623022991842,7.13020325527668,12.3021439920384,18.4682630231225,0.44430338035465,1.22857939569639,13.6931362874042,260.093460467837,0.0734730209291625,0.145354819954759,0.402678463607311,0.0162333640832429,0.00682605996314763,1.50096628658824,6.67635569615854,0.0125156445556946,0.0150187734668335,0.0187734668335419,2.6219143437078,0.610235960666485,1.53206374028708,6.06988247759444,2.20100286493911,2.45559937967006,2.87880070198048,0.112452923817601,0.359786572870675,21.1347031873765,560.086748117722,0.0224583240456901,0.0528634784394698,0.116757618204624,0.00481678789238922,0.0103665346544332,5.18817204073157,43.1658502270727,0.000283724941950952,0.00133574639542716,0.0044678362522754,NaN,NaN,NaN,NaN,NaN,NaN,NaN,-1.23004597673303,2.95983470790905,-15.2335746739077,2.87703902341254,3.29108571226571,1.4167974035974,-0.1962957771195,0.685556395210194,1.0240448571108,1.04988767441878,0.0572971798698947,0.599097208354598,0.100568806405852,0.415947089746646,-0.0631021669159731,0.458243143377957,0.0263664122134516,0.365085032596598,0.132971421840172,0.287815719022175,-0.19581769767751,0.28944249308789,-0.00612857151719856,0.277038937454839,0.0469620196546635,0.237254754348449,-0.0884965614171836,0.233762167981063,-0.000117726711858352,0.58110529432152,-0.0002272790303211,0.737635469106774,-0.000218117753726753,0.391479861447694,-7.5693088172673e-05,0.257827974546031,0.000369383835062373,0.257490582893596,0.00018882942190498,0.207897678922231,-0.000196170173397787,0.156288831972448,0.00017285614007501,0.151938847545014,0.000442836337953352,0.150024544646265,2.68760832524764e-05,0.136410133482475,-0.000325911040773327,0.131165032226346,-0.000228359478802854,0.120137317419227,-7.63113246218689e-05,0.119045183604203,-0.000164761538501196,0.108641565145934,0.000191561285800642,0.552306538687792,0.000131343072191121,0.611156770998118,-6.21810277306199e-05,0.351807593719776,0.000115703517416385,0.267139814900841,0.000165748322758528,0.242318484071808,-1.50742633066477e-05,0.214390562179244,0.000165614216142014,0.167836374704451,0.000164450645545346,0.158538368858817,3.79071399705407e-05,0.154701136035522,-8.50041938298687e-05,0.158150017653285,-0.000131397752579341,0.14817540092221
1034-121119-0012,1034,121119,0012,unknown,1034,0.241687958043271,0.14792744920707,1.37936269877858,4.74462101352968,0.140298232648836,0.188614315469159,0.317944671836568,0.405154702671519,0.115190726138196,1.25179984785708,5.20286941252979,0.328205128205128,0.377472527472527,0.457692307692308,-3.98917922986507,5.96656765004531,0.324338852831823,3.07896184430625,-7.95473803930538,-4.34265149580167,-0.361286809018935,14.4695318118198,7.55131082157794,0.216922795183966,3.44928348240918,9.58607385688194,14.0015952403547,19.2630207898353,0.726273981623617,2.31125875682461,7.68533308000729,70.4000038549217,0.107690850517117,0.237009429380669,0.474502437934039,0.0157327531898094,0.00602784626894707,1.49964332567061,6.61741540385335,0.0125156445556946,0.0150187734668335,0.0175219023779725,2.59349985264599,0.546009016101766,1.50625780050176,5.55968089045713,2.231136198096,2.45625567308655,2.81477718960916,0.160837268839906,0.525895272846461,9.7402460610571,119.571856128075,0.0326690106179697,0.0626425029776978,0.117700490950459,0.00554323294230399,0.00814619373091622,2.57764171089893,10.0863708315046,0.000820870390972017,0.00240524821401717,0.00623662771008797,NaN,NaN,NaN,NaN,NaN,NaN,NaN,-1.05936896219732,2.18682640190883,-14.6158500404758,2.21426768518026,2.87644031281922,1.89115373972835,-0.264159857072758,0.720729774585558,1.13497823770094,0.902127707263362,0.159975983353978,0.479828585611617,0.0988490450877709,0.375413077386021,-0.231505605873475,0.36446834377379,0.020956492981968,0.356108390454032,0.182571504236446,0.261460927112526,-0.265381666155799,0.315377607553738,0.0138183063044004,0.302669745382973,0.0312152382612465,0.262590969111853,-0.10316247109012,0.233326440893905,0.000388004254332552,0.559300402662136,-3.49284635331025e-05,0.736624830387998,0.000280543815380386,0.542795772299726,-0.000137462535237083,0.30132822252273,-0.000913925500967154,0.26574557323808,-3.30469717215674e-05,0.208268582488312,0.000852696840516445,0.165700519174176,-7.88144267291539e-06,0.145913506748222,-0.000789193803428117,0.152365916701898,-0.000442716942210064,0.123970322864409,0.000621098541129407,0.131817163546544,0.000411954952881831,0.127169432318822,-0.00066058197871153,0.12842699584705,0.000446321571592541,0.107730223550404,0.000345140083433793,0.504288734585502,5.2061132739211e-05,0.589538155494331,-0.000276573269518201,0.392668192436639,-0.000184382202071098,0.30051386055939,-0.000197726486668011,0.231789861549454,0.000141186536132188,0.216455516934194,0.000287890076041763,0.172848684329986,0.000219911909970566,0.159519098271068,0.000179807767693007,0.157132462100374,1.10633644045376e-05,0.14104856594622,0.000207954441814495,0.142459068695813
1034-121119-0013,1034,121119,0013,unknown,1034,0.25349652394452,0.159606825126512,1.32151274334313,4.65555113287749,0.141473175341609,0.196902226094453,0.336628335827729,0.416718496940859,0.137463617235982,1.2806922516223,5.74853705543354,0.326446280991736,0.387052341597796,0.482644628099174,-3.82390634091579,5.7043119591556,-0.00060195450724405,2.79878423350061,-7.48021750384114,-3.79320732202561,0.0623090344220107,13.3460879489401,7.37311319646856,0.616078499150785,3.23468589230996,8.20938303390392,12.2530211370002,18.0234853946709,0.377826126226063,0.792605619694905,7.86236120035372,85.3168713063362,0.0778823255142657,0.150897261422506,0.393692990617111,0.0168569212634361,0.00680045974791903,1.97492289459918,11.2166156746684,0.0125156445556946,0.0150187734668335,0.0200250312891114,2.62715787041825,0.561192343720449,1.32319066829362,5.26264654943901,2.23040488607735,2.50291206091929,2.89024110817575,0.0958016624126408,0.183973433892441,8.38413287906847,98.3086769003183,0.0246721876404054,0.0506349730804611,0.100513650553011,0.00474053474261985,0.0101782371191765,4.60003301241242,29.5917345206669,0.000394155034427503,0.00126652577762124,0.00404833596016322,NaN,NaN,NaN,NaN,NaN,NaN,NaN,-1.16958679816803,2.46602072640116,-15.0012749686224,2.51241592161237,3.27176382941145,1.57691458564613,-0.357419819482284,0.747101968405777,0.903658296056831,0.963734571570151,0.171864760660399,0.517718864349135,0.128806222321316,0.471451368471028,-0.0860432123035753,0.442379635500241,0.0693060937178686,0.337878835382912,0.136899014669593,0.295032540048436,-0.220881784081697,0.318535427738891,-0.00948340448539441,0.264723457597636,0.0747405417981148,0.238951823074327,-0.129457661820515,0.221060573448353,0.000751833461692273,0.584384316793996,0.00164577350969901,0.802746174403166,-0.000241786562573686,0.403346602813027,0.000418081045614064,0.272599244478617,0.000384328180577467,0.257329048689374,-0.000900007631365807,0.203680654810895,0.000216105949657209,0.170526556827314,0.000103754259294552,0.164221450809046,0.000162593885539103,0.153457038941037,-0.000326997090498328,0.134608697647113,-0.000261469497743597,0.125364441003424,0.000465510286325028,0.124257260993609,0.000289965360391061,0.127334847158919,-9.6161967021316e-05,0.114859950690451,9.9860514227901e-05,0.570478366014752,-0.000113914792718315,0.655073256628074,-3.39948187768439e-05,0.356455551254214,-7.55485755484181e-05,0.27545120003026,-0.00013341174625551,0.228781449386836,-0.000101840009986451,0.200688721524884,3.43419747557278e-05,0.17289560372609,1.05061001664969e-05,0.174982001513372,-2.3094689469509e-05,0.165810746166373,4.17396059861416e-05,0.15033824850833,-3.2790388751977e-05,0.143905316293386
1034-121119-0014,1034,121119,0014,unknown,1034,0.276540210190176,0.191041514803042,1.2176633716822,4.44512914754701,0.138780754427428,0.20150034919403,0.395418221320692,0.423481277189559,0.148105671274424,1.38074083135707,5.39387200731833,0.327731092436975,0.38655462184874,0.481442577030812,-2.4034350714114,7.9024818701728,1.07738187761719,6.11403680427372,-6.96348108458848,-2.94648014309489,1.09744964224148,14.1287621557499,8.76999379363732,0.332513827055879,2.99847752379566,8.07456122068501,12.8606085912261,19.8148205268167,0.590109525196869,1.58244435898201,10.2314387237965,142.594384409853,0.100877498605924,0.211413138748196,0.516269412530275,0.0169557932358987,0.00773456556335991,2.09904728486716,11.2442046916426,0.0125156445556946,0.0150187734668335,0.0200250312891114,2.59882153301599,0.617386912764817,1.97487898929659,10.6571084904588,2.20082011489594,2.43649008068811,2.82771130657564,0.153667166522246,0.317382039876957,7.80503842956394,84.4857382687006,0.0273962332308753,0.0753164963691631,0.166445639419549,0.0104540799660059,0.0211636702243241,5.34796874722093,44.6805502178476,0.00054600655103389,0.00299249527809988,0.0103506322082529,NaN,NaN,NaN,NaN,NaN,NaN,NaN,-0.725060988122955,3.20398540239862,-14.1479191945112,3.17353733434838,3.38300856723912,1.5805190573801,-0.339095954369656,0.738671764927025,0.663506439929399,0.792729108476429,0.0376370175080679,0.64033504938087,0.14332060726564,0.427428100212726,-0.166551689334801,0.402679170353636,0.0172920461440368,0.352697987664534,0.192478696324533,0.288557003273213,-0.215244055387531,0.298998008043511,-0.00946971963019133,0.283366056709383,0.0238271358142724,0.24424439342396,-0.0607999683033082,0.236337789418965,-0.000627821556096435,0.598406974844752,-0.00110973111357251,0.737416424640771,0.000117931662477041,0.414654229775211,0.000660384708373257,0.273581141956472,-0.000304662519792657,0.232122599469266,0.000558245457171511,0.201398537347428,6.94855084436748e-05,0.163546203066823,0.00040870898682545,0.150864716652835,0.000147038260148917,0.155234940507742,-0.000233844421777933,0.136495590231694,0.000175625347376661,0.128230053443743,0.000189145019784017,0.12861726271894,6.48927452249365e-05,0.121799847795725,-5.30076247207295e-05,0.112048272862369,-4.88395920563499e-05,0.571885484350019,-3.13055528712616e-05,0.582625657320619,-0.000112457463769704,0.350305482860911,-6.86908009331818e-06,0.270693067814843,2.85086265073107e-05,0.21816478771186,2.09773793088933e-05,0.20878487994681,-3.83440225476148e-05,0.171620535585217,4.1677826301633e-06,0.156588129226525,-1.06133348452549e-05,0.159334016266126,-2.19175151904727e-05,0.155501341372885,0.000141631537487237,0.147866867891334
1034-121119-0015,1034,121119,0015,unknown,1034,0.287358537240362,0.187395384497092,1.15876595155818,4.12341689551993,0.153361937216558,0.212620507678642,0.41323203560674,0.443381135083027,0.1547913111884,1.21051421757349,4.79721777928406,0.339254385964912,0.405263157894737,0.520102339181287,-1.18489300999534,7.88902337733357,0.381898782430351,4.27322300709057,-5.9338969677827,-1.70184306180108,2.99260810159103,12.0385052471221,8.75059736654161,0.269987962723178,3.45256251733935,6.70499047304716,11.5350008087376,16.9314088596455,0.786790225040601,3.07323408195497,12.2348270645065,177.819552856039,0.121656297210814,0.228743430767334,0.566180562193938,0.0173397498046267,0.00781893690757752,1.9598354799546,9.52356048884341,0.0125156445556946,0.0150187734668335,0.0200250312891114,2.62653844223876,0.615053406057088,1.8143562863129,10.5942392431374,2.21224883480446,2.47643095981733,2.88257688061546,0.188240864495544,0.568221280534731,10.5844830879935,134.829540941937,0.0334107425809309,0.0859446634169561,0.16762299576563,0.0106760948455441,0.0174599412761248,3.13213061573787,15.0702665298269,0.00079438739453265,0.00406382647282686,0.011797201293357,NaN,NaN,NaN,NaN,NaN,NaN,NaN,-0.455655355089396,3.05850089513009,-13.8813396527343,2.88772985986223,3.11718033122547,1.56986938935914,-0.296948717111327,0.672521471465989,1.08749519100184,1.00573286160663,0.0776543038076715,0.530983746455897,0.176972592793314,0.436873736541571,-0.115410382243326,0.458258158166133,0.0135066842808525,0.386128991014181,0.18141785075135,0.31472663574915,-0.255077580549661,0.290406599817644,-0.0411892862917681,0.261179262293652,0.058457680311803,0.246703135582749,-0.0569846064099876,0.224280487933591,0.00107388182734827,0.534621871090012,0.00182797195068221,0.712011755285669,-6.11302238053714e-06,0.391482391319844,-0.000569315114570013,0.24252081178357,0.000463137157242354,0.239190349932588,-0.000238932625290925,0.197992715672744,-0.000203402549814166,0.159293482247375,-0.000144540366872803,0.148268084711086,-0.000173163562802635,0.150392177339813,0.000173804717032103,0.134616374489075,-0.000227649388971707,0.126807985423576,-1.74999026534847e-05,0.122988220930034,1.94857157731703e-06,0.113817486911032,-0.000153854197948748,0.108380593737364,3.80671060240443e-05,0.498948738572553,-9.18419704883186e-05,0.571725800734244,-2.40837346138906e-05,0.331186300853589,-7.07473681285871e-07,0.253198553179714,4.56952846450082e-05,0.227336394753059,4.53524464176408e-06,0.19568458474585,-9.37899253122627e-05,0.161406893990928,-8.47358345008484e-05,0.15625797518734,4.21004491478534e-06,0.154657591611515,0.000111950496055815,0.150932888557264,4.50144769111486e-06,0.145448539802607
1034-121119-0016,1034,121119,0016,unknown,1034,0.253090681009605,0.174205308829442,1.44380836783566,6.04947924524601,0.135298701295714,0.190763388657789,0.35355107920864,0.414127821473924,0.138400840637613,1.30741651289607,5.24791719771794,0.320238095238095,0.383333333333333,0.478333333333333,-2.62298140748573,7.78662253832455,1.01549620311864,6.50290657046253,-7.08196988847577,-3.15058890720458,0.981928651176364,13.4011123358024,8.46707281679481,0.348300188585591,3.11874345670387,7.59825489582633,12.6850960989213,18.5905513245261,0.749946389983648,2.48338213737607,11.5083440661412,179.214765256823,0.114081300549608,0.224109845439756,0.586502014808506,0.0177692952223981,0.00791383743940118,1.7739421588535,8.04610782106274,0.0125156445556946,0.016270337922403,0.0212765957446809,2.62332613179159,0.636880379281808,1.79837439533493,7.93011378165739,2.20797043169636,2.44788872711307,2.85282994458197,0.189709520240645,0.545450070775147,13.1345869527742,230.656165149074,0.0420646859326509,0.0878954251097156,0.180040515283844,0.0100620108648389,0.0161344019807291,3.26217909524075,16.5897252886143,0.00100412547783004,0.00401828506724794,0.0117705204018392,NaN,NaN,NaN,NaN,NaN,NaN,NaN,-0.0891474090721983,2.86921869180504,-13.7296779982993,2.75338472015869,3.38997845720668,1.48221200099119,-0.249769601343079,0.651746413836129,1.00118642407463,0.975444614372923,0.123744157383531,0.538501634961405,0.225984060354119,0.447700133788383,-0.0939193039278284,0.418553973951406,-0.00809885641722478,0.367301440717704,0.146939675430821,0.314314424569903,-0.258236693278096,0.281545033604289,-0.036836531698217,0.29239788802211,0.00961286791832716,0.273215129137505,-0.0513428463651117,0.231416134594812,-0.00044751245817601,0.579700226046629,-0.000340613620699774,0.794502150197295,0.000133459208427801,0.396987484620429,2.15259761567444e-05,0.260178707545828,-0.000278334741717903,0.25142403613284,0.000138062917119173,0.204872577824213,4.95224630831329e-05,0.165890043991012,0.000117456765226329,0.154714027149341,2.42462336271794e-06,0.147892120849266,8.40846257634408e-05,0.140674738850919,8.06127349272462e-05,0.131789541293067,-0.00017830233965114,0.13058820843164,0.000133066523608693,0.132673003789928,2.17086983759382e-05,0.111873231835245,5.33648653499917e-05,0.541603818643406,-5.2503606052021e-05,0.670760882578501,-0.000121437453602275,0.38335067245268,-1.28927959493351e-05,0.280077400117006,3.50100355679428e-05,0.238551672160933,0.000112892821110135,0.211918067471985,3.15672570068617e-05,0.176545278190734,3.80254284609193e-05,0.168783752096245,-4.40801823377145e-05,0.155777318951928,-9.71339752290112e-05,0.158562719137634,3.78658148885608e-05,0.154471948530389
1034-121119-0017,1034,121119,0017,unknown,1034,0.314838094795998,0.188069617677861,0.998567883069769,3.82378743703485,0.170680237666472,0.250290956006408,0.436568578549203,0.466558638513927,0.147617138922818,0.884468331269195,3.62320584306451,0.356854838709677,0.43366935483871,0.559139784946237,-3.94046924329661,7.2078168383919,0.710154144681408,4.98307148912249,-8.78453492431203,-4.15501579437253,0.164809002969347,13.4705926587202,7.90109985253276,0.214904983064039,3.21013516352861,8.19556375486712,12.8435800922341,18.0151294364426,1.40877804951907,6.23405058641343,10.5591225834241,124.008605675133,0.111921001263645,0.285196009932789,0.928862009232054,0.0149066390791959,0.00608992233714883,2.85192018384438,24.086085753717,0.0112640801001252,0.0137672090112641,0.0175219023779725,2.52563155597569,0.6013083534958,1.80229277553319,8.01148336564174,2.14625757609157,2.38485931498398,2.74959090977687,0.268865006204036,1.01841312667277,11.028294760663,147.675188304836,0.0203167096312271,0.0813063277250576,0.220918120294028,0.00673047529502429,0.0107990084780511,3.05064684377184,16.7056048638046,0.000227337430410715,0.00203888000786389,0.00854329376641288,NaN,NaN,NaN,NaN,NaN,NaN,NaN,-1.19164424473925,3.50246263666,-14.9499259408452,3.17559577568701,3.04855960083696,1.34050564450282,-0.086137917966228,0.645763334813073,1.10250309418058,1.0120445401634,0.100655995984141,0.523232739112855,0.0488695225190091,0.3514702270303,-0.0223250803269439,0.413435408139725,0.0471479658445226,0.30077938693566,0.115326339876267,0.266986292834974,-0.170761036717837,0.268507332819184,-0.0657985801893276,0.238824741096582,0.0539828809843218,0.202679638932667,-0.0293685510255647,0.209558084841981,-0.000830336492163132,0.538320613582591,-0.00231870393769612,0.720808405045769,-0.000372918830968999,0.377624984180161,0.000899865405831738,0.237108762441187,-0.000289114578736518,0.236640510133935,0.000134437611617427,0.198782005781576,0.000400918438556027,0.150788209279875,-0.000185192395781474,0.135726157974618,3.52528367696284e-05,0.141170254590778,-0.000219545105809596,0.123180657369175,0.000345271626383221,0.119976600234593,0.00076004518735471,0.114315309669305,-8.08203097980636e-06,0.112641187792211,7.32159974416349e-05,0.113207870327705,0.00053455169879961,0.510301717898979,-0.000210719064628888,0.592068647636624,-0.00027900119935797,0.345208489592636,0.00010874685429191,0.257372226379895,0.00016403343936817,0.234230017448498,-6.84947871478246e-05,0.206522164185185,-0.000113557714374036,0.158891396244065,0.000127508915317159,0.150201284305486,4.65227046849721e-06,0.153939843566785,-0.000132024646933118,0.14543661242736,-0.000159706972820892,0.141730525836176
1034-121119-0018,1034,121119,0018,unknown,1034,0.253213784513257,0.144971760003896,0.92013211144609,3.23959312945731,0.150334713736534,0.204635710314246,0.350700750218718,0.435540006199431,0.144543911080218,1.32769511209227,5.59611362958979,0.337855297157623,0.403100775193798,0.500922849760059,-3.30349942102985,6.93538519654354,0.881423638913002,4.83343104566482,-7.7123059986171,-4.13829893447039,0.177006257915831,12.4253316456133,7.13494782427556,0.45138419853697,3.0443448667665,7.63412573656183,11.5110739551387,16.7288226007157,0.702219632847646,1.56323837407029,7.45074485648945,76.3580571336168,0.102825170677041,0.23345486490984,0.768704224985464,0.0167198662410701,0.00611584017548299,1.44338121976585,6.10789288282937,0.0137672090112641,0.0150187734668335,0.0187734668335419,2.50382545837897,0.581438630869108,1.30880873670027,4.69467052612293,2.08077420950802,2.32707511454592,2.77565168607057,0.154045700529903,0.248525689450249,4.29079546118806,27.0218019146481,0.0278575851496654,0.0743871248931476,0.173961654106441,0.00498184514230047,0.00929362711926147,3.99140071667037,22.7851304431571,0.000538334192305121,0.0017678824986794,0.00486551807839048,NaN,NaN,NaN,NaN,NaN,NaN,NaN,-0.662620617096624,3.06105941347102,-14.9282695427436,2.54510071120989,3.37865760394449,1.36400032253546,0.00842954727684934,0.588855532386707,1.07259298328717,0.947190263467047,0.341944535702609,0.506858118517844,0.146594114596232,0.361542520822859,-0.0218882315672664,0.457145817732477,0.15229098874156,0.306535293451235,0.117981085227394,0.271674141630903,-0.178237170870003,0.277151505195961,-0.0642843631288372,0.233096441806382,-0.0117023877191502,0.224263616983501,-0.0461381834106069,0.189877520635913,-3.39161389170178e-06,0.542055632496275,0.000125839282791574,0.706918662416532,-0.000451520347437699,0.350567268536698,0.000313430935176911,0.24589128892406,0.000215356964524192,0.251877327969074,0.000508966997466791,0.192204830969566,-0.000102582326886655,0.173293834208639,-7.20277310593595e-05,0.156068478386839,7.03876165539274e-05,0.144900086299424,-1.5098505576846e-05,0.135356843790186,-0.000115263549749396,0.131146246576903,-0.000152874061331165,0.113854621242192,0.000347750922403242,0.120606074293075,0.000120421461331102,0.108131845764199,-9.72334625133634e-05,0.496773752118143,-0.000144735693893729,0.572425760426441,0.000288897746427397,0.314887136189744,3.51630615493958e-05,0.253161280965061,5.85554262822665e-06,0.240706552615523,-1.0336508502952e-05,0.200413121530366,-0.00028540303308459,0.179313267783375,0.000115779411762133,0.168596310573619,-0.000559057089610016,0.164677893366611,-0.000319812962910618,0.157723591340749,-0.000133831307260407,0.148021204230773
1034-121119-0019,1034,121119,0019,unknown,1034,0.252838418278744,0.15674574266735,1.30781082750046,4.52462782010065,0.145627441662483,0.193640577432113,0.330229858591846,0.42137980934817,0.143229468579262,1.31607214513855,5.39362392117838,0.329365079365079,0.388888888888889,0.481859410430839,-1.65512637227745,7.61407744532399,1.08890526770693,5.7647427864978,-6.50527551662472,-2.51323336654192,1.93680551928745,12.1868687018457,8.48772893868654,0.324119776684522,3.24046934223194,6.4719056603495,11.5182609197988,17.5083642416285,0.880839469096646,3.50958662206112,10.6183772505612,132.280947830411,0.110064840832537,0.239268474838151,0.576488789512318,0.0165990482193352,0.00755576902890039,2.13485309497121,10.361034345061,0.0125156445556946,0.0150187734668335,0.0187734668335419,2.56502406106304,0.589310816676868,1.57562245188799,5.97527404212087,2.18409557944399,2.40074248286444,2.77985535317537,0.204570288979539,0.729659221615012,10.2116865763076,123.494492452489,0.0315382251561863,0.0740492714446662,0.154621827709555,0.00847042588569419,0.0161156345214637,4.53134377606589,37.925703451764,0.000644270036486924,0.00257685407603524,0.0076704904355881,NaN,NaN,NaN,NaN,NaN,NaN,NaN,-0.498414562843921,2.91261931436942,-14.288150659318,2.72002759334416,3.26407499584296,1.61239931103933,-0.19633030252039,0.652422307082284,1.04775462361342,1.00580839447931,0.234712643966686,0.499579593019013,0.208689282151009,0.427749678693859,-0.0851790625425339,0.390184489568625,0.0226623687603207,0.368245252995416,0.15740933880411,0.296688815115267,-0.244388160628932,0.280867781769421,-0.0614550328382672,0.226764029698237,0.0492913425183663,0.227150147497338,-0.0789914107933994,0.22623611871444,-0.00137942936975395,0.578331539076574,-0.00109060217471814,0.710778011383392,0.000301547802609643,0.426352518710567,-0.000275163339671822,0.248902837823806,-0.000352802384562763,0.258832626468135,0.000227505380628963,0.188970079622619,-2.11614444504123e-05,0.158840552768276,0.000244852426418016,0.143439406591186,-0.000169316296389839,0.144682787632529,0.000116275166652637,0.133759884846217,0.00035425479361075,0.122414527869085,0.000234371142148434,0.113395083653427,-2.70247203320472e-05,0.117095742369108,-3.06552763555037e-05,0.103792489313749,1.99170298768158e-05,0.564944555990916,0.000125161805418149,0.566834672476255,2.37169783592072e-06,0.359266320914314,7.26268851947165e-05,0.254157910807201,2.46026327322006e-05,0.238898791211255,-0.00014565921014038,0.190769396162814,-7.52153869726304e-05,0.16795901313952,-3.42610588938226e-05,0.156969259506234,-0.000107650396916631,0.148826886883789,-0.000124792268096181,0.148847544636202,4.22720538683423e-05,0.137672539161451
1034-121119-0020,1034,121119,0020,unknown,1034,0.295750274966354,0.17711810476042,0.934349369743785,3.6165239048481,0.153653511225095,0.242157079217705,0.413185734896321,0.443719627110875,0.15829497627509,1.04924706250796,4.02158052491536,0.3296,0.402,0.527666666666667,-2.0378449765336,7.1644218494824,0.434841105537827,4.3292673623578,-6.57178161507245,-2.02369088197387,2.09726643561503,11.805066988178,8.52964931514708,0.467899520498472,3.25681175473228,6.32448830930784,10.6371040263777,16.8062797040372,0.743938452449755,3.04088484668785,10.3479436223555,126.580030645944,0.0705801186450515,0.169011523595174,0.445453955719341,0.0159804071636308,0.00669997424551724,1.98331086617696,12.3975965185886,0.0125156445556946,0.0150187734668335,0.0187734668335419,2.51497674092783,0.534519671573766,1.78839752960008,8.07082729890769,2.16272397358289,2.39476605619603,2.73447439684746,0.151797034421913,0.546886913563915,10.8740742431149,153.206775784769,0.0142910746689808,0.0486729135948587,0.121002506284053,0.00421493292987013,0.00727495373576189,3.19043315358697,15.7027854604805,0.000186729139654094,0.00111148298221319,0.005213178800315,NaN,NaN,NaN,NaN,NaN,NaN,NaN,-1.84738191330172,3.31867625907789,-15.6335950777486,3.01868209405729,3.04351660947933,1.58832435169901,-0.131425529076712,0.613596665801979,0.840816693658408,0.94299399930283,0.116479229943684,0.605079923779723,0.113534684965926,0.381034111295436,-0.0700721504030463,0.428992188696323,0.0499336187651105,0.315068713446274,0.147260103625916,0.255139477644375,-0.202425941972079,0.306777267686021,-0.0570391885784799,0.208598037171342,0.0775823411747927,0.237012219116325,-0.0557295461029321,0.224487723383102,-0.00138520732366548,0.51975918314439,-0.00216471370667428,0.595540006945101,-0.000543393659365524,0.359153461177184,0.000362840585716441,0.222516951073187,-0.000121242865829166,0.205998360589731,-0.000266877909927174,0.171012123264923,-0.000195899327079666,0.13704128691101,0.000294776378368061,0.134653711763442,0.000404345290847063,0.134659079711792,-0.000173562609960413,0.121910354890931,0.000165285770242472,0.120904773144562,0.000182530869134047,0.112637593837407,0.000195364788816254,0.115897475218354,0.000256850743340711,0.107229804159693,1.12131451112949e-05,0.46515210965797,-0.000163344951122701,0.461422878470092,-6.98398240180495e-05,0.313714133374121,-5.79636258215002e-05,0.227904700289194,-2.47403893994169e-05,0.197659849002772,1.22320114410743e-05,0.17492596769827,-3.81816224979904e-05,0.147693357641048,2.46286629880583e-05,0.150285366523022,5.38605874747607e-05,0.141685078381426,5.03617589700517e-05,0.142129636237432,0.000111827086827154,0.13823569490783
1034-121119-0021,1034,121119,0021,unknown,1034,0.255640675092364,0.178789853764059,1.4149138393572,5.01917210657104,0.13341326089103,0.192521778672394,0.352661261348745,0.408734769108384,0.133183601210686,1.43203333087488,6.56595606373927,0.314027255639098,0.382456140350877,0.465186403508772,-1.88481566125761,7.34951108023032,1.02296133137844,5.22681381235165,-6.47058228179265,-2.89291083195344,1.12257046129569,11.7001349894996,7.68966478821565,0.0579931162837043,4.22551184975848,7.2781915468774,11.2676409872453,15.4465202281064,0.503419095902854,1.17213120486942,7.39581902947691,74.2094997961018,0.0690965875981887,0.155039256371822,0.490890659308594,0.019277868887834,0.00743186439559525,1.37142424303139,6.30387405016223,0.0150187734668335,0.0175219023779725,0.0225281602002503,2.58221714186007,0.553432615383214,1.43519586103032,5.9145109950281,2.21973354975092,2.46516063018262,2.81405619587932,0.136331389184387,0.296788679470204,7.22451738604981,68.2871271039667,0.0281931650818738,0.0646653628572349,0.133314279263852,0.00593195445999173,0.0078364603473899,1.96187191429431,7.46466752063039,0.00079717860678621,0.00221360004675407,0.00855731580119095,NaN,NaN,NaN,NaN,NaN,NaN,NaN,-0.932874307847658,2.53695481897872,-14.6195689293351,2.54063899670584,3.26288917993,1.68224181106429,-0.135287828849401,0.827909530338774,0.704891333183338,0.7961983324074,0.158615420389514,0.506251370066707,0.120851927001779,0.446313958633024,-0.186507370952735,0.404100445034518,0.013270606517436,0.367752050120856,0.196999047270603,0.273185353595452,-0.188526940203637,0.249952380444148,0.0181842800923184,0.294472421118796,0.0677742424084566,0.273513530360324,-0.0679284297665247,0.194346457298411,0.00323924220260882,0.491446527763254,0.00405086050179103,0.591107740345737,0.00066324053016433,0.42604122157318,-0.0011446904898544,0.246193207891137,9.56293307778274e-05,0.203818319236489,-0.000473862734115654,0.187390614261879,0.000528820592055154,0.144300488136113,-0.00113260766300887,0.141238811401009,-0.00123222163768566,0.146918240053798,0.000979879602753871,0.134668463503569,0.000104718052595987,0.119080421666818,-0.000635635927884672,0.121842761485635,-0.00013341591474264,0.128026124002952,-0.000266495770602324,0.107324668546974,0.000309420246049257,0.412018780571679,0.000501147265503976,0.502058523829541,-0.000110571481102072,0.324438275453141,-0.000169039006328252,0.229326769842922,-0.000102027095602326,0.187113117063504,-0.000725487495823184,0.184827797911288,-0.000339308032961867,0.143080686212254,9.98126615699288e-05,0.140578879101595,-0.000161719360136184,0.151365639292378,-0.000122694906230757,0.151627047982508,0.000200315848648857,0.135507826743737
1034-121119-0022,1034,121119,0022,unknown,1034,0.379098757214785,0.211355169041728,0.536163107371549,2.18639861301772,0.196165948512033,0.333612610317063,0.554496968410566,0.496322780426191,0.171033829917662,0.93161275202773,3.7213591866717,0.382528877887789,0.458745874587459,0.558787128712871,-2.98967091996449,7.99630846808387,0.342061485156316,3.22461793320777,-8.1841783876453,-3.53525599712639,2.13016517749601,12.7933815822656,8.76971904742301,-0.528902285582739,3.80832191098871,7.61935213266185,13.662749199237,18.3836975117633,0.378983113486401,0.709155101107393,5.42970253861037,45.0307069704359,0.051778371048504,0.121645435693303,0.422090934156197,0.0158998748435545,0.00684871813299468,1.93181250918412,9.98469669435168,0.0112640801001252,0.0150187734668335,0.0187734668335419,2.6274882491412,0.615996255724731,1.23243609541401,4.74475948654345,2.20457872034956,2.50334322970552,2.8878919903154,0.0802163097324983,0.13980291562034,4.95748276946049,36.3375296528733,0.0122344254368345,0.0283962670819048,0.0931542912726544,0.00180326247190013,0.00316657464349859,3.10992568596248,14.254043367043,0.00014221416791751,0.000526761373865811,0.00172595660778533,NaN,NaN,NaN,NaN,NaN,NaN,NaN,-2.61576618068457,2.79998212080494,-16.4536688814679,2.58102547417429,3.05174470087609,1.55906032223425,-0.19331810214882,0.721497723017997,0.633319759118416,0.538521013819673,0.113971440684591,0.424317152491545,0.259265519010783,0.442473037161332,-0.26594840356417,0.301588150394134,0.0345889998301185,0.351752828621084,0.213140088222795,0.288926313040162,-0.150395530313532,0.220520588620879,0.0388797921180506,0.228839244216002,0.00714111368747756,0.226586712547863,-0.0107618324096167,0.189241464739573,0.00409554809483711,0.525322668966102,0.00514752817693535,0.680517065751584,0.000996565699528924,0.410193555083506,-0.00253298622318067,0.264666429038311,-0.000394597809896422,0.215551865307258,-0.00101600063580522,0.186772442988632,0.00084897659329541,0.16225227737545,-0.000998534597764969,0.153035445757895,-0.00259474484364686,0.156934742496286,0.000791919304953428,0.144659681677058,-0.000288384771857644,0.116613093643318,-0.000966204075999641,0.12804699684994,-1.77837531320102e-05,0.123509974761175,-0.000741623001470269,0.105127861797371,0.000803740973363618,0.563191160279852,0.00113012472322416,0.548124335887906,-0.00046646283047891,0.328478889709508,-0.000792341996569333,0.238616237968056,6.99045216691432e-05,0.208555569260793,0.0005091969026218,0.197115047481152,9.56429713048013e-05,0.171242799064559,0.000332560879843952,0.179433651182243,0.000229460753592559,0.158088746334207,0.000549270183550688,0.162115855614552,0.0001323413834534,0.135049269557991
1034-121119-0023,1034,121119,0023,unknown,1034,0.297876354478121,0.18724247027626,0.728556574278551,2.87483907336101,0.144503052574019,0.240830336118059,0.441322313633845,0.426488607945968,0.152856938978607,1.2135852418926,4.79263255638056,0.319327731092437,0.392557022809124,0.49859943977591,-2.7319474596066,6.47972062836306,0.425079097780876,4.21461182155141,-7.15348249970324,-3.01705231158785,1.30675767822415,12.4039142553939,8.04737085062999,0.141196523918375,3.52088589148362,7.39965938465112,12.0224302489831,17.2966753382842,0.433006816355635,1.16714985836578,8.7213635638567,101.846144074346,0.0631969575745928,0.128942751543799,0.350485996693741,0.0169732713837502,0.00749271778665507,1.83515240280054,9.14359690235983,0.0125156445556946,0.0150187734668335,0.0200250312891114,2.65592049668865,0.615794055410582,1.72958302095012,7.43130325294843,2.24423073350484,2.51280372535555,2.88795064300913,0.10649684790929,0.245745090690605,8.67291586417529,107.054079844062,0.0150980714177101,0.0457028067894178,0.103748335456052,0.00503232368446137,0.0101962105664356,4.69661694098378,33.0470900106102,0.000187267894703559,0.0013102031787582,0.00525852676171189,NaN,NaN,NaN,NaN,NaN,NaN,NaN,-1.92230341239457,3.13760471876239,-15.4587792827525,3.09752800737509,3.08115503791334,1.55437346352656,-0.280897132074197,0.687471805939456,0.703289841120199,0.829794330166734,0.0898407131602448,0.540524146900091,0.0501102112750863,0.435437594143996,-0.13385503483793,0.405745553701395,0.0630963648831837,0.327940933855652,0.121700281348402,0.301469002077313,-0.167244289426305,0.276913170605586,0.0188779442284452,0.245586203211436,0.0904313356786938,0.245080625873499,-0.0321282858958203,0.218059822830007,8.10835635938304e-05,0.55534564724682,-0.000182102994302998,0.633456633501569,-2.23477694718275e-05,0.370222102024025,0.000162712730254292,0.239603300976624,0.000174927004382041,0.219945271202892,0.000178079296871761,0.178593577062772,-0.000131494221421039,0.151338398035666,-8.04544109555645e-05,0.140785655804659,-0.000183987690673004,0.142201236010273,8.48973374681783e-06,0.128964926635741,-3.54537942228801e-05,0.131102595332803,-0.000143251584781192,0.118267620635929,-1.39992795852696e-05,0.120041791418425,0.00010249151336938,0.110732454784681,9.88948085449038e-05,0.52390801875225,-8.50567002554334e-06,0.495566416839593,-3.67207485244464e-05,0.324483150794616,0.000146725444872809,0.248679330701388,0.00013964557826206,0.220087857258139,0.00015622311676889,0.184539780532309,8.04735484740879e-05,0.16494577124223,8.12798871364815e-05,0.147345842376066,-3.15222279843802e-05,0.147978305367628,7.68722662594707e-05,0.145332714744796,3.47929662741179e-05,0.14578756152791
1034-121119-0024,1034,121119,0024,unknown,1034,0.263052060992062,0.177490196251953,1.5222476783934,6.14537121801721,0.140032094713426,0.197269182814509,0.357847175570061,0.410964993518238,0.14309006969633,1.13376318172813,4.83952585659585,0.306736111111111,0.389583333333333,0.482638888888889,-1.72573514986656,7.54055553977992,1.09545720506896,6.11656250027905,-6.26888368248728,-2.83335310492626,1.91280208595043,11.837400657812,7.32528529473305,0.242203455261075,3.47967512447134,7.32679642792611,11.30956169649,16.24034701601,0.600129693177028,1.9949603923164,11.1177408752679,161.696923028495,0.0661119477385392,0.136454952838433,0.430169351931112,0.0189795477278325,0.00870202373480474,1.71113526351601,7.08409586378322,0.0137672090112641,0.0175219023779725,0.0225281602002503,2.73453856271788,0.641928001769278,1.75268570560129,7.87512703086054,2.33859405577944,2.58954967153239,2.97302428799349,0.14882579790409,0.437723518657057,9.59913987263571,112.222601531493,0.0229320308876392,0.0534402148076117,0.124616082266871,0.00576417508394607,0.0107739634340601,3.31338064608797,14.3864689696704,0.000273870932675489,0.00196142893763239,0.00596008994853472,NaN,NaN,NaN,NaN,NaN,NaN,NaN,-1.44145183757253,2.68132557405517,-15.1242318131155,2.80121172433176,2.85190940657408,1.50590381402286,-0.24174316039668,0.692909628708286,1.15933995185641,0.88210861914516,0.175784164252638,0.471791612629101,0.0584059867380579,0.451698461288804,-0.132444077730534,0.39467005261513,0.118620131355546,0.364241315858779,0.158527841789734,0.305224869812625,-0.255828683295313,0.264335945167485,0.0314419139292081,0.256882381238129,0.0942278451581463,0.251813189784863,-0.101816259415572,0.202833116433863,-0.000978626937713829,0.599909861617553,-0.000719163712061325,0.734188447510206,0.000636524511724026,0.397254710628011,5.31523728053574e-05,0.246904029314206,-0.00102427522609633,0.242363791873436,-0.000128959779456305,0.181396702876314,0.000268925165261197,0.151343407678169,0.000834015434855179,0.145152752821873,0.00060079108016238,0.149408304438642,0.000102042294920504,0.124243819327746,0.000308453512143578,0.12907206633514,8.36019654164321e-05,0.122875874200673,-0.000326515335145215,0.119065849136829,0.000176358627844864,0.116452520210892,-0.000196419608256067,0.56470874830904,0.000160155251522944,0.58164435681294,0.000167026604013667,0.319343776369793,3.90776364071314e-06,0.252897454190882,2.34751206095912e-05,0.225073724811363,-9.93429016436634e-05,0.179728856689765,0.000121590001186315,0.163823042668133,-3.47004255865673e-05,0.153640246245585,2.89907219460614e-06,0.158306314479518,0.000189799783681677,0.135677934071116,-0.000111830382829469,0.150498531007131
1034-121119-0025,1034,121119,0025,unknown,1034,0.296850305427175,0.17919965248902,0.814400850791485,2.85641328950734,0.155308898669847,0.234788064986741,0.429494220530616,0.43966891857428,0.156527248273967,1.218119355576,4.54030883732314,0.331906729634002,0.400826446280992,0.515289256198347,-3.40322560792278,7.06326485124916,0.592948948382645,4.25633342326562,-8.0516319178496,-4.05704929571352,0.513129386459565,13.186424887001,8.15683633433191,0.173015820030542,3.62435014682555,7.87246478567426,12.7556808555658,17.9706430233356,0.503671881479982,1.49766724930032,10.4367251225545,141.776341215547,0.067190447091448,0.155020347219385,0.434187924298261,0.0165420210073976,0.00741631013798684,1.9142397122337,9.44403534558143,0.0125156445556946,0.0150187734668335,0.019712140175219,2.63076888910559,0.62860062376716,1.56982066837399,6.40180684768155,2.20748827032688,2.47349270465751,2.87656293879739,0.110222961940876,0.277103845928593,9.50503987385435,123.651528334835,0.0196046824370818,0.0487117244541103,0.103532753986679,0.00338781659987993,0.00588010221732643,3.57344982933736,19.5848269810757,0.000227902060284749,0.00123403364569583,0.00368078174862958,NaN,NaN,NaN,NaN,NaN,NaN,NaN,-1.82968369175993,2.8323827168838,-15.6450893722138,2.78121859246102,3.02441670425634,1.57661322345546,-0.178462917116877,0.689876575820761,0.826719820715552,0.814891973897427,0.0950938240611029,0.51073063738455,0.145225162660055,0.416122360754983,-0.131483700983906,0.391878933234839,0.112148499023723,0.337404093776347,0.192853198824603,0.309898087977421,-0.197321505402273,0.266916725212661,0.0213793182576964,0.251403472522667,0.0734241899140793,0.255794579091321,-0.0475030853866004,0.223212405362633,0.000265388587960092,0.567153311724166,1.82955328351621e-05,0.695904352943921,0.000481692401020681,0.409022299158843,-1.79187981968499e-05,0.241680446473412,-0.000398691442561657,0.226602719876955,-0.000125029019507678,0.192950074733898,0.00022276123685618,0.158393096712452,0.000236917512592419,0.150270512188665,-0.000211173444698188,0.153133588847008,-0.00034871380900721,0.137920104251727,0.000107674150985458,0.131861013015613,0.000143219944855492,0.12173003566299,-5.29623576620719e-05,0.122210117552491,0.000138994357781129,0.110918593542197,-3.82404854731608e-05,0.554828521178736,-6.79807567968006e-05,0.576312368189419,4.59429915024871e-05,0.33244935058087,5.07936830910644e-05,0.248188857391386,-2.27809347551362e-05,0.220340059942979,-2.92014525259532e-05,0.195534255619027,0.000131419682636264,0.164933781386451,0.000128956323266605,0.163436752621381,-9.9196830213511e-05,0.16006675086822,-0.000112544804174196,0.153524273823117,-1.54050296568805e-05,0.152861297113754
1034-121119-0026,1034,121119,0026,unknown,1034,0.296915500287933,0.177157801282213,0.878576323242733,3.6107731341201,0.152684068882759,0.256982550524016,0.414925389745166,0.442975465981951,0.159981699221127,1.1592430768329,4.60794414207627,0.330645161290323,0.403729838709677,0.52073732718894,-1.49036596942979,8.69430494627785,1.46321101674018,7.22653417560524,-6.49226727130308,-2.72236827658473,1.76888189229834,11.1526975678434,9.59306717702675,-0.971687709110979,6.55684314559121,6.52670107350805,11.3007835517515,16.3857724275807,0.29714955808126,0.521213368333876,6.86168256024187,80.8657167729867,0.0621282841489731,0.125149301718833,0.324622373059674,0.0158383613845666,0.00718401693779136,2.18409283519829,9.63533100325448,0.0112640801001252,0.0150187734668335,0.0175219023779725,2.61082937036491,0.554449122144835,1.44645352152608,5.41490084036228,2.22226602421798,2.46801081698506,2.84563033210529,0.0672628425203145,0.108449832849133,5.53545066703437,49.6351997777853,0.0155142977098461,0.0331614992939621,0.0832480850548586,0.0020377511678628,0.0034193862771966,4.225924602469,32.5689293935235,0.000176741055686539,0.000751428801933536,0.00222992990388633,NaN,NaN,NaN,NaN,NaN,NaN,NaN,-2.46224916846163,2.78300272782106,-16.1345962443515,2.61977832409712,3.03057735513964,1.53756713948228,-0.229049197827767,0.646974328292405,0.65152275098617,0.89284500015875,-2.7706944832232e-05,0.490891207336681,0.143069203393733,0.413298928919585,-0.0971454106514441,0.396073538410466,0.137255044523146,0.311721203858657,0.110574549110723,0.247135879107325,-0.142578335805884,0.250400084673975,0.00618023762969529,0.262712403475327,0.0545939168868073,0.23211905796965,0.00596131071005656,0.208254870826475,-0.0017573328771142,0.567142132048363,-0.00214832162686576,0.669440324479641,-0.00113844955760166,0.373472576485945,0.00103081465892845,0.234195739880685,0.000907602011521881,0.213181477950976,0.000132516340280348,0.190393322928058,-0.000627266583886013,0.158603199000296,0.000330059395053709,0.158797527177353,0.00121840855907979,0.138328337609969,0.000254941835193199,0.125312142258017,0.000295404784315545,0.125761389891382,-0.000225105859945893,0.116812861063239,-0.000745489059204561,0.119268327843643,6.93134298743401e-05,0.103395032029514,7.55520856706106e-05,0.527631145113271,0.000208708784901725,0.537000471037212,0.000215804022633644,0.292294649196847,6.35206174880538e-05,0.234524079480505,0.000237454447252755,0.200759802759403,6.28117404337857e-05,0.188197047547155,-0.000413973372715915,0.172489919539213,-2.42602185328334e-05,0.169373873561097,-8.27288575159757e-06,0.155478535430721,-5.57004246303596e-05,0.148195915628852,-0.000277397265872221,0.142614940515541
1034-121119-0027,1034,121119,0027,unknown,1034,0.267328386077576,0.170475630717533,0.966997576924632,3.52758125473002,0.140974445587889,0.209517590053226,0.379309443072666,0.416953624578017,0.146721132121556,1.28605661919701,5.52881404476066,0.321509971509972,0.384615384615385,0.483547008547009,-2.08239625619297,7.88318149222071,1.23813521765873,7.15068144403451,-6.86494573153094,-3.0127533295469,1.74427611072872,11.9582317490319,8.49740536117639,0.299480457711653,3.13973423116141,6.45826935055512,11.07544571539,17.1971303497824,0.357868888712413,1.54418413603656,24.8444085088874,760.479329118452,0.0708147276993284,0.130736296725229,0.268070261103995,0.0180178927362908,0.00785484306690464,1.85003293908623,8.51264291046108,0.0125156445556946,0.016270337922403,0.0212765957446809,2.6798733213854,0.633818425170023,1.73180450955724,7.38156640484591,2.26153294779059,2.5111958103431,2.9215752501698,0.0993207488406416,0.339632593773025,23.7758576157009,713.206293908056,0.020225113436382,0.0468454625944209,0.0974916633639361,0.00466736004977747,0.00929310391104237,5.14663789777579,40.0876822901002,0.000351070397325616,0.00157407362543703,0.00469242005938803,NaN,NaN,NaN,NaN,NaN,NaN,NaN,-1.27852117687936,2.91431502151984,-15.0395370850097,2.8335989105108,3.35468657607821,1.57089139080284,-0.340188138328557,0.731431795931971,0.851962116063418,0.841727661594222,0.0664790172021224,0.55051243525411,0.209307717354637,0.429006596454064,-0.164780720966518,0.363933295617857,-0.0365302859910997,0.395469821956508,0.155920760637236,0.319570785900022,-0.175502875858672,0.280446579607205,-0.0584640924794529,0.2676412274437,0.0326263529248071,0.255681343072812,-0.0110311161566153,0.2132877387341,7.76094073887328e-05,0.574312164047828,0.000194648160588355,0.71575769998896,-1.46322355965782e-05,0.416663944327092,0.00018697792534587,0.26903072056857,9.26703970927791e-05,0.23298609720344,-0.000233480795484776,0.19095990043226,-8.50524147096273e-05,0.157756107160931,-1.70187868679448e-06,0.142884372331704,0.000144739005650441,0.162834784379981,-0.00015533239343421,0.141129552064748,4.73300615927636e-07,0.131983960098492,0.000172708788040699,0.130358740655318,-9.29326552314293e-05,0.122934539059704,-5.77910087850782e-05,0.110352299303561,-1.60905310930181e-05,0.488301213776307,0.00013869946002817,0.585369389993503,4.77086102527654e-05,0.376129815054791,-6.29186840866443e-05,0.287925005598646,-3.20728924480468e-05,0.226521445113457,-1.2947676744274e-06,0.200985030143215,-6.8632349503306e-05,0.171306252970772,7.40801129674319e-05,0.154955027736855,2.76559072364482e-05,0.166638890172377,3.8157779335983e-06,0.163256679891833,-6.30786577794233e-05,0.157337402562667
1034-121119-0028,1034,121119,0028,unknown,1034,0.237853198383981,0.148221137922196,1.32549887617886,4.78081061656616,0.138803772013215,0.185904063713835,0.314796415731066,0.388704072820408,0.126556665262993,1.44888413922402,6.4429338397959,0.306910569105691,0.36280487804878,0.446864111498258,-2.82604170488278,7.9413515658737,1.33576683773784,7.39171259496602,-7.49771080446378,-3.6917484402231,0.628509206720743,13.2279967996973,9.42663214407676,-0.164740225099885,5.24349551994941,7.53312863633018,12.3148823638398,18.5636343564736,0.603146718006093,2.01207144296259,11.8132798371728,181.360972461196,0.0868641604460535,0.196911571113435,0.519617669236556,0.018012508734607,0.00752272513411771,2.27037561496668,13.590890358783,0.0137672090112641,0.016270337922403,0.0200250312891114,2.66920392616895,0.612430670927416,1.39426940495057,5.44574467635165,2.24513414639592,2.52136711094199,2.93432994680584,0.138200482348672,0.361647708607176,15.2310037093474,331.400000754727,0.0312004100393852,0.070272905338,0.140323410044063,0.00705361969382166,0.0118067133116756,3.37761403156462,18.0754154758125,0.000690422879672796,0.00242845951412796,0.00752172325048993,NaN,NaN,NaN,NaN,NaN,NaN,NaN,-0.55017187313251,2.42811092761514,-14.3183939889527,2.43493548390206,3.34827940230208,1.65358080551931,-0.243693204505222,0.712463931500511,0.984711887565193,0.939810007300308,0.0803324666754282,0.58992477918173,0.0505156564023609,0.434289575630567,-0.121665179209949,0.38953538597172,0.0576255807422103,0.353960671599645,0.15260799345404,0.302571314930332,-0.166864864609592,0.262974664481596,-0.0690055846542546,0.263681616965059,0.0861408859703144,0.246022747435182,-0.0154794051250068,0.220626088319227,0.000734086572620954,0.545672340256349,0.000966312282281011,0.720950467411689,0.000203751160883812,0.42743448611615,-0.000411296943195277,0.259545856310262,3.23588384466037e-05,0.253641306109099,0.000137462457545247,0.203963036039772,-2.33809593575057e-05,0.160896875510208,-0.000215220779492992,0.144717321209451,-5.80337284122471e-05,0.150545293146219,0.000408791582171158,0.130362177939809,0.000114201436275982,0.11983497549422,-0.000305919449514812,0.126439527252048,0.000107403407840992,0.119513087166681,0.000298777888641203,0.10622375592237,7.35488478837131e-05,0.449394529131215,0.000322940636499034,0.577293397921658,0.000108754757796119,0.367399240096156,-6.82859595232728e-05,0.260553703742219,6.00191182725266e-05,0.239974409908075,9.40769316387567e-05,0.205873100638921,7.43555276083409e-05,0.169945190110785,-8.33065368013103e-05,0.154232614851335,-2.85161429152443e-05,0.158795211061114,-6.40003254079545e-06,0.146721604555044,-4.62761566540793e-05,0.141982389261312
1034-121119-0029,1034,121119,0029,unknown,1034,0.297988220069308,0.206720031571191,1.2194670497696,4.37649735046912,0.154666533372364,0.225150250640349,0.413837531227833,0.435567418793464,0.133346895466151,1.43160944270591,6.28269257549566,0.351851851851852,0.407407407407407,0.49375,-2.24764069762267,8.07483081968769,0.870395394285706,4.99480943247941,-7.48015891578366,-3.07572889325994,1.8461217071226,13.7886394817447,10.4501097710944,0.317469540751247,2.75821379715964,6.4046684724612,12.7661037167041,20.3876087425996,0.521247353478384,1.25293145951625,8.04830936453779,87.6562419842778,0.0861677099352314,0.194648950983108,0.451160389132601,0.0178841973519531,0.00804659117615682,2.15478740752507,14.6500332414467,0.0125156445556946,0.016270337922403,0.0212765957446809,2.70512758578312,0.622220638937735,1.54897492812046,6.67629353238334,2.28021894928324,2.56143975810141,2.97152779798324,0.144460165054752,0.329098230596894,8.69624709144791,98.5675870629087,0.0263128606410598,0.0670559337151452,0.144278703613938,0.00710455222861069,0.0163993234463096,8.54261415523714,101.707509561508,0.000591684343432968,0.00255172063218912,0.00809041931721889,NaN,NaN,NaN,NaN,NaN,NaN,NaN,-0.793110798299501,2.82970575154138,-14.5931651154547,2.78463962102599,3.1245661344998,1.40262005175564,-0.197346002319582,0.749408433757324,1.18418388299134,1.00761399435367,0.0589912165256916,0.59941552716902,0.066095364906982,0.376109983482308,-0.0583660308332921,0.407643419512075,0.0869753347589802,0.356173092857915,0.118096218982318,0.295098470565709,-0.0933401856525703,0.286364362033554,-0.0282703187047749,0.293071614616474,0.0587585781351268,0.227216873635899,0.0572782116650159,0.219387025302358,-0.00270651199026822,0.629902036075471,-0.00401292673444274,0.74150472764203,-0.000170455303806813,0.418953562452925,0.00185376550243886,0.294410139462099,-0.000816828599697165,0.278002910828385,0.000181549831727924,0.196248159397691,0.000419903491655534,0.16310292793518,0.000632653488498541,0.159583793518984,0.000212797050275709,0.152283810965068,-0.000489437683357464,0.136022153732812,0.000105357166832593,0.141318237191815,0.000176403101738103,0.135337390424806,-0.000128243914029569,0.122498296693721,0.000301638764932379,0.109103296630287,-7.83108070881461e-05,0.602691883161442,-5.6105018603836e-05,0.623470600373357,0.000112086896813829,0.380618485128967,0.000254157247438892,0.30273968403231,-6.59905996934992e-06,0.266241035312223,-0.000125128163306976,0.211292876931892,-0.000112844246542981,0.17558286262381,-0.000151672467580366,0.164262663413984,8.82368076073455e-07,0.161290421766655,0.000119828270347134,0.152766619895385,-0.000334880730624807,0.154638370322649
103-1240-0000,103,1240,0000,unknown,103,1.08441225768136,0.531435931362564,0.464469138854785,1.9768595978306,0.655043386531107,0.903109799853539,1.57044729639897,0.505537451126928,0.197331518899283,0.150076805459058,2.86304170943777,0.37,0.516666666666667,0.627777777777778,-0.0677669317097204,9.74180756672022,0.100106361995946,2.80151001965997,-6.55671258143157,-0.875971216116201,6.44348248593743,11.8518644633543,11.1840295766317,-0.0634327285904689,3.46342779000422,5.97270243759597,12.4449062830512,17.6775193128761,1.3570326055244,2.54039647274679,5.60193337158992,52.2693384574748,0.184511664315685,0.372654232162557,1.7047890798522,0.0132582038088922,0.00722900881507445,1.0621963265268,3.26654713065972,0.00750938673341677,0.0100125156445557,0.0187734668335419,2.04635672894119,0.407107589306373,1.11379795087132,5.87374214929117,1.67946815206213,2.05891608591759,2.27621455325469,0.111889686945913,0.238339173921707,11.7286460009248,202.474609210164,0.0348365355647946,0.0667724012487567,0.109551418007416,0.010446435650504,0.0282370647869653,7.25782171835149,74.249387104249,0.000210985315688725,0.00202481073550472,0.00865419328506584,NaN,NaN,NaN,NaN,NaN,NaN,NaN,-2.20336262618014,1.85758868292937,-16.4185002243703,2.95506308201611,1.34300896946403,1.3733297624501,0.188434112517355,0.864012445248735,0.745322736946952,0.839543268021229,0.137718948592881,0.491354862810955,0.0564679543936839,0.431674934861491,-0.267857247049106,0.417722014419019,0.0730115220214742,0.332444625722289,-0.0818321101737887,0.352531455860019,-0.0758099955717522,0.288845370211492,0.0605992504948362,0.20865762789606,0.101908709079271,0.223260711211956,0.0312841998765569,0.229519199344759,0.000767559285170814,0.404794948832918,0.00330992049381495,0.76746050043016,-0.00103044749466253,0.426345290505077,-0.000829517282076332,0.269854794943279,3.09446855258754e-05,0.235579887251062,-0.000162719300886575,0.196201368723535,-0.000417117856058073,0.158742150231413,-0.0003275994255732,0.172146358574768,5.265341807711e-07,0.146638715849583,-0.000176949805393934,0.142581125589954,-0.000356227846102654,0.136439235083339,2.7547019203806e-05,0.114571175565383,0.000290409381531148,0.115069854269102,0.000180095765910791,0.115209338658743,-2.50276264758559e-05,0.337404746876664,-3.64415193644224e-05,0.626976964574398,-4.62155647569335e-05,0.353516211004548,-2.56292999136379e-06,0.255293665726276,-4.96745356696223e-06,0.220281897114935,-2.2014605089452e-05,0.196035387978245,2.79953757994755e-06,0.166674985964513,-8.13866331629814e-06,0.175679921708312,-8.67366660379055e-05,0.166852047739124,-4.50079428511142e-05,0.160248367058805,-2.58110384736287e-05,0.151792595246521
103-1240-0001,103,1240,0001,unknown,103,0.915587772516792,0.456603899418275,0.577885591890907,2.16110538042755,0.553460246038365,0.764376580906852,1.32177054789248,0.483562349408506,0.198393382903908,0.313011866275325,2.82325805422241,0.34375,0.48046875,0.607049851190476,0.936374552315209,9.97381213208495,0.0772865887199601,2.80846810524771,-6.10510756721228,1.0931220586759,7.12134384501326,9.76651266667932,12.5633657889651,0.18100077405681,3.13749410226605,2.1013786470234,9.20385954703224,16.6195661658868,1.10329471289105,2.05546860073071,3.83348805962373,21.1560374122754,0.171412979538913,0.326786783892092,1.05750089140395,0.0131107280326825,0.00729176774809863,1.20680807461654,3.59787170692482,0.00750938673341677,0.0100125156445557,0.0175219023779725,2.08093862915108,0.437262011928429,1.1322490203411,5.74868881365619,1.68344885461943,2.08886450081943,2.31957077654016,0.102145532271141,0.184785416323524,10.7273199104436,166.819291766771,0.0349249960459815,0.0634192388798841,0.106560538036832,0.0120912789669087,0.0244068037799192,5.23538173556224,43.0846171083907,0.000743027098517775,0.00359535114332459,0.0128405227637093,NaN,NaN,NaN,NaN,NaN,NaN,NaN,-1.89721424619397,1.78541511771123,-15.4803045219063,2.80009158839011,1.31714174636768,1.43860501760192,0.0562912990030707,0.817747522562311,0.825048953138039,0.911120630601987,0.0343551062328442,0.556391573575454,0.000232695236410863,0.461715372676402,-0.361724923092562,0.462751149173674,0.0424300230227619,0.375159383348837,-0.154592694797124,0.331543882084431,-0.114375187391623,0.289558981638935,0.049989083564574,0.231481376148806,0.0811071356309169,0.256061734883718,0.0291884831162995,0.211062675842059,-0.000154773772086982,0.480180423782969,-0.000332180649302182,0.898276475803129,0.000312968533753335,0.457499171505159,-2.13822030400005e-05,0.283044887360327,-2.82241368828085e-05,0.263201655390175,-0.000161027976252544,0.194847347123386,0.000297068929269016,0.178592777079797,-0.000167430927972424,0.187229901344837,-7.36531837246926e-06,0.148984782625978,6.16611239731299e-05,0.144567264389745,-0.000241440114917477,0.13818532678918,-0.000197956035069234,0.122896851617004,0.000108242462200797,0.128530844966402,-8.23141942466215e-05,0.115161353036825,6.42686847207809e-06,0.423839777391561,0.000150509307286542,0.758897966353659,4.20034075980455e-05,0.39046160817341,-2.3613787439903e-05,0.2751024797992,-5.64794320036139e-05,0.241849946359078,-9.34381322996657e-05,0.196747448596431,-6.42431265050725e-05,0.181207655208529,-3.1875985716357e-05,0.190967715030946,-9.0294991605857e-07,0.167659590530737,-9.14538659868257e-05,0.160892306051379,-3.72730474663169e-05,0.152050386801671
103-1240-0002,103,1240,0002,unknown,103,0.795823931224154,0.403230341013728,0.690933125727088,2.41329329898188,0.488133905342915,0.671407369055823,1.10121658894149,0.458340971481363,0.178152600948071,-0.110647301307965,2.62810733772427,0.342210144927536,0.478260869565217,0.57457729468599,-1.52540880917254,10.3049069626613,0.263056783868573,2.70902481099829,-9.40698016131486,-1.40321697604447,5.16180641713145,12.8296897555311,11.8423475418579,0.200835453930606,3.4973114292703,5.65173159694531,11.8661530126653,19.261955254569,1.05929346056206,2.53732939920214,5.69800189056123,44.6471239685408,0.158147197169629,0.289409153880204,0.618904992772819,0.0139364853548952,0.00768899444814193,1.08836076414348,3.37572597361108,0.00750938673341677,0.0112640801001252,0.0187734668335419,2.10489151448113,0.432194930040546,1.56444185149324,10.4621473096289,1.73137278276095,2.11025018069566,2.3290713115513,0.103059273841007,0.180993931522119,5.99673231730738,48.4834068683934,0.0320040490497691,0.0595254968154952,0.0988047917322049,0.0114692389172653,0.0191307527139927,3.15103465104611,14.3881192036855,0.000871126758884225,0.00390749284069954,0.0139487935401925,NaN,NaN,NaN,NaN,NaN,NaN,NaN,-1.69750298739269,1.80290006213431,-15.1805730809674,2.65851970900285,1.45578957039386,1.4969993121801,-0.172192079543888,0.972262321102026,0.82825265500804,0.865023665545915,0.0617789367223618,0.55695498084575,0.0233228929506623,0.444282602088341,-0.376359138646849,0.466404480619953,0.0663615119993022,0.3391262178349,-0.11761950684021,0.396141535177555,-0.0704670065604213,0.320624191223506,0.0925153625253501,0.261575585019546,0.0591583771386723,0.277658808792304,0.0341067529677118,0.232222639507299,0.000156097039539791,0.483258567865842,0.00040907481127189,0.860050176350684,-0.000643932615744609,0.467429294917917,0.000114242964956885,0.291612406323738,-4.10660164871618e-07,0.267848814829728,-0.000200565410548402,0.203664471324881,-0.000269899555450179,0.171103760191042,0.000106523110760357,0.182350898223208,3.2654759406785e-05,0.148941020861422,-0.00032367593685494,0.149389925955381,-4.75442884764844e-05,0.137675748038304,-0.000118190539193632,0.122830611878701,-7.96921493455099e-05,0.128303100662158,0.000240773087935215,0.113551115209072,-3.28030630962355e-05,0.427684252360261,3.08395552027683e-05,0.698734834410666,-8.69398168038763e-05,0.378604476305972,-0.000156774966511249,0.28141911257934,0.000120204126952541,0.237372028979692,7.89207683076004e-05,0.200829027232644,-7.54578614436105e-06,0.182511252814853,-7.51645046646728e-05,0.172339790886557,1.99085033271032e-05,0.164143535533713,-1.05902091430806e-05,0.156117147820441,1.65457734992133e-05,0.152610719997776
103-1240-0003,103,1240,0003,unknown,103,0.918375852574121,0.4584736334104,0.71213678165431,2.50538755136388,0.58246843915227,0.773646970653299,1.26794552429536,0.502910532634705,0.194232157166277,0.380932880986076,2.99863075784926,0.378763440860215,0.489247311827957,0.612903225806452,0.504590327417587,10.0107627817834,0.0120799445523341,2.81264785876625,-5.65801475768288,0.61541697024669,6.60900337224421,10.0704291699155,12.2843277818322,0.123236914092233,3.20993293509643,2.91406900892375,9.74158980121301,17.0492363517245,1.13557828162509,2.25343930227448,4.78691408116671,33.3638127008131,0.193297627897304,0.349676682871361,0.904445490744135,0.014169040544034,0.00796509383179093,1.08769696703738,3.54836513431665,0.00750938673341677,0.0100125156445557,0.0200250312891114,2.07206738191467,0.385842828549244,0.683243747374134,4.32648479280745,1.69210205212951,2.11172604859537,2.31722524412803,0.108612386746739,0.186804019902049,10.4967322976545,168.016898426853,0.0417429184821651,0.0715687456624164,0.115119498001565,0.0099074660569861,0.0164789687546735,3.55490751515254,20.8762040928577,0.000671636943243271,0.00385129985460574,0.0120137078203098,NaN,NaN,NaN,NaN,NaN,NaN,NaN,-1.80851045037289,1.86096233032607,-15.4484605473199,2.89775321144275,1.51293523808648,1.39365215902505,-0.0682941012529177,0.940046924436931,0.879587612124652,0.82856030345469,-0.0470047878275549,0.513697233677134,-0.173920603786875,0.447910705123007,-0.295582371472524,0.469010406523897,0.171186347823279,0.368731441051313,-0.145219474604584,0.325349901545398,-0.00896418494542949,0.287059567284093,0.0173414172244113,0.256041039762563,0.152790020620965,0.239035932239133,0.0152731352995481,0.206262925570527,-0.000635746117742168,0.471226730432136,-0.00140287634784809,0.889034085151139,0.000551706749669866,0.443495737643129,-6.12549401148412e-08,0.291285908387491,2.06143643344266e-06,0.256236850096552,0.000166004586818534,0.198745387798621,-4.18302829332165e-05,0.177387705706947,-5.12852349103661e-05,0.178289686143152,8.67524371223186e-05,0.147479759288098,5.97253059012251e-05,0.133404522467833,-0.000170237752020789,0.13420833635819,-0.000104584627463081,0.123266123882914,0.000190172479574232,0.121774770014726,1.46892351680599e-05,0.115105935786307,-3.85549029748012e-05,0.431254815585618,4.70169603381603e-06,0.766253461681721,-0.000120311090242192,0.395457883798227,-0.000159031077666952,0.292340110677393,-5.00007340975172e-06,0.232559532239486,6.9505072425874e-05,0.202453307633265,9.81830417183491e-05,0.18934162597489,-7.24011786776076e-05,0.184226199580935,-0.000105973219600718,0.164380951171638,-1.78984249828144e-05,0.147642807585006,-4.74843536287925e-05,0.154423766989126
103-1240-0004,103,1240,0004,unknown,103,0.911444752445285,0.442822706039756,0.687242708464049,2.49087924513378,0.58181116587786,0.780219184352299,1.23748286845023,0.495359694137016,0.201264894249043,0.497966382608125,3.00930087092831,0.3515625,0.486545138888889,0.604166666666667,-1.45606894951308,10.1028075126888,0.106667702275393,2.56223684531559,-9.32159130525709,-0.934914639604585,5.42010439502428,11.83908351403,11.5854486194203,0.000737077215319651,3.20893430453546,4.91072172203672,11.4105199444269,18.5932070378601,1.0560061201774,2.46422405208321,5.64677714584738,41.111159063,0.173421803976835,0.336011253941054,0.785127959074532,0.0142098232253028,0.00790231929214115,1.01612703768216,3.05258639683373,0.00750938673341677,0.0100125156445557,0.0200250312891114,2.08884473032203,0.423535021251692,1.18386894549836,7.0037535226633,1.69118406915181,2.11853417438522,2.33065513538192,0.109813188532267,0.247706185633644,13.6329531856439,277.90382726519,0.0337009315360643,0.0614680215167587,0.104964033117331,0.0106465235942945,0.018354723735159,3.58104882476013,21.4723522837538,0.000622426688418851,0.00326271893023076,0.0124217029927388,NaN,NaN,NaN,NaN,NaN,NaN,NaN,-1.75677872594242,1.77960279490241,-15.4995778600353,2.63282980065765,1.5964670024671,1.57644497516233,0.132959071887887,0.885045219323492,0.834838227258501,0.786702126824097,-0.0903675336607837,0.572259788459803,-0.205271616031091,0.449715653868941,-0.243867460328187,0.408359810463585,0.128779643541617,0.354972444110037,-0.17532452493859,0.330538208581885,0.0951482480132414,0.290247521046443,-0.059363333692216,0.245660032515179,0.186840144967618,0.246163726453296,0.0344653487044304,0.216014883901702,0.000714334357522463,0.473193240344449,0.00185827235208184,0.833223095516114,-0.000382174323326725,0.488205898272146,0.000210322547392933,0.292516664623775,5.71358262188579e-05,0.244461445814339,-0.000243094867327316,0.210230546558821,-0.000219303213396132,0.175138680072444,-0.000338167065951671,0.179120041857288,-0.000244453535611062,0.148196643685433,8.56257594166424e-05,0.144271496741238,0.000214309355394464,0.13499435038105,-9.17400595820432e-05,0.133206977819236,-8.42927634982864e-05,0.125212109157646,0.000168859608220269,0.108973927445358,9.61382947631175e-07,0.431914835621319,-0.000147591366691924,0.679036802723051,-0.000175861049474394,0.402716164316507,-4.96371129221705e-05,0.28071386956308,0.00011557286927245,0.237406086621593,-1.74262268486812e-05,0.20060214111907,0.000111923339826964,0.185593718664737,-9.19493640885704e-05,0.181599778568413,-9.36408674658067e-05,0.1655637015482,-1.69398431688785e-05,0.158205861641612,-2.5848573756865e-05,0.153921019394224
103-1240-0005,103,1240,0005,unknown,103,0.967555963906365,0.481946926086232,0.665926361146185,2.39480952023409,0.582389014702642,0.836710314898727,1.33715308868263,0.507448140305463,0.200624088551565,0.686578071263083,3.31136748011018,0.365437158469945,0.488524590163934,0.602914389799636,-0.372184454225123,9.73460207325339,-0.0533556695486372,3.09982855121921,-6.83133537330683,0.0635285894021759,5.6273912368786,10.4857971006193,11.8484194546865,0.26602640524266,3.33024342518059,3.51338239471628,9.80589250251809,16.8178653629222,1.19785752247265,2.7984690271884,6.31637924796628,57.1780022883127,0.190741292029447,0.378071405816119,0.980674567422581,0.0142767686309806,0.00831473303945353,1.19478932683861,3.89615971765242,0.00750938673341677,0.0100125156445557,0.0200250312891114,2.09073132880873,0.45280421148269,1.27482612552868,6.51018220971815,1.6858964322091,2.10058417573061,2.33259599287865,0.114533786394199,0.218314327913948,12.1558454301229,230.713799581305,0.0376564674896059,0.0697688139098882,0.11690319266636,0.0120071032134517,0.0190884167321192,3.28355308099559,18.3334568413277,0.00090620650873559,0.00420613857620595,0.0149811022592121,NaN,NaN,NaN,NaN,NaN,NaN,NaN,-1.67619969462397,1.70755967273573,-15.3723843674293,2.47619278860872,1.34666871997011,1.6473843194229,0.205956559761317,0.927430675986865,0.852291321531865,0.892135041694613,-0.106262875697811,0.573694113077941,-0.266857453520094,0.472397995048137,-0.125638915343725,0.415651664841231,0.107971487224403,0.314464888394974,-0.215639505893404,0.337437646839777,0.0957452618386363,0.301388119431283,-0.0571822343266512,0.2443874757853,0.152028563387536,0.225840303424388,-0.0115641111120411,0.234821714895985,3.46080939835363e-05,0.498474096940485,-0.000482748950648618,0.857662589964366,-8.0876445835421e-05,0.472426202290485,-0.000170054979416844,0.298261143696034,0.000314701795549837,0.266460617547588,0.000117747696013451,0.210526714303908,0.000190320186357199,0.183668996562054,8.99063027985893e-05,0.171664851304626,0.000135304860269173,0.144971605041179,-2.6069425087325e-05,0.142732445974845,4.10496226248423e-05,0.134099826379533,0.000464730144246621,0.124755707165926,-7.91387194140274e-05,0.116099832789874,-0.000211352578607017,0.115909602921073,4.06905904309893e-05,0.4510391444591,-0.000113163393140176,0.688356156403954,3.6651347661089e-05,0.384306444665248,-4.71490981653926e-05,0.290155349122384,7.33617590114444e-05,0.243330605809924,0.000143501727995748,0.210386352636528,-3.03293230975247e-05,0.197458497712376,1.41435359334564e-05,0.177247422725698,0.000156539604791601,0.162434615338228,0.000105617449690531,0.161168600144076,0.000155810102193792,0.150662415067685
103-1240-0006,103,1240,0006,unknown,103,0.882071711660109,0.398203268558163,0.69277913259655,2.71846066447875,0.596639370683963,0.765451588188688,1.19455278576939,0.48244970840525,0.189958945040646,0.0722319384984664,2.77709665246454,0.36455223880597,0.487562189054726,0.597761194029851,-0.296392212635563,10.3146104358195,8.09922475858197e-05,2.48762287235733,-8.22590027083113,0.258439669590493,6.4603385607778,11.4389696957995,11.1650299581005,0.237515393399429,3.14660497829569,4.73983985780409,10.8047181219982,17.5050391725225,1.11807850094457,2.2549740387796,4.08025733629806,22.5802421691194,0.188096025975994,0.332476628110363,0.829997228997823,0.0138380522823342,0.00734304883902191,0.893269232666425,2.76493192281321,0.00750938673341677,0.0112640801001252,0.0200250312891114,2.07072691676294,0.381304581564279,0.496426344453361,3.45492490383416,1.68942105608834,2.12533304703875,2.30726993891688,0.102653414433564,0.213877544536484,12.9843448516734,225.147070461279,0.0371032529102363,0.0597695899357565,0.0994287792087677,0.00891087401864528,0.0162385747583883,4.42757158227488,30.0396507108964,0.000737902575083823,0.00318002214408625,0.00979031788325826,NaN,NaN,NaN,NaN,NaN,NaN,NaN,-1.7697412184,1.66941694975196,-15.4395090682645,2.63049067703693,1.63645578826757,1.58242910783332,-0.0433994956159934,0.889638533402084,0.730967858296776,0.87249222759895,-0.248833488723107,0.604624696046816,-0.101891898205651,0.455784634106799,-0.12351805040036,0.41172609749539,0.10116080033774,0.394091642000871,-0.101866197275184,0.316579760393428,0.0989767972814549,0.297930294682776,-0.0614209060003692,0.214654100015579,0.169257344529087,0.23600358994913,-0.0349101352103764,0.236342871436983,-0.00114910602964242,0.432412521215538,-0.0044747677024702,0.860752637305848,0.0014014844453513,0.440647241774127,0.00137511306398176,0.270068091145449,-0.00113055866039707,0.259670227569564,0.000352465569647339,0.208706801517079,0.000955523494686891,0.177665580587602,0.000344842073478298,0.163123811891017,-0.000611392704001817,0.148095050613562,0.000130122884097064,0.137653537288408,0.000416636895633908,0.135074469116598,8.67565159808767e-05,0.116794983452976,-0.000332764196803017,0.114298829006143,-7.90104674978099e-05,0.118555506880818,-0.000142840358187478,0.377630366157876,-9.98992887541234e-05,0.701079344855295,-1.80384119856321e-05,0.3823465491492,0.000144534566440755,0.259908251686518,9.5220662375747e-06,0.247580902115583,-0.000163504661840679,0.204947068649214,-0.000146082147448813,0.186532720923462,-0.000110344953467148,0.167308966059956,-0.000204823426685598,0.15959056603065,-0.000109534094358453,0.155356908718917,2.50335794137415e-06,0.146142977019867
103-1240-0007,103,1240,0007,unknown,103,0.878085879662982,0.418252270595038,0.703973168498168,2.48560543516124,0.566571080237296,0.743623330424032,1.20993274267195,0.471905465577548,0.187441375739754,0.439779634729783,3.12577193440663,0.338235294117647,0.470588235294118,0.566176470588235,-2.72934870315053,10.5313965635068,0.0687475358756118,2.63522176977551,-10.3483108567145,-2.43767633030316,4.29236119516953,13.1609891935138,11.8012503669877,0.0437827415021012,3.14219379457254,6.14542028983847,12.4465504500254,20.9204504520605,0.976622199367112,1.95100122154287,6.8635039236869,67.9178170074521,0.176033771733218,0.383842596491282,0.984066394546136,0.0143341284677897,0.00768973628785968,0.868559633624259,2.67983225579378,0.00750938673341677,0.0112640801001252,0.0200250312891114,2.08613917912616,0.397136218272319,0.711599436988433,4.69037310106011,1.70629278554404,2.1180173472636,2.33340251517159,0.0982805247492006,0.17073743883804,14.4981441738797,327.758837740656,0.0346971799666025,0.0647771567321412,0.108365239352025,0.0106732928962512,0.0215590634154619,3.98253461191289,22.5162756231519,0.000502154460754824,0.00266849123366196,0.0105344840814159,NaN,NaN,NaN,NaN,NaN,NaN,NaN,-1.83301386479263,1.78815575325373,-15.7508806776547,2.83039991161054,1.57573373663563,1.41186363476691,0.134457948223809,0.880393008069868,0.974538353548807,0.805436879376189,-0.144312122807915,0.577322970015111,-0.213612997694975,0.444878854924956,-0.14599283848607,0.43453722108166,0.138235300390341,0.328701179268963,-0.14504772118633,0.317697404904744,0.075936491414811,0.285588745926337,-0.046805312639378,0.234847463730492,0.147641710652427,0.245866871376717,0.000137635491481846,0.235335213606513,-0.000521141224841732,0.415484205321113,-0.00118683131310373,0.789989794724391,0.000435434753166143,0.428337498376044,-0.000318013711202153,0.267236184980569,0.000117499170775442,0.238367995478398,0.000162466140869432,0.214830317636796,-5.0546794105098e-05,0.177872375695592,-6.76598501559263e-06,0.161638912553394,-4.67268211919673e-05,0.140902958511851,5.4744202593568e-05,0.138381577688016,5.37658505835866e-05,0.131431851520348,0.000167675924658482,0.121625951854294,-9.40977768060558e-05,0.122135581621337,0.000242519110502101,0.117140983014211,1.9144827740575e-05,0.363412301566659,9.13324709875552e-05,0.636843070966354,0.000100301190319611,0.356982447509194,-4.12440388672823e-05,0.245278800651267,-9.92346645792792e-05,0.22419208653592,1.43946791600344e-05,0.21478227442388,-1.98143614637838e-05,0.182376479693324,-3.36193726613848e-05,0.158760148686798,-6.2638639260277e-05,0.155602167969677,0.000132132326897811,0.153604245371743,8.51026429355271e-05,0.148568795207548
103-1240-0008,103,1240,0008,unknown,103,0.818926530213178,0.37127057576057,0.608877569624402,2.51655560115227,0.536036867510111,0.73298443218391,1.10076542249443,0.466719209773047,0.180980428895358,0.375138555548523,2.86382802455695,0.345719178082192,0.455216016859853,0.563796477495108,-2.46719722157237,9.01286167361345,-0.036389920159734,2.81483536158211,-9.18833877358065,-2.21555779838992,4.21620298033037,14.0338386587613,10.0394652775964,0.375473196200877,3.35107793689841,7.19960298103619,12.8950603493859,20.1732799893936,0.870531887807533,1.90021586210718,7.17061557856035,72.8303835008898,0.17333503170486,0.31878830500088,0.743555108762711,0.0134272779245663,0.00722166716017126,1.14274103009677,3.45235093300065,0.00750938673341677,0.0100125156445557,0.0175219023779725,2.07582056131439,0.395048866676785,0.633516832073875,3.76046628229144,1.69866078817263,2.09788054863901,2.31217781981167,0.0797775068684106,0.119519309102861,10.6542531149614,180.764250126581,0.0327065943415715,0.0569847721460577,0.0887730055717017,0.00794242150078961,0.0146635924202226,4.78899604887705,39.0946750138297,0.000674283929768433,0.00287179092068165,0.00854795687141043,NaN,NaN,NaN,NaN,NaN,NaN,NaN,-1.98175721384039,1.73856655248493,-15.7411106511666,2.65288020944247,1.56837539413419,1.41494108990591,0.0836782155748944,0.895556840534765,0.876126989536864,0.8605152371289,-0.106612914297837,0.586230240582104,-0.0928864428493915,0.503680359534965,-0.211446504822018,0.439070735819821,0.0938881517469876,0.341842738001165,-0.148920413419223,0.327862651145008,0.0752100860830458,0.314533313398525,-0.0507439713693008,0.243604120333353,0.108772451988237,0.230837329006555,0.00203403392715029,0.214935028904475,-0.000327500914262139,0.406881987479189,-0.00139335828515809,0.760870187872539,0.000512345576703458,0.443574158257341,0.000167051467674418,0.267435960960138,-0.000337777868921459,0.242173957214447,2.02532921375373e-06,0.211467439678422,-0.000161644767439824,0.185634349706958,0.00029073190727113,0.174483963429167,0.000198919899017447,0.140958570160817,-2.04538027664303e-05,0.141280059706258,-0.000132452989668229,0.132322985370416,-3.38105859044318e-05,0.120398018503115,-0.000112712455309516,0.108520969317112,-0.000227480025630425,0.108177572912407,-2.86760869307623e-05,0.347240601776197,-4.99120075907869e-05,0.608349063227227,-3.5716451407535e-05,0.366094727943291,-6.23317614395317e-05,0.250989528306593,-0.000139239195961585,0.219574782683166,-8.05603507390464e-05,0.197330283308615,-0.000139773523662365,0.183663607994513,2.06870743494341e-05,0.166444599795933,0.000110134627391903,0.153805417861247,-3.27968631456602e-05,0.152033828748063,-0.000117507169302134,0.145554087505569
103-1240-0009,103,1240,0009,unknown,103,0.790754646172135,0.371003136961342,0.839211411131837,3.20232741180615,0.525384496290331,0.695465022052781,0.992460858662674,0.453820745571938,0.185585381880015,0.447408916103426,3.06068650889153,0.333333333333333,0.444271911663216,0.553140096618358,-1.48224261056549,9.24684873991598,0.053910373781597,2.73033555106723,-8.5209522255898,-1.1181635397443,4.92879159428495,11.8556265768375,9.92506586425451,0.0834377404909872,3.69694899119525,5.59054937875387,11.3260793337122,18.0724981994746,1.02448142818148,3.01991570669029,7.0274412948394,56.68282818445,0.168770268441745,0.322374365934892,0.710445690604863,0.014022783734924,0.00766601129739511,1.1359143573652,3.52092486243642,0.00750938673341677,0.0112640801001252,0.0187734668335419,2.13458448536172,0.435331996979884,1.32891409070095,8.18980119506561,1.76656235479221,2.13699582410041,2.35136272241837,0.105447692034675,0.223420927369216,9.94127857094655,138.961182982411,0.0384641412732191,0.06021364107473,0.0981761613361002,0.00990239331614044,0.0165699038117894,3.41894218995617,17.6104180953545,0.00107719663806746,0.00388363531100787,0.0104647875613412,NaN,NaN,NaN,NaN,NaN,NaN,NaN,-1.63079971931718,1.58949297600145,-15.2355953141521,2.34275108451077,1.3678904990724,1.59720519528724,0.255132360308572,0.929341630047094,1.25421252790026,1.02083267416098,-0.247871813660207,0.623600316262937,-0.210139738431226,0.494078473979161,-0.169691882381474,0.448989876360631,0.093789346402481,0.371667702983758,-0.316900947855931,0.322543811128934,-0.00889761797658714,0.312817211259345,-0.0816808516170387,0.229403179912623,0.180733492460448,0.246371229775755,-0.000284523219499,0.244627956335294,0.000107201850581949,0.472170564934683,0.000558753817160526,0.821637073449247,2.44140311983433e-05,0.468464319809379,0.000138349120231789,0.288855641536292,9.25870470525339e-05,0.311304121252336,0.000542535339748217,0.234993265921339,0.000110141002023451,0.202170532977391,4.31643088077999e-05,0.16623335897645,-0.000288215194918909,0.147679441153762,-9.68527340179222e-05,0.149066279877056,9.2236142503312e-05,0.147137612173037,0.000113999016393404,0.12167641242951,0.000299427331092843,0.120557676350938,2.96207902791748e-05,0.120301751582816,-0.000111795426625371,0.421030173470288,4.7770140233612e-05,0.680607333692754,2.88052031230169e-05,0.377841914713424,-8.66262512443787e-05,0.278287619358736,9.19332795279655e-05,0.273981871541308,-5.71183204638856e-05,0.231532407071165,8.85706206452342e-05,0.208651306366335,9.31867907160501e-05,0.166097498156755,-0.000247558087821997,0.159584135710105,-9.75963621864321e-05,0.164031708243252,1.95597211542978e-05,0.161034508238486
103-1240-0010,103,1240,0010,unknown,103,0.981862392556025,0.506887876712039,0.721552157450826,2.59675570104924,0.59577795674455,0.825440946016198,1.3881498679768,0.494543822255673,0.194578660644789,0.410674933461793,3.08858684939719,0.368852459016393,0.487704918032787,0.60655737704918,0.250934133509599,10.0488113030454,-0.00263535643214152,2.67677045065039,-6.54581475952974,0.5914517712188,6.43329215735862,8.99063015054693,11.7456631863573,0.065190992838839,3.03169655807463,1.87235149247027,9.04386764493941,16.3532182018559,0.804525648395196,1.16610210883569,5.49828001694838,62.6683942829169,0.195953155361532,0.372439829212236,0.97609058398066,0.013960540106027,0.00791362831179165,1.10316796990861,3.28829338042665,0.00750938673341677,0.0100125156445557,0.0187734668335419,2.08174341017723,0.391994423270754,0.914709433339756,5.41499996296015,1.72636224986629,2.09228836734365,2.31617662195683,0.0889484608765389,0.086954001790561,4.81310743975944,43.0827093809815,0.0394608308715208,0.0668541011559398,0.112553117415618,0.0105533106920149,0.0197455688016067,5.97790711560841,59.7725681608615,0.000795982738071932,0.00393638369852789,0.0119875538429594,NaN,NaN,NaN,NaN,NaN,NaN,NaN,-1.77323311731571,1.85538449949349,-15.2114087956032,2.78201268321722,1.45017520622434,1.40754760462073,-0.139545007667705,0.920999497609396,0.970285527894725,0.935631215056675,-0.242515915903189,0.611578029010879,-0.287159607099592,0.428203772359806,-0.140499504171157,0.442506930079994,0.148318679669997,0.343812904033776,-0.160928769644653,0.340959383934999,0.0941479174845787,0.26892543469425,-0.0686871089262531,0.227738243883907,0.150022252416994,0.228873402082629,0.022985315004275,0.214478253848523,-0.000307479377997166,0.48894738657708,-0.00143419668336064,0.840655499138657,0.000693259979870618,0.438558753388571,8.22398793058519e-05,0.29097067973703,-0.000384804506512497,0.265069184812328,0.000109649457993687,0.20961172878988,0.00018663962925634,0.18634131772334,-1.36015390003169e-05,0.175800389900003,-0.000191121014385764,0.148910972615267,0.000105319170901004,0.148096249816621,1.28723474541374e-05,0.132971431699564,0.000269682512862298,0.120173942132276,2.61782282669357e-05,0.114950506003423,0.000151180909816868,0.11406494024033,6.48348595910846e-06,0.438247995013543,5.20745038748593e-05,0.680029018907749,-4.83920876144388e-05,0.366515265779576,6.60184495819346e-06,0.28070706827345,-1.58870227957321e-05,0.241492628535231,-1.51394009021538e-05,0.21010361279923,3.30622627673088e-05,0.203356930099396,3.88376813992575e-05,0.174046342518354,2.23725393665939e-05,0.165315098304026,-4.67050076488793e-05,0.165212437200945,-6.34079395343014e-06,0.148721514607783
103-1240-0011,103,1240,0011,unknown,103,1.14132981920752,0.578490682432031,0.495487329868715,2.04718291306991,0.684858809272364,0.957491025179162,1.67426583201466,0.519851646493209,0.200798367414781,0.392168939907935,3.15841536442665,0.391509433962264,0.517250673854447,0.630188679245283,-3.15375036717125,10.1418060568823,0.13645187184369,3.1730187685037,-8.98418453363718,-3.74739577160331,2.0728799734809,13.38072074657,11.6260876910354,-0.314819198709063,3.40397396162435,8.18614765403794,14.8078067455986,19.8394068396181,1.11579770430265,2.141400057623,6.41916078010046,61.3273893662376,0.183629939359351,0.420837912257627,1.32298452488148,0.0145973020690649,0.0088652992978667,1.13620341540786,3.3031783422417,0.00750938673341677,0.0100125156445557,0.0200250312891114,2.06014131598286,0.429445371968734,1.00871403631285,5.24507969454896,1.66186357111251,2.08983750118893,2.31041343960555,0.100912918708955,0.133547351170277,7.69209089776359,104.977047460043,0.0401249765456822,0.0693930563246965,0.114051862970582,0.00799752860116884,0.0158347252164698,5.74748041146548,55.5699690320435,0.000332947089761596,0.00252854876829614,0.00923378994237692,NaN,NaN,NaN,NaN,NaN,NaN,NaN,-2.05566713207317,1.83307816215172,-16.0631439181367,2.88419881494679,1.57932652868777,1.38395917149184,0.0695648367871586,0.922704492023344,0.861715618204986,0.817945139796011,-0.092169311929051,0.566943149477563,-0.228747366690498,0.44605423520997,-0.0898782922724433,0.41049057920672,0.124682169349401,0.331381862121406,-0.124468311785275,0.325811066524407,0.114423160286138,0.272119544746717,-0.0926862544113545,0.253441925466902,0.130748160201774,0.246407119139436,-0.0273788678659592,0.238061209981217,-0.00115376777708981,0.491240955323389,-0.0034624747811568,0.893594435952866,0.00114528138262853,0.424242996751914,0.000876018769955692,0.293926463064955,-0.000388164862956996,0.246278675401047,0.000471492429530934,0.208470701661154,0.000412758606752988,0.19991075771897,-0.000142314396041666,0.170333975779899,-0.000382569208318188,0.146026576272049,0.000122694834627386,0.144756863652217,-3.02687223633052e-06,0.131746632742027,0.00023140363092772,0.123604243183752,-0.000372784951925173,0.123466091556222,-1.68602834566709e-05,0.115913809609074,-3.10563724593954e-05,0.465190642493446,-6.77005972088618e-05,0.73598060061994,7.22048067368741e-05,0.365346459261325,0.000136154037855892,0.280934366329466,2.59514666266391e-05,0.228827552283864,5.25946965937555e-05,0.209442316246325,-9.56712154925044e-05,0.211152263544425,-2.24341362748972e-05,0.175188696732653,-9.57332053686395e-06,0.165342259215636,-0.000207545057287392,0.159905831270705,9.16318439829188e-05,0.154529629160875
103-1240-0012,103,1240,0012,unknown,103,1.08823878079484,0.532108248081043,0.51694337764767,2.17411357454622,0.65854579870864,0.942689378884583,1.56583619026399,0.507215026356386,0.196667167508467,-0.0187738648602403,2.71058430125219,0.375,0.517857142857143,0.629464285714286,-1.7576981935665,9.63988115833872,0.355887195813174,3.04713668963704,-8.05929201541745,-2.80966533006992,3.74222006220453,11.2593250710543,11.034364891632,-0.434607754536746,3.48743873658067,6.03662926326689,12.8640993724235,17.473649824271,1.08508578798939,1.95001198601583,4.90552551022246,34.7633452385634,0.222479910740376,0.453042856016704,1.09400029982714,0.0143124450117103,0.00851362318987217,1.12809145525121,3.34085140872512,0.00750938673341677,0.0100125156445557,0.0200250312891114,2.08746675636996,0.446372711462264,1.00053657350527,4.87297861323905,1.67584253280187,2.09374502911918,2.34546358441119,0.118216414083012,0.214534429650155,11.4483206050191,181.80821318169,0.0432213659580736,0.0743733875089488,0.128177955716419,0.0123825715629664,0.0222838435348724,3.91806240895541,24.3648224359926,0.000632944483606522,0.00400204615910346,0.0131745548663191,NaN,NaN,NaN,NaN,NaN,NaN,NaN,-1.78860266525252,1.87615934920159,-15.4990688644897,2.82426930401354,1.34706284885711,1.38582506761318,0.10827349324118,0.862793369745219,1.01136804239651,0.78241566318166,-0.162403136856332,0.544720510811084,-0.285052689434762,0.464139020442709,-0.125919602834757,0.383436645436797,0.160201725646134,0.357305524632983,-0.136522020000036,0.346258612153188,0.0877396862343732,0.290805425805498,-0.0977733002359939,0.240633768965704,0.163839927968461,0.240506871509874,-0.0134996573285821,0.214062529155736,1.56503530230935e-05,0.496589971739054,0.000192351823375647,0.874991842074139,0.0003438077807387,0.450256010439503,0.000110512313277965,0.282756812612451,-0.000146536141959932,0.2494660765717,-6.68889215878833e-05,0.206948451681668,-3.25015718068488e-05,0.176816543958062,4.42146962810991e-05,0.162353468182313,3.1766402763646e-05,0.151755866643757,4.66426988700178e-05,0.145452843303143,0.00010514386654213,0.140203920177233,-1.67074138083117e-05,0.129787322509959,-7.64173060797936e-05,0.11821345292733,-4.0662926567304e-05,0.120876541542165,-4.85191093095359e-05,0.425133812889601,6.91743365266194e-06,0.701404899875526,2.87753391555993e-05,0.372917895843977,5.19341033110514e-05,0.275364988354192,-5.94953115987281e-05,0.23438593418131,-7.01714305738386e-05,0.202893225296941,-7.15045324998162e-05,0.183376680127906,-6.25779352139295e-05,0.174200519811959,-9.06255776459653e-05,0.166245001450762,0.00011186799034168,0.157011394524145,0.000116802117523771,0.15532798680466
103-1240-0013,103,1240,0013,unknown,103,0.89413190678747,0.444679920059716,0.575406982186902,2.28911477976697,0.554219862147627,0.76305493180074,1.27593608123478,0.488798754535959,0.189686534017098,0.359335454834699,3.12956004996354,0.359375,0.484375,0.583333333333333,-2.52204433601734,9.8520277359316,0.0262402219316137,2.85978915002123,-9.63510184372757,-1.76653775774139,4.40380876909763,11.9321432063023,10.9140830859322,0.00464434290426998,3.25625536999448,4.9779628295483,11.4863162932586,18.9018024524816,1.05755993505803,2.65123211718106,6.67713187746921,53.6724832481408,0.209094003716319,0.376858521366025,0.888904691328103,0.0147580993982295,0.00837327047394876,0.883394377996782,2.72472258531053,0.00750938673341677,0.0112640801001252,0.0212765957446809,2.08653353751016,0.422996900568093,1.16158877121557,7.81709158352673,1.69107498507628,2.11564537909354,2.33585981945125,0.110858338737687,0.225372872480133,13.4561893066946,280.061384212004,0.0416384213997397,0.0699156683244578,0.109749717947508,0.0135302144699363,0.0278244263848517,4.93410731870711,36.1786769925724,0.000737595570523288,0.00381057438298573,0.0133774514912162,NaN,NaN,NaN,NaN,NaN,NaN,NaN,-1.70977578309431,1.91426358252867,-15.3565861419622,2.89056980478041,1.37211121160464,1.4234070824643,0.00103143467832072,0.947387515753233,0.955309476558522,0.864317053760327,-0.181824549107034,0.561510817582603,-0.183004272166605,0.447454214261202,-0.152446867974377,0.428500333170488,0.134954758466109,0.322631499202961,-0.155076064810205,0.340021178504039,0.12183372551206,0.307254353536598,-0.0725281499887429,0.22917063203042,0.167877530005923,0.221364843196621,-0.00277355597407482,0.239911808243465,-5.35667644844641e-05,0.459476535342612,-2.37723767026892e-05,0.831190675127284,3.05172225852974e-05,0.467322502664889,-8.59384981785485e-05,0.302766365943758,5.8810997679431e-06,0.26543482930579,0.000122174508397791,0.222699639878497,0.000106657889362778,0.178068399307252,9.32439575959395e-05,0.169713077078548,2.86529320284506e-05,0.145135048274039,9.66773219284209e-05,0.147574070739653,2.12197512060195e-05,0.129001606831251,-0.000163581666923066,0.119206636564449,0.000145943875089531,0.11589373459224,4.01562691713157e-05,0.116097506353615,-8.53742736042831e-05,0.402045247147598,-3.38435281164273e-05,0.692595996235433,-9.39910901015325e-05,0.390642898474582,-8.48055761086809e-05,0.283360306298471,1.74737166287493e-05,0.24670650989588,-8.82164872425408e-05,0.225276388688001,8.95885204564482e-05,0.186776242580576,2.64308803691263e-05,0.175746521767852,3.04226208972586e-05,0.163994695286486,1.94826483868703e-05,0.160293596119133,6.31040793133081e-05,0.144072563073393
103-1240-0014,103,1240,0014,unknown,103,0.971095621665228,0.394261574123302,0.392495030221273,2.3637052497493,0.674675768640279,0.893518253032773,1.2994666127558,0.470085073595136,0.202368277897906,-0.132382793880934,2.32169563197846,0.316153846153846,0.492307692307692,0.615384615384615,3.31019433366138,9.38027729360026,-0.164016991040641,3.1350931819663,-2.20054561604336,3.18425839847233,9.2318897853218,6.73611345568906,11.759047075974,0.312263015901788,3.4743623865436,-0.175222068617861,7.30271486304237,12.4801867024721,0.992119542786126,1.70279390523178,4.55215620870517,31.9164362550628,0.182220965407991,0.349595654078839,1.10584190922174,0.0117352149957563,0.00597236351754166,1.60485200558939,5.19052529873501,0.00750938673341677,0.00938673341677096,0.0150187734668335,2.01012972745228,0.365060270724614,0.662547009256693,3.69522612466288,1.66262094643647,2.0303452042105,2.25492735972819,0.0827786784877203,0.137134246153455,16.0162395361915,404.085065311115,0.0313731206920135,0.0543100064053675,0.0926587132629027,0.00590145413669235,0.0120723326553506,4.42915383405248,27.9149745922344,0.000435740847690309,0.00179119854631371,0.00564202002329305,NaN,NaN,NaN,NaN,NaN,NaN,NaN,-2.32330163337407,1.60672456717419,-16.1161800070097,2.69342648032723,1.61951898187674,1.42913923006329,-0.0606857477176916,0.951840198071709,0.882739421726838,0.827641265168649,-0.0420759868681562,0.539547169090168,-0.195246048880901,0.440112318846934,-0.16130103598413,0.420385308322227,0.0557823909094568,0.373294655695951,-0.106997662250345,0.329255179721049,0.0107407495924576,0.275049915201871,0.00324214009784844,0.231253949183475,0.0827469067419665,0.224378272641833,-0.0276706541531759,0.20366308110473,5.17899287866725e-05,0.416938544257125,0.00117625112477827,0.795857689625241,-0.000658030793944716,0.442903972694558,-0.000463969468763126,0.305870162157298,0.000656966363529621,0.246781032919844,-0.000194513576173404,0.212412397256907,-0.000282260951735171,0.175744158734841,0.000199036176659031,0.160949077631644,-2.52153275089047e-05,0.145387505036099,-0.000179442973731569,0.139763786293623,-9.65165162602397e-05,0.1344525962855,0.000277317141533193,0.119190856507632,9.2376053132152e-05,0.120074583736075,-7.75431810189912e-05,0.11299802606667,-8.07302719958713e-06,0.380835038547762,5.18425514936265e-05,0.665300297948116,-0.000116526742497701,0.375577550962309,3.40637764655496e-05,0.296489891356854,0.000109995515551638,0.227550518361884,1.79996883307833e-05,0.209001060092091,5.75181819888568e-06,0.190482991552117,-3.26396067431229e-05,0.168185941279529,-9.03133762104827e-05,0.163007578483528,-7.74386284578792e-05,0.152152365500688,-7.86535368728573e-05,0.152600326019288
103-1240-0015,103,1240,0015,unknown,103,0.742996282029857,0.344960263759966,0.88044884014407,3.1246660576013,0.491034271469547,0.664527558950255,0.90794224797151,0.48218003730622,0.17197067067231,0.232193310072565,3.61147451349649,0.389092664092664,0.491891891891892,0.569658944658945,-4.46986552024137,8.66383960427775,0.210142875298075,2.54747797021183,-11.2644024329437,-4.93931647560156,1.32901609809154,15.5351223313546,10.4780088641996,0.346416053348369,3.02953407040379,8.22624354498805,14.2184581111526,22.482683436439,0.940978529436398,2.32027778155909,9.0274582270225,112.403583499083,0.170712889972869,0.310614397659813,0.739680674777187,0.0138668029997709,0.0070402683379813,0.851612929233724,2.70012298048181,0.00750938673341677,0.0112640801001252,0.0190863579474343,2.19796432918913,0.415172918975659,0.729363488439774,4.59812620538033,1.90545906852741,2.1993156687881,2.44094645904532,0.0996377530881675,0.23645949124082,15.2684112956034,268.615244542737,0.0386400532680752,0.0644751360362652,0.107229477631544,0.0111329080825377,0.0181936671728118,2.77287067833817,11.4653148201068,0.000867196814315044,0.00392856432960792,0.0125193795996405,NaN,NaN,NaN,NaN,NaN,NaN,NaN,-1.75672723063379,1.62598986168035,-15.1580677930385,2.67151056563166,1.49994489439823,1.42518219000691,-0.0374781713230329,0.916546654905753,1.10507950160123,0.897518421279299,-0.146276598952896,0.540795632475974,-0.209183901379868,0.398019323228538,-0.195681357948936,0.445390503943459,0.0865786625276913,0.334685976019772,-0.156794830775305,0.315855471855909,0.0996301830666249,0.257624022759513,-0.0632425574764129,0.24948190012886,0.0924332895387609,0.231185251286355,-0.00850523317170975,0.209418462583553,0.00113089579077987,0.506040170218865,0.00513132663548554,0.931342338965307,-0.00125997053722028,0.498897144792679,-0.000744369287171043,0.302870415517179,0.000548882384700036,0.312659146080336,1.16786792936811e-05,0.224556512569137,-0.000357998167882998,0.183550456498652,-0.00205044645249666,0.17633281623855,-0.00050822920930811,0.13996671291896,-0.000413286279510548,0.145449334170424,-0.000135489892957445,0.134278734110443,0.000559297575469052,0.112585645911962,0.00106313962957616,0.117991783210628,-2.44423796488968e-05,0.10784856729202,6.22049861616753e-05,0.471769982224985,0.000378177977983062,0.806635933775732,-0.000599560944118247,0.440476445015701,0.000141802903875843,0.299145048386735,-8.17493056907204e-05,0.267272228217734,-0.000171615496307487,0.220826610518302,2.73150941474001e-05,0.211390997844072,6.80572632807994e-05,0.181934643522065,0.000175973600567529,0.169007683865843,0.000275038883961181,0.170860994769473,0.000429687106509874,0.155976777903819
103-1240-0016,103,1240,0016,unknown,103,1.14336047056334,0.548172912425159,0.433088652376674,2.07570230403409,0.705656802852733,0.991929853517088,1.66139519051676,0.497555561878448,0.207627928113407,0.358973610847601,2.78848958659569,0.345454545454545,0.490909090909091,0.618181818181818,-2.25790211453279,8.79416383312909,0.594193880664079,3.44078357992687,-7.7638179682268,-3.61426991319678,1.91710058252156,12.8102564451368,10.6481961276827,-0.523438245985,3.87518715157874,8.65763860647256,14.3812301416749,18.6090989644676,1.13472638396026,2.73995683634897,10.1449955367216,139.06701728589,0.215702507148908,0.435419242325667,1.24750258308445,0.0131951110462984,0.00754921107232253,1.32112470502781,3.97856829853539,0.00750938673341677,0.0100125156445557,0.0175219023779725,2.06383469122435,0.409593467844509,0.927254838814606,4.7118007878206,1.69257754792414,2.0527097200267,2.31090822548303,0.107563382048101,0.18047056340581,9.08667753344523,120.330495335116,0.0436636257431011,0.0719769209856611,0.112398564564679,0.0088493077070997,0.0145589106465152,3.01051699664374,14.0539732065769,0.000383242564876401,0.00298205232049943,0.0109602626301997,NaN,NaN,NaN,NaN,NaN,NaN,NaN,-2.06288902712989,1.87869127040686,-15.7796299792276,3.12579829742133,1.54648079940849,1.31307998872893,-0.061877114838545,0.977658174608345,0.768943899455954,0.866194438728536,-0.185036527672179,0.56937530451861,-0.177186424433765,0.452642480709665,-0.0990438248862186,0.400844377169373,0.103362245477283,0.314126476379472,-0.103762766971744,0.342535991906036,0.104715540438333,0.303007518557016,-0.0654998856154096,0.230717104367731,0.120929854756582,0.23293118290027,-0.013069820089434,0.21455689267606,6.10976685585809e-05,0.495850825204706,0.000984376553270727,0.866988817035174,0.000386828679159782,0.464599906929992,-0.000241403755724827,0.301148638913313,-0.000337492354090036,0.268625303099423,-9.60350111076084e-05,0.21608732166969,-0.000215314062174554,0.172053178070534,-0.000280291998061359,0.168879520920396,8.77099913349788e-05,0.142418436704751,0.000264977309907655,0.151975627596019,0.000206817269314605,0.140653544178495,-0.000180340709069952,0.119621479649448,-0.000166319821263414,0.123974911037791,0.000139680989938676,0.114581735080298,1.95210849644021e-05,0.436217025737318,-6.7848765340359e-05,0.694396366582046,2.87993938555427e-05,0.410276928897826,0.000157054246977534,0.283798251237697,9.5723910975987e-05,0.246636574215827,3.58348787339668e-05,0.214844974830049,-1.66493187524529e-05,0.187759071277747,8.4081429241793e-05,0.171833888189535,6.9489683569858e-05,0.158303297347078,0.000106545501029168,0.167056292500741,-8.13223843544252e-05,0.156149458792514
103-1240-0017,103,1240,0017,unknown,103,0.889781481255181,0.430701617547156,0.583757301780298,2.28856750727132,0.552436366972043,0.758526162268264,1.2737080682242,0.473626638459554,0.190098436674045,0.191161825374288,2.8534204483067,0.350852272727273,0.477272727272727,0.582575757575758,-0.654425479832164,10.1090559705351,-0.0730996109000261,2.6533146641217,-7.9559963923602,0.0923973361932989,6.3192048855225,10.9013738461143,10.8634788690273,0.0498002509557848,3.5094974465473,4.50461507576141,10.3252154298307,17.5652689191778,0.99460528983834,2.36262089685646,7.12826722404647,66.7008671058497,0.179782883016165,0.322017561053989,0.851443098957295,0.0140399746354283,0.00784836069010922,0.96517836479248,2.86359924688508,0.00750938673341677,0.0100125156445557,0.0200250312891114,2.06458880231685,0.397648007533286,0.534074342016411,3.23164069680542,1.67320145378001,2.0927785448214,2.32342918817515,0.0941645413500781,0.166338903458343,9.7745557831726,132.723754999841,0.0377030776796911,0.0600660075717155,0.0990458688113647,0.0102438256604064,0.0184373569740266,4.01172283875873,26.3285650816994,0.000722661869811423,0.00334580143410816,0.0110256659851326,NaN,NaN,NaN,NaN,NaN,NaN,NaN,-1.77662778732944,1.94462704209678,-15.3583787833598,2.97050849757156,1.62727945762553,1.42435876640431,-0.167435657282623,0.892353717871691,0.830824254883882,0.780084761599161,-0.0990252902179157,0.574337705062267,-0.24173373642325,0.470981343609398,-0.228181465588535,0.435901891069183,0.117328124556358,0.361734406945695,-0.167156659057887,0.348758288357684,0.10524196300456,0.3212738955629,-0.0799106791611261,0.230970235544717,0.163243024295457,0.24045252866105,0.00382893368211317,0.210783184167216,0.0005711927518777,0.456855130922155,0.00191306665953666,0.794460168178851,-0.000976874044878837,0.431656385730925,-7.58359571744684e-05,0.27414804289861,0.000331322325321019,0.23025875952334,-0.000663743021255728,0.192230768393908,-0.000257104737258976,0.169611588652203,0.000331041620714643,0.169902746932934,0.000156245639575867,0.136062648701717,-0.000439135557118106,0.142725319845049,-1.87467639611837e-06,0.13795046598966,0.000168863098945405,0.119370231929864,0.000148985058371699,0.115874269127002,0.000139341374731576,0.113609002437632,5.73964539241995e-05,0.398197284612915,4.60228579747275e-05,0.637621366410875,-0.000115052469431308,0.362905441755322,1.62443575909791e-05,0.267987524176135,-0.000105415589482707,0.21505902050218,-4.27573044391455e-05,0.193577566630479,7.51256265807806e-06,0.179928107752897,-3.34085122792165e-05,0.172913358444401,-0.000174245569804655,0.15180226046855,2.05982641313648e-05,0.153258782359821,-7.25061744857725e-05,0.152888666751953
103-1240-0018,103,1240,0018,unknown,103,0.853113629139778,0.429321090464756,0.632348266613515,2.51530502436538,0.520542845225312,0.75217730608862,1.16959530309856,0.458240678830078,0.192420952310615,0.744267271460047,3.26011165368397,0.323529411764706,0.434558823529412,0.553921568627451,-0.930127433975059,8.6958861524212,-0.107815654182905,2.95899219520154,-6.86404234391535,-0.355038864741777,4.9629338651812,11.6150931250005,10.4216033564667,0.436715137787123,3.33023303429347,4.96804120987578,10.2312490898518,17.7047541184747,0.979309844091671,1.88099503469041,4.43639720129346,28.4629634362109,0.189934360704552,0.340161208757883,0.760541163403126,0.0135735789010249,0.00774577544120776,1.32791096776439,4.09230245126054,0.00750938673341677,0.0100125156445557,0.0175219023779725,2.08191123454266,0.416051723313489,0.904643088049162,5.16267649330218,1.68989983538311,2.11234476588457,2.32792377985628,0.0958075223588839,0.12736365483272,5.60357314959118,47.4043644531967,0.0372116337374655,0.0640048371041419,0.107120495226799,0.00891917313191036,0.014144437112852,3.44437721934185,20.034198966027,0.000783223108275513,0.00358498610467954,0.0108768142146888,NaN,NaN,NaN,NaN,NaN,NaN,NaN,-1.78385064069065,1.81522143344961,-15.4667220691891,2.57140570442334,1.44081114373102,1.36576666754798,0.0712495482823327,0.906450777125252,1.02339873129138,0.845059321777585,-0.120077217236757,0.58421946113224,-0.286194316798428,0.494450540196343,-0.155526085781783,0.417049751519216,0.0998469694902465,0.36179459439469,-0.241715803112425,0.323002451577491,0.0879988206192098,0.295107453148716,-0.110900803224082,0.24486046183066,0.185977934052674,0.242091286614655,-0.0239711822844754,0.216827989358721,-0.000678783985063602,0.515709218940939,-0.00297236472896614,0.892176251470272,0.000764993928418147,0.457513094590357,0.000591522528519624,0.287788666990109,-0.000496050251171541,0.262389259111707,0.000660311057639857,0.222287627862055,0.000786531438531603,0.188760631368874,-0.000222800103580371,0.16708208592216,-0.000138589099583236,0.150593578651278,0.000244681308258809,0.144046222144727,0.000196605719610752,0.13599376265588,0.000127333039176346,0.124133703198437,0.000238575928797883,0.118096493076337,0.000167029932007491,0.112584542516258,-8.97894322088657e-05,0.48230400664843,0.000248180749116186,0.747907388279745,-0.000250071208224137,0.393386868804674,-2.07329918684141e-05,0.281730789491874,0.000234746369555326,0.23400005043509,-1.78844406197367e-05,0.216797082516472,1.40071497161255e-06,0.194105583973004,8.98124752069132e-05,0.171700324841281,-0.000149153916582346,0.168159937908263,-6.97388390396905e-05,0.163023320308164,-0.000211826300167369,0.151812382716124
103-1240-0019,103,1240,0019,unknown,103,1.04262690857733,0.477014371473503,0.520050884940332,2.29704950208508,0.663336552745182,0.912657896933063,1.44489572136838,0.494596790490198,0.217502108757457,0.597211248898669,2.79059195634506,0.333333333333333,0.466666666666667,0.605555555555556,2.45506684208848,9.6563383172315,0.239515531400666,2.54117854649394,-4.18171452811437,1.40092585265155,9.08394671618469,7.10086210791528,11.3664761221257,-0.20803172328814,3.02771104126751,0.0341859154553013,8.51897980931968,14.9697440623775,1.25138856846598,2.95395381511054,6.42158830799197,55.7934119369891,0.189662410631058,0.363419302087949,1.20569359253181,0.0120471227054653,0.00653577875830037,1.54578854019822,5.15831518383144,0.00750938673341677,0.00876095118898623,0.0150187734668335,2.03620891557805,0.404459895751625,1.17378680291676,6.08762447618218,1.67627488248588,2.04297177206812,2.27401769783818,0.111806791954464,0.246053579858072,12.9314343466506,248.093177213491,0.0366906220791385,0.0652055723038666,0.107533794830817,0.0105561002034058,0.020827373848965,5.27684227636498,48.6393804498426,0.000632960982492937,0.00348587166272164,0.0104582404178627,NaN,NaN,NaN,NaN,NaN,NaN,NaN,-1.97666492081452,1.71594968699921,-15.7791164283371,2.70976328740573,1.27325409878719,1.53318538298784,0.265329726288098,0.86511129900714,0.941392609832045,0.957642464915916,-0.21822504952747,0.619183943407075,-0.205222425874602,0.48698846205971,-0.118262831682174,0.41378282734103,0.0692765106933266,0.320525007201163,-0.196122373869171,0.31746436531739,0.0181544171999234,0.280624389560789,-0.0901022621996135,0.23852640074235,0.140234325158606,0.230777798574022,-0.0696963969715897,0.213854272222597,0.000759787102181753,0.464222956305152,0.00316548363920574,0.812995826837459,-0.00054041212490352,0.467089213567338,-0.000944553733655758,0.288357432463257,0.000614070943049168,0.270058366613794,-0.000502660639452481,0.208054121831167,-0.000309824386317306,0.183069427116153,-0.000212575991647101,0.163127967098692,0.000308991112759772,0.142719952603859,0.000105070726374221,0.13875132131334,-0.000260577253086189,0.13633671745469,4.77473979201324e-05,0.116355098947231,0.000273898458765408,0.119736984380688,7.98585344929445e-06,0.116888187883205,-5.55195705852028e-05,0.42026841505527,4.60755006819538e-05,0.671127829002845,0.000180407473576869,0.373929580668918,5.05025421641343e-05,0.269930890184888,2.3723489659334e-05,0.237020157606683,-5.20129627192424e-05,0.206986009194091,-8.29814855006389e-05,0.187304331847672,-8.3174148457795e-05,0.168734684663723,1.61931155907949e-05,0.161811374429435,4.57527584987113e-05,0.154020007773024,4.82338775831492e-05,0.153517509245468
103-1240-0020,103,1240,0020,unknown,103,0.914622348888867,0.449578761698809,0.533419749848829,2.14434753149259,0.55728262806357,0.769360979761195,1.32919276749738,0.473049934605632,0.203076223300669,0.235651955279482,2.6775953220846,0.325757575757576,0.474747474747475,0.595959595959596,1.77065151277618,10.0578710833882,0.00665247939031459,2.89422590939689,-3.9905510079447,1.62811680843699,7.68647229717185,8.76204356083631,11.3167342755082,-0.0868492172727505,3.34557249821253,2.47760563087246,8.95838115197658,14.890442599929,1.03178474725974,2.58712042960227,6.99230432056065,59.742300913311,0.171509240506936,0.315961904820906,0.895954751406786,0.0126682287039804,0.00716429770552035,1.38870809512458,4.21574341269116,0.00750938673341677,0.0100125156445557,0.016270337922403,2.03573374504395,0.412029482444645,0.983406866603372,5.24538273851473,1.65453009278568,2.03626820223429,2.29407094987796,0.0881397259961525,0.182958340205504,12.7617752548922,220.32410495947,0.0339806925149195,0.0579367314971538,0.0935421221641238,0.00722859598671797,0.0150507471863489,5.26607488920195,39.914350212506,0.000406740676717893,0.00222144280400512,0.00748950832360528,NaN,NaN,NaN,NaN,NaN,NaN,NaN,-2.1049968227896,1.85543249631952,-15.8866598714048,2.88906115266663,1.63676259244751,1.44895788791885,0.0364494652896659,0.855263483189413,0.873644658635909,0.844400057876503,-0.165419885455141,0.6279819431973,-0.190191668381562,0.438573820826494,-0.160595240686946,0.440086622468839,0.0337233764987168,0.378320889156016,-0.140261349898395,0.360890205116174,0.0270911100627495,0.301791891977426,-0.0461380608157869,0.224169647048018,0.108891580269074,0.239655478652709,-0.0401654070352971,0.229451892301193,-0.000310681343753435,0.439941332656229,-0.00172392862069676,0.837033728143763,6.47143545368602e-05,0.410879272568986,0.00125794268169902,0.268953705572378,-0.000444441687399486,0.222891180791828,0.000208478446092881,0.220826332666474,0.000597296184083331,0.187828779551514,-5.57797619059902e-05,0.166491350122482,1.98056177800724e-05,0.140354816216122,-0.000436548794745968,0.152547087337205,0.000107541640355332,0.135955321893733,6.3028742565709e-06,0.124931541458653,-0.00013591464520289,0.120178307555962,0.000200293706228632,0.117804233863506,-2.93826747852596e-05,0.394667550230586,-0.000104933944610583,0.688561371635173,7.79424458715063e-05,0.346446279475276,0.00011693773976974,0.244281351094222,1.28667880878579e-06,0.210958801125918,1.22326495743611e-06,0.214363167414757,2.31278175363978e-05,0.197827313708711,7.71188950030365e-05,0.166296282053272,9.40415469496252e-05,0.154801426199378,8.87200926847548e-05,0.164309828301638,-9.7381857347698e-06,0.150237487335345
103-1240-0021,103,1240,0021,unknown,103,1.03642043004979,0.473866320875043,0.52985266925155,2.44068194508698,0.680573215392129,0.902120912501311,1.41238965248081,0.489482853899719,0.204681079734183,0.200832020894422,2.60148793924906,0.327868852459016,0.491803278688525,0.628415300546448,0.259326157825334,9.48942672735886,0.329478765769713,2.80299785401675,-6.24145845542052,-0.415476697045139,5.84933224783744,10.0883524981418,11.5425389662074,-0.188660882391931,3.4024421222386,4.58838258571861,10.8433290884382,16.3486990415772,1.18881606450626,2.49193118134121,7.23889468732009,76.2197233005723,0.22270388903052,0.412472104000504,1.27372631209669,0.0125207287714926,0.0069121422895829,1.34831769311138,3.96823204719732,0.00750938673341677,0.0100125156445557,0.0150187734668335,2.03967297353948,0.382048148802299,1.20714391608629,6.35435800204566,1.71195895525463,2.03650886491637,2.2588650249359,0.102429674961567,0.130934505457698,6.33373158834924,67.2093627015162,0.0402283572779537,0.0691868985818463,0.115713194121454,0.00996087950604142,0.0175709425947388,3.73817022961891,24.0989947631786,0.000409194908940509,0.00279789684989583,0.0124548398995615,NaN,NaN,NaN,NaN,NaN,NaN,NaN,-2.11540890269269,1.82746389467786,-15.9687863312059,2.95393488260752,1.23160208001902,1.28770824853674,0.197014233418447,0.896142677375972,1.15511667925759,0.893211087981714,-0.147005263788476,0.582502181858822,-0.261682388375513,0.461155404283226,-0.146184202858811,0.427247871303199,0.14945233297148,0.344381437666145,-0.187655880184451,0.315597883596578,0.0859538018128018,0.271482030645512,-0.0349034436464188,0.238791564911703,0.160164336676346,0.232767620407623,0.00564134239603847,0.209017551561142,0.000908254387921797,0.445344698092502,0.00349294553650057,0.833685293226676,-0.000554306848179641,0.456240253743094,-0.000722436531041954,0.289573052012754,0.000663188384318019,0.271880195818388,-0.000258184694350024,0.218933440909753,-0.000836818211545091,0.178066618402269,-0.000105538777749172,0.161515893812734,-0.000184794867098025,0.138677728322297,-0.000128112035056945,0.136861656446887,-0.000210041479573188,0.122959190325191,-0.000222365960501986,0.115407059961263,0.000475352727326099,0.116857601517222,-1.47661000921029e-05,0.110401518461346,-0.000106408064825599,0.396247786370801,4.72407334704924e-05,0.682108313558809,2.18414821252586e-05,0.394676121165267,0.000119838373678889,0.282176066983369,5.84744500013382e-05,0.238900613665573,-2.95030578659373e-05,0.209347935403913,4.45827330311175e-05,0.192438549562633,1.09021378690387e-05,0.168667913370152,-4.31322574711912e-06,0.154827760641894,2.38206646323825e-05,0.153975875577256,-2.17467234170376e-05,0.139103159209844
103-1240-0022,103,1240,0022,unknown,103,0.941998043329829,0.477404419063797,0.625180613039565,2.2998405737631,0.562473512969466,0.805507353998958,1.32299807680327,0.49820769143634,0.213464117238872,0.54201612270927,2.7619539601375,0.336805555555556,0.47718253968254,0.619047619047619,1.24710754138415,10.3649304755349,0.152546026360457,2.90514528756546,-5.69865128982717,1.26998158205795,7.27535150141082,8.80415670539488,12.1438061988751,-0.0339046656302305,3.41544059152738,2.02380248668887,8.60652270066024,15.4786814844439,1.23731746447953,2.95852241333004,5.65990225988564,41.3771174205482,0.20223330759515,0.37312683463194,0.91962758453525,0.0130850948866734,0.00734872643507172,1.29668581421812,4.00796081890146,0.00750938673341677,0.0100125156445557,0.0175219023779725,2.06048313411049,0.434868065287293,1.35220144095344,7.68914636064009,1.68113263866108,2.05191382785081,2.3077346669248,0.113039044765369,0.200727200989418,8.19516715014222,103.042064594457,0.0362991439124149,0.0673167155477094,0.11470731499681,0.0134013915749474,0.0218689522034797,2.79299403621014,12.4458726024814,0.000917450624822801,0.00390738849585948,0.0160686249786589,NaN,NaN,NaN,NaN,NaN,NaN,NaN,-1.72914941017876,1.83700950602007,-15.307919732289,2.72162087303538,1.22204245132387,1.51868683708277,0.116381470013614,0.98154352505692,0.890574871496769,0.911553655768379,-0.152257114785541,0.580013173426704,-0.221158633412637,0.485435972875832,-0.272341684983796,0.476474220061492,0.147942220733249,0.33701624318924,-0.216513050165538,0.347979144179131,0.110985718591471,0.309121447910192,-0.08177608479653,0.263980794707141,0.166681194465983,0.244539919173118,-0.00614513304358802,0.218464627976668,-0.000518274316340356,0.494861418578973,-0.00118235200300971,0.847155270213296,0.000115198423558052,0.445674122758705,-2.87265213167143e-05,0.298322155653993,6.20913787718752e-05,0.28054121441108,0.000115503410166874,0.217046829911508,0.000408613934767236,0.191548849027443,2.91416884274713e-05,0.183893221272012,-6.31266922846202e-05,0.144714662268415,0.000256356462301217,0.139439376308319,7.53559665156457e-05,0.136079362079399,4.69168914157453e-05,0.118659635446413,-0.000165389349947175,0.119760037039518,1.62083237789759e-05,0.11405578579817,8.9096239001681e-06,0.4545344382717,-0.00017041663733223,0.701578673808314,-0.000162290416713813,0.37577779191818,-2.88102374519705e-05,0.281967539499017,5.66719254484712e-05,0.251201105530448,-2.84871830069021e-05,0.21371514237084,-4.03460074049776e-05,0.198629801784455,-1.62737923572857e-05,0.188251848793072,-1.8844736420938e-06,0.164859370353135,2.60147320761012e-05,0.155500300434677,8.93933371104114e-05,0.15022086338318
103-1240-0023,103,1240,0023,unknown,103,0.929403429771776,0.463280160785627,0.707871392052705,2.5563787087841,0.588903700177668,0.788364585788887,1.27850448858859,0.485696024854742,0.213188001641609,0.685625885262369,3.02588968656957,0.333333333333333,0.46031746031746,0.593528693528694,0.958514845611403,9.8393998607716,-0.0050361099506278,2.87666248071747,-5.40970984956192,1.10419614541839,6.77361678052154,8.36912932103215,11.0811131800101,0.228027376140809,3.93718001123666,2.58160016507333,8.57362171914389,14.0210663872922,0.869930509560922,1.72564296292214,6.17121144411142,59.7141900156061,0.165284604525212,0.306257147342933,0.716376143778043,0.0132731976076621,0.007774943508959,1.46768715256111,4.53921266740923,0.00750938673341677,0.0100125156445557,0.0175219023779725,2.07923480161862,0.420243972183747,1.24671161528224,6.86771183972659,1.71097528655656,2.07149467892879,2.31381558494065,0.0918771609570309,0.163925253666634,11.3574383411519,189.427399585376,0.0311003977844025,0.0577072391109582,0.0991665642717209,0.0108261553405946,0.0218886092368053,3.62985382968896,19.383487504294,0.000425624205063577,0.00206698851085706,0.00957796872256624,NaN,NaN,NaN,NaN,NaN,NaN,NaN,-1.9713241821815,1.86099937589066,-15.8331970200552,2.84742273859301,1.57481049035501,1.44407686660684,0.13995190268628,0.863324870771137,0.950345812519677,0.912019235267548,-0.1332420643911,0.583079553463853,-0.192503720474001,0.486285911025515,-0.189586419462577,0.446972640616951,0.107278485781594,0.331484864865929,-0.247015904530162,0.315543708961308,0.0687807639788847,0.280871257954761,-0.0590197117446994,0.235782654023583,0.162553363808491,0.23788167379304,-0.00341566759172871,0.223349190519084,1.16429199048201e-05,0.514518764226961,-0.000139226033746825,0.928698331924696,2.34480891781535e-05,0.464538054396802,4.52950743044143e-05,0.289534659257373,0.00010662506685913,0.276789957953047,-8.52380767777511e-05,0.221103542300412,-0.000202848925151432,0.191981101752616,-6.5645232384238e-05,0.18129157429196,4.85570912664718e-05,0.147580234949137,-0.000359403262113347,0.141370885666966,0.000135774299361703,0.135672141493296,8.35504495015463e-05,0.12329183521651,3.7080027186457e-05,0.124959870376556,3.12555752285976e-05,0.112326680138798,-7.90551101581443e-05,0.468569799439753,2.60832043487645e-05,0.766172490483031,0.000172151605325656,0.395224654029279,0.00010976339249739,0.282715111731967,3.18896831680094e-05,0.251310331075664,-7.50189431907579e-05,0.215373204107882,0.000151995863282946,0.202427678448956,7.25336143641464e-06,0.186499471714147,-5.46116361583523e-05,0.168334544605534,4.46030527681841e-05,0.15377039133579,1.67284130929405e-05,0.150941188795065
103-1240-0024,103,1240,0024,unknown,103,0.977308845238934,0.450050654480389,0.470933676141724,2.2293682461119,0.638332643865233,0.849001685011693,1.3694934114449,0.48991823902332,0.190446997841313,0.199070232502374,2.83899671617907,0.358816964285714,0.5,0.609375,-0.82176305168524,10.4321834061674,-0.113070151762959,2.76375060294109,-8.39299018703713,0.281818924746697,6.18529381809081,11.1052490670396,11.9253317249611,0.290328474223389,3.31523566052311,3.73226853648289,10.0920954873996,17.9381489947481,1.02840105638754,2.33783685354357,7.69967600101558,83.4416043835046,0.192339004803461,0.355733322087882,0.917317597640326,0.0135017754464915,0.00769769985582081,1.36183566770327,4.64885611440232,0.00750938673341677,0.0100125156445557,0.0175219023779725,2.05464713764571,0.42826279635029,1.20362861644946,6.54865443142646,1.66943681279069,2.06465681276354,2.30577432620396,0.094268057790693,0.210780464850119,15.9442980790315,357.656388429225,0.0351171962070194,0.0602427092867229,0.0957931341155144,0.00764363675567983,0.0122120810561074,2.90658480326552,13.2057515866481,0.000567752591053383,0.00260971369476604,0.0094086683423882,NaN,NaN,NaN,NaN,NaN,NaN,NaN,-2.02169978378147,1.8040626064897,-15.954528390758,2.63302111390602,1.38780895537313,1.40489186922322,0.214152969944078,0.844381975245613,0.987790561182134,0.913180422583913,-0.131725027724955,0.570947513806565,-0.154206890304741,0.483458544862911,-0.180408537011515,0.419002888844741,0.0864256023279664,0.327548775909495,-0.143259721590794,0.344133156550192,0.0746991763866422,0.271450541309984,-0.0809771921053439,0.251626861799631,0.195556797047234,0.235651285246936,0.0146591604784261,0.237002247032055,-0.000270547297867078,0.466176229825265,-0.00166028023897835,0.841650079065045,0.000280230897414904,0.42021777632437,0.000657760564315861,0.274931730582237,-0.000484395027845303,0.264003827229364,1.20643071371665e-05,0.215769769147874,0.000383145240650334,0.187089801079386,0.000318247326531191,0.163568873335009,-0.000190149909253346,0.1386150741767,4.3949928273775e-05,0.147376382227551,0.000107183096301172,0.130864511799591,-8.23777421747126e-05,0.120252777626681,-0.000292787664380369,0.110456593043176,8.64377857987308e-05,0.11570949709238,-4.48318711828692e-05,0.403424830371945,-6.31741644856933e-05,0.662009421458545,6.44723540653884e-05,0.361524124763979,4.04883516366091e-05,0.256830332931634,0.0001251860141808,0.235403365392975,5.76962744674814e-05,0.21572632092874,3.98095264236853e-05,0.192223037992616,-6.54191333698795e-05,0.169926564426817,-0.000157980960462078,0.154396245636358,-8.51709596279336e-05,0.156690862382207,-0.000149455113140496,0.146393388721695
103-1240-0025,103,1240,0025,unknown,103,0.858729093914333,0.404068578355773,0.516372534646738,2.25090525340859,0.536682168165041,0.759854189539948,1.20740199052002,0.465502001855466,0.17877856486233,-0.16377183476493,2.75317694601082,0.36231884057971,0.481884057971014,0.578269104084321,-2.32947863914079,8.96872452388942,-0.172330608703805,2.74922052538239,-9.05263545353059,-1.55799121092997,4.02999386551345,13.7377257292329,9.88619401212081,0.481358139753205,3.24564481273932,6.98686026265564,12.3398348116843,19.2547254700915,1.14095428458044,2.56405907713516,5.63647505838882,41.9154830703973,0.179245739382017,0.344243125393972,1.04059690497967,0.0135539118858787,0.00742511644336025,1.07243353550156,3.20709363197425,0.00750938673341677,0.0100125156445557,0.0187734668335419,2.05620677762628,0.407832090861786,0.801910816686362,4.19388185539604,1.67571144106976,2.07510289571335,2.31681515016111,0.103670919946548,0.211252505713232,11.4243994860199,197.302284545802,0.0365855317930607,0.0638302877178262,0.103608544390709,0.0104186311752163,0.0186036765037186,3.61129590315761,21.1404979837888,0.000588510631951409,0.00289254564618317,0.0119362629496531,NaN,NaN,NaN,NaN,NaN,NaN,NaN,-1.96590438837308,1.80226337813294,-15.657363658891,2.88918752422751,1.47786520564081,1.4541473302657,0.0668249599843939,0.82803253071916,0.761616870565858,0.792171948846416,-0.125950421299703,0.586172277092708,-0.150290957095015,0.478824902936122,-0.16563407512663,0.426649890251949,0.106573250848296,0.35878384419372,-0.164887076730869,0.368921218994748,0.123530413579014,0.299912374898351,-0.0776835685936064,0.232230672676385,0.152850884693691,0.231477788143919,-0.0217851342938536,0.218441713091549,0.00082304781350572,0.464454729602052,0.00298536733629446,0.875522414445991,-0.000976590923088748,0.464770966096136,-0.000599196351528579,0.284687625240093,0.000480971932187998,0.239092138987218,1.42174040714918e-05,0.210164265960401,-0.000242144730557892,0.178396036567894,-0.000243687468479261,0.1638025208535,0.000209989548514801,0.144801564177791,-2.56369936485418e-05,0.14701072620249,-0.000157130112208194,0.141747043228815,-6.16443612309128e-05,0.12111309055537,0.00016430037936152,0.115401009564417,-6.16352382091136e-05,0.113641289248988,3.58877251829757e-05,0.397410851588002,0.000151702557528784,0.70056983788473,3.87563118282084e-05,0.390862540184498,3.28241455220602e-05,0.27125620687109,5.60711911519928e-05,0.226659779125308,4.36643376651602e-05,0.207413883323868,5.19658682784461e-05,0.191827254668514,4.51980157567334e-07,0.162530172529815,-6.54617327648537e-05,0.159888520873061,-8.78664807168344e-05,0.155335408610626,-9.87118739659665e-05,0.15570418555686
103-1240-0026,103,1240,0026,unknown,103,1.4656966851443,0.723490940986082,0.253992071334083,1.79019773822055,0.810452574297657,1.31907758003002,2.12767645875282,0.516185419767479,0.195032595594215,0.553752936011095,3.48161054230287,0.382978723404255,0.508358662613982,0.618351063829787,-3.02850014909859,9.37801504370479,0.727292161554771,4.11909683071852,-8.60490704792099,-4.4779314530724,1.42013395671078,12.1923578792829,10.4360454577227,-0.869391094438052,4.33685131606575,7.63265943392377,13.9636107396913,18.4692830723662,1.44373063039677,2.60867113571143,5.83639551409996,46.8345209576345,0.207760901703519,0.63937082149551,1.82165917040078,0.0134682828807421,0.00874849463186224,1.42729568160809,4.3283965356444,0.00750938673341677,0.00750938673341677,0.0187734668335419,2.02681362728445,0.459635164007939,1.04435749172597,4.08654250082929,1.63331705571832,1.92763100902455,2.33506257550082,0.132149722307137,0.380127315941943,18.9510339698221,450.904286087835,0.0443324996509302,0.0761796016771417,0.123997614616274,0.0117066193945045,0.0264627649944437,4.12202387084007,22.3196095966241,0.000131057437370132,0.00203476393675808,0.0104599253513735,NaN,NaN,NaN,NaN,NaN,NaN,NaN,-2.36564749448449,2.04002343250258,-16.506003509839,3.35306686082736,1.38461346584994,1.42672195720281,0.160938310748952,0.869340978944898,0.827251793223325,0.777937591559301,-0.0529992887297396,0.5122348762718,-0.192589319027695,0.439853931925202,-0.0964788777650362,0.431580278569611,0.158129440716289,0.318536795311957,-0.159629419851027,0.356743111519537,0.0781402883327347,0.223338064352372,-0.0881192447283178,0.231402548632903,0.149957632573227,0.233438109767299,-0.0193529371889376,0.203693761396307,0.00261090893818234,0.420364743811283,0.00553917452763577,0.725790298117078,-0.00221111865136957,0.456089940331332,-0.000133111703267226,0.264198580267992,-0.000121575550550908,0.236765405607731,-0.0009869730344989,0.195463297393592,-0.00108459202004178,0.173823039305463,-0.000160853976153876,0.164267692191493,0.000198929107937601,0.146109515869982,1.00174161066331e-06,0.137240666708922,0.000621673709927116,0.117986506004682,-0.000421968834964861,0.120766890540417,0.000539781854852094,0.122312995856898,0.000319066392271812,0.113966810642583,8.01472596435964e-05,0.363601720726179,0.000136846726416309,0.586990674225199,-1.11213378747853e-05,0.351866981859828,4.48561451388377e-05,0.249183703583893,-7.31250423441066e-05,0.216049024030371,-0.000192498076810969,0.194421252784588,-1.95263453397483e-05,0.185802217348303,8.93168923159706e-06,0.17338175103097,7.9481053497014e-05,0.165090086730562,-9.84025682600465e-05,0.150752702643675,5.3683348002614e-05,0.141956225282019
103-1240-0027,103,1240,0027,unknown,103,1.14109265631947,0.546671150717435,0.474154858225461,2.10851059557313,0.693421573128989,0.999124071583536,1.61575714597078,0.505714618882834,0.220582584109284,0.123733955260354,2.33454146938153,0.325514403292181,0.509259259259259,0.666666666666667,-0.0860800344895404,9.37176448423402,0.504648573939556,3.00049143600794,-6.5116834554978,-1.73206611901745,4.95523090513603,9.91635692815601,11.1225831010946,-0.575126787281831,3.07736468991656,3.8286355089469,12.2374574220548,17.4406254691554,1.02780343661705,2.5427903909699,7.52148025362103,68.3867214936673,0.21647370864764,0.381737146815916,0.879413108570607,0.0128600046034556,0.00735695152112566,1.31509294515568,3.7769447596992,0.00750938673341677,0.00938673341677096,0.0175219023779725,2.03271857306613,0.395533634268003,0.823719312712919,3.76343222807972,1.67959109586149,2.00093853710766,2.29744497908572,0.0992239911981219,0.290133298209387,24.8607690608168,768.588985547413,0.0382284693804357,0.0650542065565683,0.101136564454682,0.00959547465875803,0.0178968651875883,4.90240558268459,37.280231098123,0.000530498374969952,0.00298904401131898,0.0116058189573997,NaN,NaN,NaN,NaN,NaN,NaN,NaN,-2.10443503271606,1.79449639001505,-15.8128798402851,2.88697944585945,1.28868486742834,1.26044449693423,0.137209312472648,0.863509558102594,1.10092813773687,0.913848360259285,-0.144285189026948,0.54761497631659,-0.22521777117348,0.470476725903365,-0.1791409763984,0.438663918781505,0.108073636636408,0.324332240445196,-0.227350363826396,0.360931479330214,0.0881989891200847,0.282691754369126,-0.121568915216911,0.251698313238423,0.178470431410352,0.249393055277205,-0.00345056005027719,0.219269981387574,0.000148056050199874,0.521582906363886,-1.74195096620839e-05,0.940726759457618,-9.55289161004299e-05,0.427293140634297,-0.000302090343900203,0.299531263819735,0.000104070355942116,0.292454262814249,0.000245366621363211,0.207084417944779,-8.15955499861235e-05,0.185183035255523,8.05748293670867e-06,0.166635928050752,-8.06470818948651e-05,0.145096973005799,-0.000144700645917518,0.146041945560997,-8.546499248315e-05,0.133198667083287,0.000260875552884635,0.124515854002816,0.000302175592454101,0.120797242258212,-1.5910890440918e-05,0.114446015019406,-2.552261713554e-05,0.472056707434867,-1.26406376288774e-05,0.747558514331383,-2.97763084586633e-05,0.377468788015044,-0.000132252701864136,0.292125282203116,-0.000117662153596262,0.256989832467789,-6.85158461314343e-05,0.207046857911011,-6.18489775681953e-05,0.194099801038065,-1.67582147676413e-05,0.173242551643265,-4.55629463981868e-06,0.167160729222165,-2.11043393255483e-05,0.16305082677859,-3.20203894726138e-05,0.153541780269857
103-1240-0028,103,1240,0028,unknown,103,1.16085587985418,0.579178125041269,0.482679515191347,2.03527996267613,0.688427469410688,0.978310066691153,1.71341532946465,0.512421876361466,0.200520647440398,0.367801170702659,2.90531632844167,0.3675,0.509090909090909,0.636363636363636,-0.759961330775317,9.77833229582553,0.425992785553742,2.84297670984827,-7.28834962269469,-2.21772659327462,4.67821271259031,11.2281677666151,11.1632960210013,-0.539520453109215,3.57383905811959,6.3655581160567,12.9610346705232,18.0966657784983,1.1615197308506,2.25885658639584,5.70410161332146,47.3814356646551,0.218891418624022,0.412973605570967,1.30561324119951,0.0140662695762401,0.00802243027565028,1.07783149238003,3.23325937893632,0.00750938673341677,0.0100125156445557,0.0200250312891114,2.0877556453193,0.45411241214487,1.85341015479189,12.4888611466251,1.69287691235411,2.08161777457603,2.32544214450626,0.112954367678364,0.221571184640039,10.266073606321,142.56873390073,0.0372440005802041,0.0695214539179758,0.114025335984037,0.0124690841089051,0.0292161023932597,5.74265039356777,46.3038267787404,0.000520035530190899,0.00270741223573998,0.0118569975414536,NaN,NaN,NaN,NaN,NaN,NaN,NaN,-1.99966502484482,1.89580929950211,-15.8946678441756,2.84433517728734,1.32362708843265,1.37832717218174,0.193395243063479,0.853954790933043,0.933477189607516,0.937368468880286,-0.096135927278592,0.582284446645691,-0.235965015726233,0.447015772742418,-0.085331579647028,0.38410829264676,0.126993995308895,0.34824991783091,-0.183944174990739,0.388081826752845,0.0456195042061708,0.320123710100293,-0.0625234464967518,0.250446997167502,0.149226808600965,0.234472531519571,0.00666056209836281,0.212787121818291,0.000177088169543398,0.406781463285453,0.000786059140248724,0.733760629312103,-8.79391130809986e-05,0.420475837838494,-0.000471774086245948,0.260374681925166,0.000547855671053365,0.267681999756341,0.000101786415096756,0.214250125170361,-0.000589292829916555,0.179308896881476,0.000231301291571503,0.162158107713268,-1.1860482693575e-05,0.140056989255959,0.000134808411350572,0.142506723510001,-0.000141286284783271,0.139041017614217,4.67448075608353e-05,0.126969503953361,0.000363715085522616,0.119509693152879,4.81049096980323e-05,0.112835631842478,-4.44154959561748e-05,0.336190104444622,-4.01222009305292e-05,0.584895655917805,3.54793581553489e-05,0.330859375297573,8.15600061156612e-05,0.246904092240399,3.64677685860071e-05,0.236321932458152,1.47684447691466e-05,0.204578651349462,-2.15569577779219e-05,0.184110618350201,0.000100983944371446,0.173973249783652,5.33763738130164e-05,0.155700106350713,3.13960611241111e-05,0.153285982401909,-1.26286312180637e-05,0.15068062153849
103-1240-0029,103,1240,0029,unknown,103,1.19493372865626,0.59960203572164,0.400330736311184,1.93802672721924,0.684047114831847,1.03827762232533,1.77277197321405,0.505419650433912,0.204760943476718,-0.0643609601786326,2.31686877941694,0.345462713387242,0.524528301886792,0.660377358490566,-2.24670097870841,9.70337682632831,0.74186484345436,3.48418001944031,-8.39612317176934,-3.87648528437685,2.30455077849276,12.9519082707807,11.4049064152947,-0.517366385389108,4.02852616485561,7.69146961298801,14.196213837826,19.3666439427673,1.0526946581783,1.87021906081135,5.1718099201775,38.5360152057462,0.201937263149268,0.422504570198268,1.19964097883738,0.0135642304029086,0.00813342556401375,1.19885689385931,3.42091698219729,0.00750938673341677,0.0100125156445557,0.0187734668335419,2.0336591411416,0.435645253065771,1.16452610875645,5.46778427471852,1.6485410332416,2.01896611275702,2.29296295196908,0.0944950305068282,0.111338454124674,4.78051376690589,34.2352068603336,0.0383667280300487,0.0674791473748685,0.107138156164585,0.0102921656517998,0.0192248346621321,4.81942998162828,38.475720936668,0.000537223674401054,0.00338354204048804,0.0117823895969713,NaN,NaN,NaN,NaN,NaN,NaN,NaN,-1.99101818757871,2.03607131366227,-15.7638473656283,3.03688531350408,1.38681850304507,1.28458157404971,0.0364746534190764,0.826661074675431,0.777741178046185,0.909707849723447,-0.187941378228489,0.593335559991832,-0.245356834827446,0.453021858451041,-0.195910039695156,0.415611628068543,0.13388622690335,0.360266560826318,-0.204263566523843,0.368007832803514,0.108001379305358,0.295252011817624,-0.106490888527348,0.238026432784861,0.206724581254344,0.22027899038347,0.0321483626567053,0.201438469738993,0.000460489289707198,0.45662226392872,0.000530939801079528,0.823712883178699,5.59217883907265e-05,0.41342689116482,0.000698287518625661,0.267834096040227,-0.000732772036781694,0.249722214964357,-0.000298361174801001,0.1986159416524,9.07590139537613e-05,0.168325095101274,-5.30434685729866e-05,0.16772994093584,-0.000404490578440359,0.141865498835997,-4.20932825039759e-05,0.143978695923304,-5.39467486043899e-05,0.127901525322185,-4.70516528858298e-05,0.115705102177436,-2.0365994689926e-05,0.110120328043862,-6.20896077524851e-05,0.108186103723019,-5.94625205295809e-05,0.397922544092628,-8.9307480961038e-05,0.675252463327841,-0.000198568255967377,0.352073616448895,9.20709678199031e-05,0.258571241186589,2.49307996358784e-06,0.223857850409852,0.0001041266375176,0.195230794713799,4.29172629694666e-05,0.172079571290433,6.60258891943945e-05,0.169807591365969,-1.08518295678509e-06,0.15786062416619,1.17964027633811e-05,0.156815084162631,2.96438071201617e-05,0.143382348957058
103-1240-0030,103,1240,0030,unknown,103,0.910406646058305,0.405902332439685,0.575816163941492,2.50668109731581,0.608906257248413,0.802100718331507,1.22027779274877,0.482993234780567,0.19370792612851,0.312155457133489,2.74085305076922,0.348880597014925,0.477611940298507,0.592537313432836,-2.36034940080966,9.60993424131999,-0.0560039608415041,2.53439415880893,-9.90534084778099,-1.91455368548985,4.9360576819999,13.2044051992324,11.6192928492991,0.274212582356917,2.84888218298237,5.41992519332138,11.8963707687823,20.411429153434,1.33091986631796,3.60817269224359,5.72545128719361,40.8841906399846,0.177316412100009,0.310799422869245,0.834400462929674,0.0129607797039118,0.00673930531736819,1.13322462365976,3.61844026643271,0.00750938673341677,0.0100125156445557,0.0175219023779725,2.04527718143427,0.381759703569562,0.651719034396731,3.94634136583165,1.67985462566075,2.07131334044104,2.29692837429497,0.106308852282162,0.272270745595305,12.4761263815648,220.63925677365,0.0327763308619587,0.0530610506082412,0.0877396154027841,0.00725629723035702,0.0129762360315366,4.00704254767614,24.7822128039344,0.000576609704475078,0.00277712191133206,0.00769467443952105,NaN,NaN,NaN,NaN,NaN,NaN,NaN,-1.99246386972369,1.6505443807201,-15.7854253697757,2.45680594038336,1.46839870958962,1.5771918696125,0.0478974080690476,0.88253215876257,0.926184866109342,0.839877116439185,0.00451969852903745,0.577769813843952,-0.27094067089501,0.476913168143731,-0.220273056728587,0.458296700826089,0.160360001548283,0.335577597849261,-0.221693266665882,0.352020041200459,0.100136104663567,0.294370927497056,-0.0746167221387536,0.248535576509643,0.162344139054861,0.248013879918844,0.0227727845403168,0.222940123167973,0.00012741477496277,0.438344037014588,-0.00107457943748751,0.802795223267723,0.000745807631790109,0.455406782816703,-0.00021144880106145,0.285403127712312,0.0004154721018625,0.252550202548181,-2.74349076753142e-05,0.203582824215625,-7.57104150591338e-06,0.181531706893569,-8.99147273222828e-05,0.173143191649036,0.000133786545279106,0.141336380645711,9.45711249428917e-05,0.149223370654362,-7.63722112964685e-05,0.1331758076273,-0.000122931546826783,0.118114620445576,-0.000127592883924351,0.120272298164691,-1.41096064829222e-06,0.110391783776816,-0.000103944975326476,0.382462976914397,3.8436637329546e-05,0.671972418569198,9.61840752226147e-05,0.377303981242722,-1.85873571239356e-05,0.281647223683771,-5.19966382043589e-05,0.230130476370908,-3.19695691854902e-05,0.204090873534292,1.76620123521969e-05,0.186992373841669,0.000102803371538764,0.170609129985465,-8.42610384470239e-06,0.161845126973292,9.16865032477373e-05,0.162383931850385,0.000123698989357877,0.150599254341137
103-1240-0031,103,1240,0031,unknown,103,1.04240239494112,0.546355370382744,0.526799331465174,2.11862417167571,0.595261374294023,0.87582316990668,1.53376738662007,0.498660913916076,0.193969230682288,0.134414082427406,2.79214350420637,0.375,0.5,0.620689655172414,-2.86883266816721,9.35620047470361,0.378421425078803,3.71863872109687,-8.32284059014404,-3.44685172202229,1.94878088942829,13.1588490024809,10.7742798896433,-0.338015682867894,3.97363595554152,7.68982562781203,13.6971628763943,18.9721262846035,1.1133484799757,2.46008569101458,6.89441625686827,61.6913687607931,0.212537120447032,0.370483070172105,1.13936669081917,0.0138892402661473,0.00803569560146402,1.20959051665129,3.69345083690075,0.00750938673341677,0.0100125156445557,0.0187734668335419,2.09908939470741,0.465561939999893,1.35035923097529,7.21156313196632,1.68509728145223,2.09435210905008,2.34102557210105,0.102177890823414,0.125169569859536,5.33226027925603,42.0893503173598,0.0408417320163448,0.0742749031503728,0.118937648459485,0.0112370334061907,0.0179091404744911,2.85751921620459,13.6133210108525,0.000524990044523383,0.00363346753799466,0.0141526301462193,NaN,NaN,NaN,NaN,NaN,NaN,NaN,-1.87034404489313,1.97437438038188,-15.6670170957671,3.06556167274365,1.28679966154709,1.27552789993964,0.134079757696296,0.817261946925515,0.973338392112914,0.907856101527267,-0.0826011685460437,0.510412704071262,-0.245753350228794,0.462221369520525,-0.212076064529486,0.426346349520825,0.144602941693416,0.316715774095124,-0.216165561279525,0.363816502066283,0.140259690017023,0.325259861126587,-0.103609192946637,0.250340239679388,0.184903586727604,0.232814336016245,0.0345488931749728,0.208035695409239,-0.000144034876354197,0.49832771869465,-0.00118620420675694,0.846550012134841,0.000515982544427604,0.452132594593569,0.000543689251815595,0.273522788201135,-0.000322761845892377,0.262977653515664,2.77505643913415e-05,0.202124883457784,0.000335042485249273,0.177117682867365,0.00012562935105798,0.166950187169475,-0.000213025562238099,0.147511474683485,1.09267857041848e-05,0.155642485129424,0.000179305405541796,0.129282940470871,6.67296356661032e-05,0.11953492566965,-8.86422114080709e-05,0.118481463538537,8.88826026297803e-05,0.114102793708514,-6.05937150192209e-05,0.43920772654527,-2.72582574829657e-05,0.69783460646908,6.46313763503564e-06,0.399194347965865,-1.35756406499153e-05,0.265211019415986,-0.000114863469675037,0.240889682922688,-7.42515924983564e-05,0.209201300752873,-3.64327981112908e-05,0.185888486364443,-8.40238980489846e-07,0.176320306214844,6.77309047359369e-06,0.172033505629641,3.74931235778614e-05,0.171415448046149,-7.27188280969257e-06,0.147830758020074
103-1240-0032,103,1240,0032,unknown,103,1.04510941778528,0.510573790755719,0.51068140518598,2.195050549329,0.635517969426185,0.902082004908643,1.49494815205076,0.478203103541377,0.201271259111863,0.160628386449723,2.47069809885341,0.322033898305085,0.488700564971751,0.614053672316384,0.311364827349983,9.44059433175017,0.239914201536222,3.25654413139472,-5.49572427715935,-0.481061337198062,5.33571296253714,9.37349905624652,11.0506674629536,-0.0764865221217081,3.72287232009756,3.39834729146781,10.2258557382244,15.4719045001045,1.15928389121637,2.58807113295157,6.12534046291466,47.9741072201937,0.21787646682113,0.406364399458875,1.16706827713508,0.0131520476631092,0.0076432514330056,1.3963506995197,4.29430276176098,0.00750938673341677,0.0100125156445557,0.0175219023779725,2.06012586512192,0.413709373763794,1.08925491164703,5.66940264254935,1.69965566743042,2.04310852650902,2.31327310056884,0.10909212021028,0.254148572271003,20.9362665168428,595.79424545618,0.0403218223588815,0.0700510552058846,0.113429586906316,0.0146093136840571,0.0301417955363861,4.71464656421309,34.1107536197883,0.000533534950778689,0.00344527330820959,0.0152565189540539,NaN,NaN,NaN,NaN,NaN,NaN,NaN,-1.89740641041957,1.979664867647,-15.4975323774468,3.19530801677755,1.29506261479316,1.40896627338532,0.07014286539709,0.84992438437027,0.983616640754384,0.882767801665415,-0.241390910416957,0.577231417404967,-0.238324505798655,0.51222672095803,-0.22370228925103,0.426533783995183,0.116039339287525,0.356434138992912,-0.198401047826421,0.370966010482461,0.120227283388536,0.332222856865797,-0.0957851941724921,0.24667948724688,0.201160312693428,0.235248078710305,-0.00997020844608868,0.229643222395489,0.000674355360724727,0.502495445070871,0.00285624667778411,0.84672417425243,-0.00110374951742199,0.447125985763985,-0.000872228680166156,0.269786218790543,0.000658934080628247,0.277314343840279,-0.000340025042449907,0.202886439676069,-0.000691087336890927,0.186789457915646,-0.000237741849041479,0.173505850351182,0.000264388949749647,0.141270148844441,2.57997963390231e-05,0.150014758728923,4.20114528855984e-05,0.13656746725768,-0.000146643314594857,0.124890813234003,0.000153615439118241,0.114543291397481,0.000193898653856488,0.115570611118268,-7.69565765953499e-05,0.457720075503106,-4.97520036940323e-05,0.675480641924624,-5.08987863439125e-05,0.365610071020037,-6.8454282412403e-05,0.261268129440713,-3.13731850169945e-06,0.248434119456465,0.000111802584928531,0.206218607928033,8.76521247874543e-05,0.198318783832148,1.45764191477948e-05,0.17677681941947,2.17500240397556e-05,0.157790094166426,0.000131357692344934,0.159042252262485,-4.10907476263842e-05,0.149410946953824
103-1240-0033,103,1240,0033,unknown,103,0.875730522639539,0.422606507808989,0.625813357391313,2.44448486390253,0.553056959780077,0.756559283519563,1.21665986059259,0.483762091724086,0.183375206908416,-0.147266634734493,2.78475966912147,0.369230769230769,0.505769230769231,0.6,-0.684979417902115,9.41147708329289,0.263416210935765,2.88280611827069,-7.60095279614866,-0.712577810978808,5.36485795830738,10.9201692588722,10.5335827324176,-0.120042285587183,3.82391199948655,5.1681649563421,11.0097395771786,16.4865950440236,0.969268467918664,2.11028441370021,6.24048521891138,51.3135281287359,0.17994619011661,0.343750766066237,0.848781933365575,0.0141103658626869,0.00784207020901592,1.09019852822287,3.39803624355028,0.00750938673341677,0.0100125156445557,0.0200250312891114,2.09567389282311,0.425538822863795,0.987516819149414,5.09308531656489,1.71176591667607,2.10409366452619,2.32868795359418,0.0951267115522283,0.148477520203331,8.07948076181603,95.4731537447445,0.036939353112941,0.0635681642046092,0.0988492845036559,0.0118431877611949,0.0232700234551839,4.45240479947544,28.7495019890267,0.000676979883331665,0.00308025692081393,0.0138739594292998,NaN,NaN,NaN,NaN,NaN,NaN,NaN,-1.83219469730075,1.83894745410818,-15.4206203915117,2.93377853133663,1.48756732480711,1.39529848026579,-0.0199367244948891,0.799871284912572,0.953564383693035,0.757645097179999,-0.116365410830245,0.582983057377079,-0.244689964418613,0.464889605085859,-0.220565884761976,0.460585847109269,0.164838810034622,0.327044214455497,-0.181718515607824,0.36936589130111,0.130931051148579,0.276189515591981,-0.0929359633962113,0.237007519715884,0.198354993414471,0.257753721120814,0.0127785601262866,0.227481372521686,-0.000517032548990374,0.478911801879201,-0.00296943221360369,0.860408535105767,0.000825775608314007,0.445791432764938,0.000688956481270779,0.278607992577838,-0.000647188444365357,0.257490714676213,0.000398692689324465,0.215062362693009,0.000915705854971847,0.186997916691641,0.000507568104206309,0.172230403807449,-0.000185828946105968,0.147261471559301,0.000103209349055537,0.158245383917631,5.2741562135713e-05,0.134451751442747,0.000295307087883027,0.123666379392714,-0.000366009621271443,0.13028853045741,-0.00030441141720623,0.122299508734927,5.22341244137302e-05,0.409230078990173,-0.000228423681573436,0.687925745345869,-0.0001873019049306,0.362969041006301,5.6848207177673e-05,0.273385958344844,7.15836296478203e-05,0.240663394551958,1.55311779355466e-05,0.213574381478263,0.00017453924933034,0.193489254774368,2.00017956401428e-05,0.176602340660774,-5.93784011991971e-06,0.164432605506213,-2.99118102695292e-05,0.168522293225093,-1.84111614822395e-05,0.150703147245108
103-1240-0034,103,1240,0034,unknown,103,1.63526396930957,0.759545259546253,0.0523291228488349,1.77626297520504,0.972797510512286,1.57003113106807,2.32613802416472,0.494743760001579,0.18790766834259,0.392219329211612,3.55857904948217,0.36525974025974,0.495833333333333,0.6125,-1.36754601473086,7.40610677897414,0.446921683042703,3.78403351100425,-6.48945512062208,-1.5829671499656,3.11521411731369,10.7339353751601,7.91540958490357,-0.413401316013082,5.3301643586412,7.01110557462835,10.9875148654236,14.8805427378448,1.64138531923567,3.37596824672634,5.54787702057162,41.7886147970681,0.235741234357136,0.519933012786008,1.96396308904157,0.011906158740092,0.00777102340458959,2.12817459163208,7.41145831567125,0.00750938673341677,0.00750938673341677,0.0125156445556946,1.97852113341925,0.433512560905124,1.42661733653642,6.3423789861265,1.63122911201602,1.87826891024716,2.23119022956984,0.130488407723942,0.304205201557531,13.6082732494737,265.502737386886,0.038033680435116,0.0742264926787222,0.126694832146447,0.0126234371084466,0.0272537787349196,4.58109966654164,31.2869781894945,0.000324893154118125,0.00197628686970399,0.0133582010821689,NaN,NaN,NaN,NaN,NaN,NaN,NaN,-2.25983909484731,1.87406407242083,-16.2231509135582,3.01963006263215,1.19486606749352,1.56878412216437,0.163081259037295,0.9289703709335,0.69479098550366,0.78094334598408,-0.0329003389367307,0.514951568174582,-0.207038178752936,0.464507566863145,-0.185438060522691,0.419957846366626,0.121085082270558,0.32497581521063,-0.147970451931971,0.310317637656294,0.057395689481705,0.280292392167093,-0.078987858997848,0.222958636625546,0.170902189496443,0.231184279456961,-0.02279637873183,0.232795464486096,0.000375428198222516,0.474069602859082,-0.000243605061770139,0.845881198168078,0.00011307929589354,0.466090282795862,1.23282158119155e-05,0.300603271413734,-0.000122707659938859,0.25292155522745,0.000202056418494019,0.209074429312903,5.79117985543325e-05,0.182161657000813,-4.58672688407708e-05,0.166450059648592,-2.38081556285419e-05,0.146160328388965,0.000208453904152731,0.138064703582473,1.50918954742767e-05,0.132558999760174,-0.000255875802330524,0.12501321287729,-8.01910829225824e-05,0.120811263911909,8.21255353419751e-05,0.120718405187482,-1.37276257171943e-05,0.448156032215271,-9.92925743848553e-05,0.70445981908974,1.06065532624309e-05,0.381332337633144,-3.1053191422704e-05,0.296051308760579,-6.32389917558481e-05,0.244134746489879,3.24999815062576e-05,0.217593116368681,0.000139396818011183,0.196848490365833,0.000132550817819066,0.177366716997283,8.99697929718149e-05,0.166407409727311,8.6334786402666e-05,0.162394809034164,-2.62185671313813e-05,0.152468792267322
103-1240-0035,103,1240,0035,unknown,103,0.889085715742913,0.408616260502921,0.592840333320181,2.46303347046632,0.566114570604542,0.794873657613351,1.21913678574949,0.474574282295116,0.197587882245986,0.411439040793018,2.94531137221117,0.332835820895522,0.470149253731343,0.582089552238806,0.147822001146294,10.3139610519579,0.197231003911607,2.75431741767086,-7.57770857762804,0.384079512127487,6.96810151078252,10.5866264010652,11.1507102487669,-0.255723625136172,3.55251057235709,4.20640056972276,10.8307390627417,17.4319368393711,1.44187694359807,3.19223814889195,4.46428981795649,25.9098100606383,0.201912033549285,0.381803144310809,1.10465652005641,0.0131140488110139,0.00717005907744135,1.22327531786261,3.6229117873551,0.00750938673341677,0.0100125156445557,0.0175219023779725,2.06711697367989,0.422433598604829,1.48717811018056,8.64408348998307,1.69586588843803,2.07317576552179,2.29124758856094,0.130054985062988,0.25965709931403,8.73326674343089,114.111121564918,0.0392083671677173,0.0705394233469899,0.122618224529704,0.0127168101002378,0.0216371313630672,3.03825036144419,14.4591794166093,0.000779525840145197,0.00388057276893404,0.0140836548097311,NaN,NaN,NaN,NaN,NaN,NaN,NaN,-1.74451550672307,1.75341161700184,-15.4185638913237,2.70964559093077,1.32013937481627,1.5980478921891,0.189843774665045,0.850834016371475,0.961469259806044,0.875854861322292,-0.14282345431556,0.601770448570206,-0.199941692391467,0.440157362742265,-0.211250560380967,0.42846612139147,0.126525448459696,0.329807034395686,-0.190004125662136,0.360481197923179,0.0631960157891149,0.300654140268046,-0.0854419010850792,0.242783596272313,0.189574343505365,0.253922967772218,-0.00128394817064556,0.215973430492508,0.00017997875942955,0.458392987856382,0.0024616282218851,0.795226206776248,-0.000588017205111803,0.462685926576336,-0.000857009448551945,0.275829743702432,0.000356400348274803,0.266357858852352,-0.000157285017630095,0.227828688220549,-0.000543389900727312,0.180212598656802,-0.000390273110074324,0.166403775214972,0.000172817826916169,0.136101006657088,-0.000289046618651556,0.145904433195062,-9.98238811778938e-05,0.135018141685335,-0.000163640374189298,0.121194654084099,0.000308662817327821,0.122004116763844,0.000222779513929749,0.113962469164691,9.71141481580687e-06,0.382875763845244,3.43000325359433e-05,0.626616619352805,0.000110348549729612,0.379513078996062,5.03172966773421e-06,0.264909852566718,-6.54266079065519e-07,0.243320020231792,1.48871003225975e-05,0.221132439636698,5.41904522970999e-05,0.185767214997833,-2.54587845312799e-05,0.172766850578541,-4.92140589307005e-06,0.150182777532118,-1.41314590842935e-05,0.156166610220055,-3.35412003245518e-05,0.148810019189183
103-1240-0036,103,1240,0036,unknown,103,1.39668811919935,0.797805866268435,0.195223207692281,1.59334968623781,0.662974357846417,1.23706598506041,2.16134560563798,0.545954526409378,0.197584283166774,0.21277068370786,3.15894778033857,0.423913043478261,0.547628458498024,0.660079051383399,-0.183715914195001,10.2338978415586,0.701407012135234,3.6113350342641,-6.99996655389502,-1.59192668601291,4.52454693664293,9.90469052029253,10.4607950068763,-0.696712898075053,4.2225735376938,5.11920461450316,11.783539417868,15.9873471557513,1.29451229962497,1.99122671564907,4.95072275975879,38.4179518875198,0.215046445208625,0.580458256311996,1.77950649612573,0.0161570151792306,0.0120234449154546,1.37763838633045,4.30857027722787,0.00750938673341677,0.0100125156445557,0.0250312891113892,2.10981592879161,0.596689297290309,1.69052003043857,7.3312793603719,1.62961072580004,2.01972992513556,2.38769303917829,0.122404933117396,0.151713929725048,6.7992496582041,86.817497317101,0.0527289991554946,0.0842473835374917,0.139000651061205,0.0183116324978139,0.0378169523317335,4.24710666210977,27.5767830733301,0.000157752448392142,0.00308481703633788,0.0192602975721359,NaN,NaN,NaN,NaN,NaN,NaN,NaN,-1.94754072199254,2.37033702991412,-15.9575064731047,3.57876551517251,1.46424911983908,1.35217546005088,0.0596133733892508,0.825793162544609,0.617299548798811,0.721412615053245,-0.140680128523422,0.539302439901622,-0.114228127259224,0.411621183167368,-0.0648481534042534,0.372949372324645,0.119470334276179,0.357486115083804,-0.0675302251246326,0.329809465553184,0.0888089366116372,0.27913596258953,-0.0392486257874294,0.254575003933073,0.158197316950863,0.303500175449621,0.00453368012025012,0.249603787196163,-0.000106688342536241,0.462102121851549,-0.000569885959543445,0.769367663867335,-0.000147204516607552,0.390388793266239,-3.59736457596563e-05,0.256488411809299,6.35523044480543e-05,0.231716689089085,-2.55649688475243e-05,0.188671536255404,0.00027304560598548,0.177558142732804,0.000290943888145502,0.1611026762982,-0.000420167926646265,0.149368717328257,-0.000234167352997122,0.143425418396596,-8.06016070317853e-05,0.138264993713684,-0.00019086660033601,0.130695526758405,-0.000151164568622475,0.1319861843372,0.00021532712863836,0.12174555698292,-9.24422546857165e-05,0.380566045853643,0.000148501417740232,0.603608429937029,-5.40839520295774e-05,0.331837559566279,-0.000242167594438203,0.235075910777609,9.93660071929615e-05,0.214850420620328,-0.000169672886313912,0.193287078036143,-0.000254961286529345,0.187753735037279,0.000102352602467021,0.170279867290286,-9.84031618508275e-05,0.165954392106921,2.37972125230331e-05,0.157965701103209,-0.000135439611115981,0.159825044535961
103-1240-0037,103,1240,0037,unknown,103,1.42471155622803,0.70269481379012,0.256345893929617,2.04503347222557,0.848103370473927,1.30664208353423,2.05046547483425,0.515949283955978,0.228874008782656,0.452687479741351,2.70131655484468,0.346938775510204,0.491071428571429,0.653061224489796,-3.51597406366557,8.96411526223404,1.08363469859939,4.46466031910071,-9.17867654280944,-5.12465290591297,0.318366631831455,11.905061510531,10.5541467780898,-0.981771576415642,4.89093036474857,8.1136165858694,13.7687806920444,18.0848559747289,1.18944498442425,1.75745395340572,5.45385888815426,64.1815843926056,0.228048324571702,0.470228959195355,1.71835556312559,0.0125690288215721,0.00803047962175234,1.97677805432184,7.33124437682911,0.00750938673341677,0.00750938673341677,0.0150187734668335,2.03599973526501,0.424467692032829,1.33557033286798,6.45694729782276,1.68407714686504,1.9802123361309,2.2876945499843,0.104302474322658,0.118732002347546,5.73109576648987,57.5397361418624,0.0451417359078935,0.0764571975716858,0.120289787644741,0.0129146012079819,0.0283300151157655,3.82660867593618,20.2045364961128,0.000231060549377087,0.00205490649732208,0.0107596083205724,NaN,NaN,NaN,NaN,NaN,NaN,NaN,-2.29023641667617,2.00714431163975,-16.1327760217376,3.34452412978526,1.34615189945718,1.24243734473822,-0.0232443306729594,0.871048626754118,0.809974143444942,0.793877223965359,-0.0891440594561108,0.546099024868941,-0.171097989614514,0.441257799115724,-0.184274010784014,0.406637592462168,0.159515779910057,0.331361452233702,-0.110368386906783,0.36163018064704,0.0879400184308956,0.268374681501018,-0.0424702679438817,0.238681347995709,0.124777664298978,0.228251763102279,-0.0522256520492251,0.214089505684485,0.000217933983515103,0.481541549686827,0.00203210523993021,0.863568739543636,-0.000934477214855663,0.431343222292432,-0.000593713713437531,0.273278848238466,0.000458138003267148,0.247040649551726,-0.000116699967273307,0.207234306835167,-0.000556689315923964,0.183205638236042,-0.000193330110702069,0.161679481630159,0.000220172820502405,0.140041397033933,-7.54292983187396e-06,0.146066914666583,-0.000167640949579536,0.129592994894638,4.8511206401206e-05,0.117576873563114,0.000139370857993916,0.115944093699977,0.000171744613628033,0.115541562323021,4.48389468759659e-05,0.443551173452505,1.20841294594933e-05,0.70891976938596,-7.39257411887228e-05,0.375809828702875,6.12018399404917e-05,0.259062666596173,1.90144761172397e-06,0.225660798882606,6.43838546615603e-05,0.209378761716302,-9.17015138083348e-05,0.19727079879934,1.65075813324982e-05,0.17831210243551,-3.81338647344063e-05,0.163765519688662,-1.30439697920833e-05,0.159632209675473,4.60617525885555e-05,0.147585486814358
103-1240-0038,103,1240,0038,unknown,103,0.770662780763905,0.35462124932044,0.731190878181665,2.87937711712459,0.514344348151442,0.67969207677536,0.994145360681056,0.457279135828243,0.177003581307287,0.394095168290849,3.29764344835091,0.34952380952381,0.457142857142857,0.545714285714286,-3.54228145543507,9.11840807836471,0.516994459924636,3.39103115706124,-10.0001486045847,-4.30996822778426,2.3744761847891,14.6361006785265,11.4608309990694,-0.181317894763201,3.39697422585604,7.2048061042979,14.2677830280698,21.76639158683,1.18385711407377,2.76645731482437,5.27724459542912,37.1535061296975,0.194978175032387,0.360137527880929,0.776084222310765,0.0140470947333957,0.00764527739033669,0.967868522372678,2.86001679338943,0.00750938673341677,0.0100125156445557,0.0200250312891114,2.14889064244012,0.432586422108717,0.997096580397742,5.5538180930977,1.78961434629911,2.14318121914741,2.38794876755223,0.124558612343804,0.213640164557661,10.7240093009383,182.054009762357,0.0378667701219895,0.0715780337848741,0.14085065073328,0.0161927746645362,0.0253710752067796,2.80160075532112,13.2628037543802,0.00128328338959725,0.00481293735269688,0.0209771160614056,NaN,NaN,NaN,NaN,NaN,NaN,NaN,-1.53252365498686,1.66253590302934,-15.0064575383594,2.53916484269179,1.32983166169165,1.59675486359403,0.21550440848933,0.921882115723113,0.882814244699442,0.814872296399364,0.00500525540405678,0.56437993480223,-0.265065573242913,0.469838500852719,-0.227319068316241,0.4448177369169,0.141587618046473,0.333741896345535,-0.23061316585737,0.34333289750711,0.0563432236883881,0.302122379167677,-0.0493933804415763,0.25617118657145,0.162907645376535,0.266331203950759,-0.000766296060758981,0.206726782882885,-0.000627662865116138,0.486813034970869,-0.00215405464791617,0.808306018764736,0.00141611506038244,0.51852021497912,0.001368144776337,0.322851577823889,-0.000514476253791516,0.277623169850298,4.37492618406868e-05,0.220084667975616,0.0009287299115787,0.188150074436378,0.000204823312648389,0.187815562668973,-0.000956805929889379,0.140405075810548,-0.000160584934471669,0.157086272542669,0.000335067381661044,0.149849784204581,-0.000322422419354561,0.124088615197866,-0.000205669028896566,0.129717280022809,0.000392469301079031,0.120107963592633,-6.8275460610729e-05,0.455387531421186,0.00147767779986261,0.636431671271608,-0.000436876278329363,0.409840229320608,0.000348242720471714,0.292445742799754,6.61724376936782e-05,0.244121171999157,-0.000291351474228594,0.207981521722354,-3.60771413677887e-05,0.19138673005743,-7.60694872022047e-05,0.186866985600165,-0.000432233352209285,0.152807623941966,-6.24333378518181e-05,0.17009555048413,2.27398826755852e-05,0.163100190437951
103-1240-0039,103,1240,0039,unknown,103,1.02476308946584,0.498596417485672,0.605809392965877,2.31812152328088,0.620282853674632,0.883092398856398,1.43129673476888,0.488649922883075,0.221607308897716,0.712504605349143,3.00481198831891,0.333333333333333,0.463148148148148,0.587179487179487,-0.167305745244705,9.2337729446465,0.19826180655205,3.01739051689457,-5.82446565199447,-0.845428400251112,5.30060125932434,8.93051856344712,10.654780864787,-0.200693306097381,3.39629450841308,3.00705066761806,10.0339031376747,15.4967581392924,1.13660795870031,2.58104401358204,6.25011983363427,56.5313479676336,0.225225385002446,0.384681589280931,0.859576818393891,0.012637493668198,0.00730411049349752,1.61981541822219,5.08962293238951,0.00750938673341677,0.0100125156445557,0.0150187734668335,2.07218851577927,0.433540892088175,1.22181767893375,5.93242227918961,1.70145994711914,2.04510733436942,2.31231875837076,0.106500239716555,0.145497180906779,5.61770236939069,50.3641714796911,0.0383253564649853,0.0675708619835487,0.116984781882456,0.0135865517656028,0.0258840867885337,4.0477777749105,25.3379485569049,0.000735714550956246,0.00362815406006918,0.0144775609161658,NaN,NaN,NaN,NaN,NaN,NaN,NaN,-1.80453551082809,1.90074455201337,-15.260895926243,2.96524046306659,1.31701518934095,1.39914934242002,0.0409739583662219,0.99350888227068,0.948137784612291,0.961599494671359,-0.204747985343891,0.584500448395202,-0.241861998966075,0.454137539699662,-0.224800643618498,0.461072174150735,0.159750527368077,0.351743227550566,-0.227340711180507,0.375362426227699,0.130313241904678,0.338869110202834,-0.0744169689582934,0.252419528584549,0.127817224120607,0.24966095833475,0.0161151275005656,0.226005296258565,-1.38558617264589e-05,0.507432371432944,-7.91492666265368e-05,0.836867058815859,0.000169940640812764,0.425332386609273,-9.19028688467384e-05,0.280951362170077,-0.000127358832370232,0.276386130407761,0.00026650727241246,0.208829252683436,-0.000335701974942116,0.181205081032071,-0.000163541669246154,0.177328103464198,-0.000133779958733742,0.140876844605743,-1.95074832966431e-05,0.153912183305215,-0.000119371954081082,0.143346406640905,8.63308850761405e-05,0.120996447211913,-1.36526186060579e-05,0.124042702812707,-2.85440388851842e-05,0.110297464912361,6.44601175136924e-06,0.433026429797816,1.736404421696e-06,0.66610682827622,2.3601546531388e-05,0.358166183684552,-1.72436701415394e-05,0.261653709877036,-8.32504177170813e-05,0.236802318805686,-9.39024286539619e-05,0.205199254738507,-7.14357055243375e-05,0.201209874766987,1.97305929543237e-05,0.17679921580212,0.000138434847906838,0.154523929453502,5.88157033282191e-05,0.165279480260089,-0.000110568821439547,0.152866024061791
103-1240-0040,103,1240,0040,unknown,103,0.984933688468287,0.470252303838623,0.487490961069958,2.10534290517241,0.600846654751138,0.856201233911387,1.40759096040677,0.483812573442591,0.198702074217539,0.206182309587835,2.57120673031611,0.331317204301075,0.494623655913978,0.612399193548387,0.619569680341666,9.40033715185076,0.084899710809515,2.96385111140445,-5.38653123549004,0.701344925035589,6.23685987697533,8.88864487758843,10.7197883126809,-0.00254631312954273,3.5047527246879,2.68005878080884,8.84347375012841,15.2883882651523,1.13852560363624,2.436223977289,7.07425666840829,67.1168358389631,0.250930100762124,0.444848060390518,1.03119280010451,0.0131007915738831,0.0074033572317864,1.28744114910761,3.74497726411059,0.00750938673341677,0.0100125156445557,0.0175219023779725,2.05994849092652,0.416377916889811,1.16212235608976,5.98213020247698,1.67913682270697,2.06114511963172,2.30289873490378,0.114493917178119,0.220383067751425,15.1324228765227,309.76925949307,0.0449573144876756,0.0743834368643586,0.125911164991003,0.0154491317310517,0.0316998047123025,5.01836707789881,37.3266917494009,0.00097669333274671,0.00483422915040375,0.0147875418167561,NaN,NaN,NaN,NaN,NaN,NaN,NaN,-1.6905647149104,1.83950880421754,-15.208733187683,2.81201156273043,1.16697922303262,1.3836218010419,0.132519034838915,0.918094008931388,1.02587859340731,0.884057257267662,-0.189947961079067,0.55445862895465,-0.293153029671856,0.426215054694238,-0.228233062756589,0.456760826715854,0.194608869000836,0.337976190150136,-0.2345980621504,0.369517032418413,0.143660976573575,0.310590055972997,-0.08412720687613,0.236734481320554,0.156683040218628,0.245807378054814,-0.0112422214955663,0.241751945435879,-0.000195115015409382,0.497791993317456,-0.0022490239868215,0.875436000813117,0.000206680732011373,0.429339123434539,0.000775658685118003,0.27880698385241,-0.000314569623217385,0.278459893925772,8.8554128754132e-06,0.20301467595305,0.000465758017068023,0.176647051044963,8.0400238156396e-05,0.176847957584235,-2.37000397426339e-06,0.141867499091847,0.000259479398079445,0.152087712854162,0.000103293985275866,0.136127172681527,-3.05408052885933e-06,0.121278616462862,-0.00035815331009729,0.124276187870979,-0.000143302337129861,0.119435706986947,-0.000113543570678117,0.428573448513359,-8.68483391959019e-05,0.701205807329414,-2.35016871677722e-05,0.363557287217675,8.90975911180332e-05,0.271481122466579,8.12215048695424e-06,0.246788564684547,1.98457117062535e-05,0.202497044829427,2.09320266822024e-05,0.191522743220809,-5.15253484882319e-06,0.177721099304748,3.45479815406018e-05,0.160158905748552,8.13728042855555e-05,0.166982740278168,8.29663714038732e-05,0.151969033750859
103-1240-0041,103,1240,0041,unknown,103,1.01433397504163,0.453394335496718,0.434152705669974,2.4087464110361,0.675691141375616,0.914386936002712,1.38657587748492,0.485149115705386,0.211760618048833,0.403466516501657,2.6281529553369,0.32258064516129,0.479774705581157,0.623655913978495,-0.156030153955011,10.4785107219875,0.0790602114446821,3.1789974537473,-6.47726635400484,-0.0262665500542604,5.70667764155855,10.0359894362537,11.8177121783741,-0.148068924206778,3.57991425200694,4.19450668340439,10.5342372703604,16.4313006794534,0.972586345499415,1.64023180446142,4.7383151670186,33.293012710968,0.238136867843761,0.391705476252641,0.918645103822051,0.0124115798051203,0.00666196235905701,1.42106180227821,4.52553519976672,0.00750938673341677,0.0100125156445557,0.0150187734668335,2.00461121407319,0.380083184449257,1.3830181810486,7.11571214180098,1.68391548635161,1.98937184913787,2.22065494854519,0.0906117598513344,0.12524005898811,9.14530997289001,125.914934890766,0.0370088686152932,0.0694704106082754,0.10420333487105,0.0094840984837248,0.017238864087184,3.20698837053444,15.5352032295864,0.00046547525417236,0.00238270444278765,0.0100772902005528,NaN,NaN,NaN,NaN,NaN,NaN,NaN,-1.90486827794832,1.81454759410655,-15.7740506135624,2.96660578053056,1.48352698456263,1.26103103882347,0.108994620464118,0.876577732650591,1.10455780352128,0.936282383898041,-0.191804109612325,0.583362952339233,-0.252876031875005,0.534681568996345,-0.192656787651114,0.441930600615166,0.149870711333087,0.287479790475233,-0.195676093655175,0.368851597700935,0.150274172367523,0.299292057041546,-0.0689132746075583,0.263419465008506,0.144929872275985,0.229793297644335,-0.0355934728205069,0.243779323926639,-7.0055965658894e-05,0.400763420723675,-3.83584523555361e-05,0.78900719262117,-1.1260532007484e-05,0.371476496304094,0.000239449000756541,0.259458973180961,-0.000127580163870199,0.261946156106637,-0.000130002786723591,0.214085151902574,-9.76869678466621e-06,0.192749376056448,-3.45291088011523e-05,0.17278342678657,-4.35557711784748e-05,0.139868858424389,-0.000158190504234746,0.145759183502334,-0.000101275574106442,0.130000477769854,8.68024765128615e-05,0.123950950932893,4.33047216329203e-05,0.115975936073009,8.34962908284063e-05,0.116138999746203,-0.000103865358452151,0.340164971499623,-0.000113970095636958,0.620520432225881,-6.98910517107662e-05,0.317940218070942,4.01377142654115e-05,0.24108859789273,-4.60675863114428e-05,0.231276715478161,-0.000227579219775629,0.206526246166653,1.12168016940823e-05,0.1915625499159,-2.91931562100975e-05,0.175257856727559,-1.77842818878604e-05,0.155567270035157,8.6925846152778e-05,0.157388477269958,5.62485127867421e-05,0.140662754536727
103-1240-0042,103,1240,0042,unknown,103,0.912487949445786,0.479061482789992,0.795187638640313,2.70358086935351,0.551084918660464,0.760100611033675,1.25280482238763,0.47095908602483,0.201743647566179,0.452656251012637,2.93807938506765,0.325396825396825,0.46031746031746,0.592956349206349,2.12338173308811,10.6499735906594,0.0957446931818412,2.66305827912712,-4.55911003625864,2.04757314383496,8.49701662068095,7.62015180171195,12.4442187795628,0.0651550164583002,3.27080884082599,0.677889175706777,7.86709105175785,14.5896063547181,0.996430790224791,2.34743570773747,6.94495737357866,60.5788787110322,0.187868877699053,0.36053611897347,0.852259229176135,0.0134953396115325,0.00757859326841003,1.40570252345207,4.62880129255211,0.00750938673341677,0.0100125156445557,0.0175219023779725,2.13415373876521,0.418192256582844,1.1879514229445,6.64559476122204,1.77709849372116,2.12572289243032,2.35952341873234,0.105654357113147,0.164714025965372,9.96683541345026,155.451812131636,0.0385066580116811,0.0676297173030612,0.119868726861005,0.0164896083795535,0.0304269672858951,3.50431804205219,18.0304594855737,0.000931306415916466,0.00465113963936859,0.0172864129220588,NaN,NaN,NaN,NaN,NaN,NaN,NaN,-1.56475833410797,1.80613955695448,-15.0572399642435,2.7631882117234,1.34207705244895,1.47694730527192,0.043609274941681,0.893292893829999,0.959442006771681,0.876125310469269,-0.12940498482376,0.569520727910929,-0.286600521493654,0.477196658688756,-0.249395869619572,0.449538037076768,0.12087087246822,0.375050524520456,-0.25459957402423,0.358371449227917,0.0678448152612714,0.302633256247272,-0.116663511375182,0.253893625728565,0.13962707382584,0.254580455300339,-0.00890555673216933,0.234129468813945,-5.95647741665105e-05,0.496800434105133,0.000799166074018878,0.88853695178553,-0.00022830695797085,0.47542956004138,6.96279349817817e-05,0.301198992706643,1.33623857695737e-05,0.279221632824522,-0.000181202801383601,0.226104073896806,2.8099994946762e-05,0.196162431389908,-0.000265194073014606,0.17951751149387,0.000119582025875344,0.157612562302337,-0.0003530417583801,0.164357602305561,0.000104188250527549,0.138900902367518,-6.53554248365222e-06,0.129725192619076,0.000115595821872501,0.126064187614654,0.000220363682319071,0.112807510898636,6.7351960882422e-05,0.459385483493529,-0.000104298476327606,0.734548735521614,1.5334675954051e-05,0.398982479320791,3.46746670737768e-05,0.288319815249302,-1.82364159969603e-05,0.25053208905433,-8.24217412952457e-05,0.220276374824512,-1.79506604946661e-05,0.200960433112934,-3.97982340260592e-06,0.177609856107918,-5.03341273809154e-06,0.173557249654971,-6.60701482654135e-05,0.181053097090302,-2.49073946799543e-05,0.153331842440503
103-1240-0043,103,1240,0043,unknown,103,0.833123703330136,0.381291652429296,0.590424005537729,2.54477914849055,0.54945630794328,0.740549581898199,1.11208988416144,0.473042061411703,0.1865071140969,0.311903996319212,2.86834084135912,0.342857142857143,0.476190476190476,0.585714285714286,-2.64794329615614,9.47042054497427,-0.0359662694663083,2.67590577154283,-9.31549804599264,-1.98391035173739,4.00281645531952,12.9516171264672,10.64350815105,0.35578820539651,3.47106116734791,6.04038513749345,11.8042868235075,18.7936278616916,0.99614951439205,2.53150297525532,6.98515825207234,59.4651121477835,0.203642449830595,0.348345773601931,0.754817649619948,0.0132485579800839,0.00684804597324319,1.15387572605299,3.67691750399998,0.00750938673341677,0.0100125156445557,0.0175219023779725,2.08833834969083,0.374329307941117,0.772633809834413,4.34242594801733,1.75778315223974,2.09862856849544,2.30397830196108,0.097756840515268,0.154739672290128,8.37778784693682,107.665015824693,0.0371692503150891,0.0628018919095258,0.105502582406703,0.014047279354321,0.0269959701675222,4.2857499446307,28.1417230256053,0.000998032426466914,0.00414834627822775,0.0140114387275866,NaN,NaN,NaN,NaN,NaN,NaN,NaN,-1.76936399929577,1.6780255842509,-15.1445560893767,2.67899215877705,1.30994336130532,1.42497499564159,0.0836304325900834,0.871012038563651,1.0391564042584,0.889803863604104,-0.187686249325644,0.589258223318275,-0.230294062194222,0.465542232879,-0.234802446992827,0.422226369087112,0.182766851023973,0.30889285766443,-0.223170583037761,0.359733699914916,0.145113419432733,0.32051757961915,-0.10312539937529,0.263826723930785,0.150800337213342,0.24887149324774,0.0141431558804707,0.229353769935351,0.000253062633793288,0.46074122604404,-0.000750134798342676,0.851359315773456,7.05912576490647e-05,0.461908108241851,-0.000184726790178052,0.280239468026281,0.000111215547690869,0.268709940318896,0.000300255346765712,0.211913336710512,0.000305968667862374,0.180880353125972,0.000305808264435941,0.173075314076087,-0.000275884483947609,0.14141229646931,0.000162248226033821,0.156062812444951,-0.00011933867768598,0.138240127351564,1.96532333278685e-05,0.123691880166849,8.51771139897136e-06,0.11689693615377,-0.000210637093287261,0.118884492738818,-9.57814221938371e-05,0.414063993629406,5.79260129750659e-05,0.681390954211723,-4.34996516264978e-05,0.382176699678997,-7.60659883640873e-05,0.269510357324734,6.18482361295189e-05,0.231709678646476,9.23403682037932e-05,0.208235726721604,0.00014337363470784,0.188571188791473,0.000140539237288543,0.171942952119276,0.000119201591847679,0.156110893493516,1.74633367487236e-05,0.167067802770318,2.55880120427963e-05,0.154817060359896
103-1240-0044,103,1240,0044,unknown,103,1.1495262091341,0.51952607573211,0.261505219421471,2.00354110981129,0.708571290345554,1.0788987591102,1.6012039341628,0.49806613401221,0.207778855366623,-0.019347082706475,2.45432820057421,0.345029239766082,0.519736842105263,0.648684210526316,-0.121535579465659,8.86415054809732,0.351697047676196,3.04957514811948,-5.73795819984702,-1.1951411274166,4.78212539065629,10.1591350803291,10.5457835430941,-0.414051754233178,3.20707674513416,4.29748414662536,11.860168111025,16.5971363498415,1.28587077539956,2.960038726187,6.86347272091584,59.4099178218925,0.226743979754854,0.451116170278538,1.37290770010568,0.0124337378910184,0.00701475999217825,1.55205748392296,5.2546655682813,0.00750938673341677,0.00876095118898623,0.0150187734668335,2.05732107010497,0.425492242798657,1.06667006800682,4.91587633611376,1.68633433081777,2.01040416828538,2.32413202750213,0.115030572768228,0.262991231155681,14.8896817208484,303.429673209634,0.0390965515198856,0.070510635066092,0.122907572763728,0.0132747665551551,0.0264417629236994,3.98746869326309,23.5584897685296,0.000565312444852977,0.00312152709528942,0.0136055453716972,NaN,NaN,NaN,NaN,NaN,NaN,NaN,-2.07610794138284,1.83844721079675,-15.8066085591523,2.94245381502723,1.17377308597611,1.4940104020442,0.217420074880137,0.952866261981408,0.896761907769731,0.890702795500565,-0.144137249266575,0.588340284722179,-0.203978275195644,0.450071089295529,-0.172719190978038,0.441384250479751,0.152808962738118,0.32395246837486,-0.195836679147571,0.339035661646106,0.106880518386825,0.26987192206397,-0.0517180127768497,0.222706486945396,0.135127174355735,0.258278929137429,-0.041702237517246,0.217947753770087,0.000238718446778385,0.455788059334999,0.00144078562816216,0.807959660486185,-0.000480982724888573,0.488676082234584,-0.000803263850379421,0.28444447422002,0.000260531283609204,0.277193933007442,0.000153768825862691,0.224276655905987,-0.000137721622452748,0.183622271774253,-0.000242236801073024,0.168971193925258,5.39151030771384e-05,0.142642243100385,-0.000157615493441076,0.149507226622624,-5.15260236394376e-05,0.130386720136345,0.000129005786471218,0.120304532187934,0.000317879998218364,0.123146499531464,0.000191218653182344,0.11316751584215,-4.65340781063852e-05,0.414202113201464,-8.94484781356731e-05,0.647333881069559,-3.51157170773357e-05,0.400035447789502,-8.17027428678571e-06,0.266594887977325,-0.000125845468660074,0.243282676181405,3.46094573926214e-05,0.221631716738589,-8.45421540509873e-06,0.197622869650451,2.38813029920576e-05,0.177367912428771,7.78934474463648e-05,0.160253148538138,0.000104749684949284,0.166739602234493,5.18999186520077e-05,0.147163003920874
103-1240-0045,103,1240,0045,unknown,103,0.83433907699311,0.473199123355379,0.867334075220137,2.79926577837327,0.476077043457064,0.672572509910271,1.13954885595042,0.488311344892301,0.175456496672648,0.266758802998261,3.0730154456851,0.370967741935484,0.483870967741935,0.596774193548387,0.190699446049743,10.1184979980729,0.362687680653149,3.16603338069132,-6.89338493224279,-0.0837354080008787,5.88444470659216,9.80016854464414,11.3607392256235,-0.250422838414751,3.38524772593505,3.34671901907455,9.67396002926998,17.1706864501934,1.01312539965517,2.27849856302738,5.86029335247017,45.2767234753083,0.194670926338357,0.333975975790135,0.768928939813866,0.0163976563794956,0.00925614552268163,0.793477863630544,2.75201491541375,0.00750938673341677,0.0137672090112641,0.0237797246558198,2.22165440404076,0.492377108909845,1.03916742311624,5.06371510737981,1.81298268958706,2.20164203725352,2.47598903163117,0.12197316577457,0.214451845961892,14.3395573095337,333.308219832198,0.0461169246109499,0.078403601725679,0.132365395578026,0.0194896397915123,0.0316095926190406,2.77726519975535,12.1460199615862,0.00138389568212835,0.00619121367002932,0.0226755031321731,NaN,NaN,NaN,NaN,NaN,NaN,NaN,-1.13866795933747,1.94638224302831,-14.4756302621194,2.90094118596889,1.45309384946125,1.49460152963674,0.00543825076580171,0.969290766546595,0.921547898016576,0.898213018848625,-0.363554851858509,0.596863552278053,-0.124328691010638,0.442918448297102,-0.265779626151591,0.468774394618518,0.122897891480858,0.366520106378476,-0.261084108918894,0.398057219209485,0.204135738799916,0.347422162443479,-0.0878192032743518,0.235403191124388,0.131884516971363,0.254419990662806,-0.0192215991135095,0.237818887007171,0.00133590464481545,0.516114044771194,0.00264084791174572,0.84270988031126,-0.000748158057078048,0.443344527601106,-0.000537326859968188,0.284568125538393,0.000193441903362769,0.272116602672827,-0.000380948380119955,0.232845039363425,-6.98614769683807e-05,0.179731913615277,-0.000599390887393721,0.179907932173879,-1.14537141719682e-05,0.153642072294103,-0.00019868895003549,0.159723453864414,6.24412810475368e-05,0.144005808676147,0.000244883901691428,0.127261577617381,0.000113462106641619,0.122107494505081,-7.87755001232127e-06,0.12002321046516,-2.40021248052047e-05,0.449191327680409,-0.000108351133347851,0.658769859170168,-5.70863026008789e-05,0.390137834371758,2.28694484003447e-05,0.26462252910517,-5.63580082020836e-06,0.239959253872368,-3.94514030293043e-05,0.229222201705073,7.1100058693541e-06,0.188271240808631,9.16383265747638e-05,0.18183959504793,-4.45495951830173e-05,0.165973518303768,3.76511198304603e-05,0.165489604489742,7.40081446777269e-05,0.15334919974133
103-1240-0046,103,1240,0046,unknown,103,0.756214692804157,0.482832524712192,0.961173282502955,2.81016758976127,0.416793714520222,0.577204694013263,1.03969967008798,0.474470310317427,0.163428307656213,0.358764725240908,3.55499372751648,0.373015873015873,0.474587912087912,0.564625850340136,0.113660897138415,10.1654658238437,0.538999710140789,3.06973838633259,-7.25077532299651,-0.437806872346222,5.79009991427929,9.91417037067263,11.0930045854068,-0.419661245019653,3.85421562111589,4.23784766931049,10.0053189670238,16.5515921953691,0.783151978930888,1.14176116486437,3.79159737586499,21.4083640463472,0.222114886907508,0.370403458616782,0.776310827015689,0.0191107039418871,0.0113669908814373,0.724355156815324,2.90415014226928,0.00750938673341677,0.0175219023779725,0.0275344180225282,2.28357374280633,0.537339641168602,1.0311793970673,5.26480494456138,1.81244620697699,2.28413154561371,2.54592226871943,0.132158729371715,0.124619985528691,5.41080570412463,72.746013310321,0.0585077000089148,0.100338451339659,0.165900018893702,0.0331262591947097,0.0595033840046704,3.89661620225771,22.571942129408,0.00201979813581826,0.0114193907893675,0.0371201915727755,NaN,NaN,NaN,NaN,NaN,NaN,NaN,-0.759039423747238,2.21903809770666,-13.8153712767835,3.28945372926995,1.45558229376161,1.25515863335813,-0.226129728134954,0.951337436124958,0.8878232260957,0.875043226939237,-0.409593321203165,0.635429436691563,-0.203617138291494,0.476222331840969,-0.373423905875092,0.479534085757275,0.207887277269009,0.377497705496331,-0.225869982885962,0.354272659006841,0.239228041668863,0.327176680384961,-0.120681397217255,0.263660065906294,0.202395625521129,0.26300049225547,-0.0261035219561989,0.256865660464137,-0.00120228431426682,0.61458867600937,-0.00349534666804301,0.962027771626251,0.000538533877050774,0.432959702496852,0.000837720872003914,0.291721903864339,-0.000376411560924198,0.277179512360748,0.000217939717341176,0.237732130498363,0.000149338127958989,0.187583418681537,0.000714307619351253,0.194435081202786,-0.00030714351353796,0.152448569648656,-4.25852355533053e-05,0.159876172717525,0.000350537034435173,0.137802356677475,1.08778548963987e-06,0.12810059572611,-0.000630663524851882,0.133908091487238,-0.000354064779966029,0.126072729385344,-3.76240215450201e-05,0.541780194590311,0.000286198610387687,0.750982175861425,-0.000284675760694435,0.398989005543804,-0.000156228387454656,0.260433233240616,0.000287794138528111,0.255807742599645,-3.29227541099604e-05,0.225982341882727,-7.22016647401743e-05,0.189675895658192,0.000100575991617507,0.191707543366964,5.74557696280087e-06,0.16690243210732,-6.8802999273359e-05,0.17894833228519,5.83221106672682e-05,0.151247648792129
103-1240-0047,103,1240,0047,unknown,103,1.02799634272354,0.625280599480119,0.604921314027335,2.00292394026541,0.498607346631246,0.802544982875759,1.61948073838158,0.509976459136771,0.195033972588793,0.494210724960906,3.31544020218203,0.38246855345912,0.498652291105121,0.62185534591195,-2.12163339849202,9.59670511402665,0.750543071135925,3.9004920169143,-8.21181994349869,-3.38282184226427,2.34482948283567,12.4872385627653,11.3896329774391,-0.587917749062455,4.19802673368119,6.89082411391952,13.949140309499,19.1316887592151,1.22269147272152,2.60643960877458,6.70644180929818,59.5830025699061,0.260047350259172,0.499469338554317,1.11558817853246,0.016844986193832,0.0112530875393276,0.981340215489357,2.84127272116321,0.00750938673341677,0.0112640801001252,0.0250312891113892,2.20862796511727,0.580291571543145,1.37340401410982,6.00152032585851,1.70993569542652,2.15435932974845,2.48384385858553,0.165832715480682,0.38842753619304,22.3428099664627,634.968567878754,0.053087650307243,0.103075806794416,0.192533036924652,0.0467684888359522,0.0901389266664097,3.65134008547631,19.532243296252,0.00142615008003932,0.0122115443618162,0.0478478525620742,NaN,NaN,NaN,NaN,NaN,NaN,NaN,-1.10809749221048,2.26258570288181,-14.3034082070383,3.40844391511126,1.00035930534027,1.43310359688926,0.0122624276828936,0.913085956580417,0.87998433471452,0.856096277493703,-0.251971746790512,0.596993731730142,-0.200784377111649,0.458078488670849,-0.304582773965412,0.487111874383169,0.211733024683294,0.356222865126595,-0.239560503708063,0.412529314341321,0.152949619721026,0.319339502084534,-0.12883491669495,0.267229516898088,0.15542668282141,0.258616341156894,-0.0298525173482701,0.251776728447966,-0.000145081933064153,0.606106961493013,0.00101023155468475,0.958728473031286,-0.0003132170655121,0.455631449083986,-0.000525565404320055,0.28837388170848,0.000466934018467097,0.286128715833975,-4.90034710902862e-06,0.226549255319653,-0.000323885241200361,0.185797758048405,-0.000106318821315751,0.181953422114792,0.000160944583398049,0.154212070172016,-0.000215346101639836,0.15731338668176,-0.000120890835169032,0.146693372079609,2.63333411146544e-05,0.133089483247137,2.00179032602812e-05,0.120890925666463,-0.000109255252069744,0.124096701645359,-0.000172203349630654,0.540436418157352,-3.29804348212059e-06,0.74389806323714,-0.000190196255921121,0.398892510278841,-0.000143622150261134,0.276477314520195,-0.000136500815372479,0.27044684990123,-0.000140840094098868,0.23238738923854,-8.57295985054689e-05,0.193833727222393,-8.16676395507753e-05,0.176574064482464,1.46609973638556e-05,0.17083518977214,5.21897976483259e-05,0.170067170613602,0.000101458624226952,0.169809181253982
103-1240-0048,103,1240,0048,unknown,103,0.985926836239482,0.485476192714736,0.492838817182572,2.15877767341109,0.583910692024677,0.85417092995295,1.41095767624615,0.494038607119307,0.181415415202939,0.00222154719869072,2.84373642242196,0.379032258064516,0.5,0.612903225806452,-1.33021463635602,9.57364152719724,0.0185818436050499,2.86748679104517,-7.88907551174762,-0.95194399505102,4.69859951828722,11.3087767229665,10.9346954927781,-0.105566613008705,3.39659771188555,5.31944853305859,11.0279944026649,17.5801182398421,1.168068701497,2.22086068990517,5.952690190472,52.4666375952827,0.209283718209308,0.428944431356168,1.31143737607513,0.0141860965038615,0.0083158990711023,1.1710252955162,3.5750579766721,0.00750938673341677,0.0100125156445557,0.0187734668335419,2.10711122541672,0.449003549634721,1.32059453226945,6.83002157305885,1.7264885044296,2.07264642961294,2.35228051654864,0.115185957088063,0.219413321732401,14.4207106988565,286.775402758508,0.0404254069110367,0.0760492211657409,0.127305220936431,0.0151501077082572,0.0303375000123043,4.074485591372,24.3322128753443,0.000471659932817854,0.00370120009641708,0.0158459269793954,NaN,NaN,NaN,NaN,NaN,NaN,NaN,-1.89010927640839,2.00415068348834,-15.5931663087531,3.15798176331395,1.38050512555186,1.3859157996869,0.0781062404529129,0.800963605326344,0.83959566896554,0.837653229703711,-0.203842013699393,0.565829791056597,-0.164372988600435,0.512080472622966,-0.149262267419026,0.39893655437263,0.137460559009042,0.344670691303311,-0.166338687692111,0.346310427046987,0.113120665081274,0.282224555104379,-0.0304897331616144,0.23707057820491,0.14452853572631,0.221509866750339,-0.0283403586114359,0.222262509346148,-0.0001564159215758,0.432119081428694,-0.000655353985690133,0.757466414753081,0.000165344178894715,0.433513791921226,0.000656155331507061,0.26029176861815,-0.000573533418051489,0.239469545438133,-0.000112190628484113,0.201897475727318,0.000163338965037517,0.187083839857541,-7.81593393059925e-06,0.161063150998316,-0.000153573673849723,0.132543777743158,-0.000140501825994179,0.145514091795916,6.62718783534012e-05,0.13218353055059,-9.66727297021848e-05,0.114361339783277,-0.000182140154757212,0.114439426843286,2.2224549025572e-05,0.115388368309912,-0.000102463003075653,0.365292070661752,4.32192196104235e-05,0.613733391300632,0.000189352557377051,0.373886375557865,-5.07527536552144e-05,0.244901351861259,1.64648097767797e-05,0.216855514316163,-0.000156251833781872,0.200629400739699,-0.000110448745353576,0.190054562391213,4.72503718497461e-05,0.168138727136512,7.12643914524839e-06,0.146346888118835,-6.66842245886276e-05,0.159488600633894,-8.59423431391039e-05,0.148578568351451
103-1240-0049,103,1240,0049,unknown,103,0.870514110343851,0.438293265734557,0.683602440710401,2.50431051599706,0.539564307899588,0.747877333269204,1.21871195027212,0.466577129638262,0.185970398817829,-0.0567073360612843,2.43254998961491,0.339088941361669,0.483766233766234,0.590909090909091,0.526924774758899,10.3788854384812,0.129271857297037,2.59349824891517,-6.93923043123205,0.829787955360541,7.36180395875423,9.40032995033602,11.7920045129865,-0.0792021160907927,3.22284085866273,2.56948064939976,9.70913038601021,16.3187798547217,0.929480471473542,1.97625608178918,6.63503019925207,59.0239452644342,0.206141377284363,0.359743442785821,0.851563057497756,0.0139191377673537,0.00789350427705588,1.27204511889081,4.00139832502389,0.00750938673341677,0.0100125156445557,0.0175219023779725,2.12248663793548,0.438693522790217,1.20100550285862,7.57186737718343,1.72689652345749,2.13780225030896,2.37739652197096,0.102921304273243,0.189159928456713,13.3837966335472,245.476787013002,0.039819064035574,0.0696202536142096,0.107635253124053,0.0144204698637972,0.0246915864555839,3.25549981241789,16.1798243755052,0.00101298918302754,0.00429008099660721,0.017093174584315,NaN,NaN,NaN,NaN,NaN,NaN,NaN,-1.68063125840904,1.83450093541583,-15.147386347573,2.78323693910507,1.29035546421609,1.3778288090842,0.107717816256682,0.882461811618516,1.04870285905289,0.891623891836055,-0.192901704561618,0.58455124976931,-0.296772567198976,0.474756180614261,-0.223722476819656,0.438153950037853,0.104269491193342,0.346066971062715,-0.243474143356607,0.337840503063601,0.0867012492142148,0.32138637130349,-0.0935944620660437,0.232011545070311,0.188960878286487,0.254957918868725,-0.0278971065467689,0.223520595324379,-0.00017661613504478,0.498435995804678,-0.00166208747809476,0.859987791767915,0.000110323006575239,0.446631583472165,0.000253357794382492,0.281789065919132,-0.000472643638060883,0.272560893533578,0.000154694949877224,0.225354280079315,0.000318954175285778,0.183830707577812,6.2732277197045e-05,0.169963097164002,3.57281847279505e-05,0.145951235999856,0.000514907959394281,0.150679565053573,0.000182916161269738,0.137206384897109,5.81972834936656e-05,0.115818879161727,-8.97818904912963e-06,0.121983737730471,-0.000260245188636305,0.118258931348967,-5.03133221898736e-05,0.458287523487584,3.41244792139197e-05,0.687794706022003,6.75323650049859e-06,0.384098404292435,-2.49502502728306e-05,0.265208062826415,4.61168551492579e-05,0.242521953447019,2.57008393921641e-05,0.214220487917121,-7.91118834074132e-05,0.188513268055655,3.62303726572364e-05,0.171395880481148,0.000133893929757825,0.163776238987054,8.57096464219238e-05,0.164694978632762,9.9082509497838e-05,0.149287526770639
103-1240-0050,103,1240,0050,unknown,103,1.07016767671423,0.553188541011525,0.635876557524144,2.35045051051152,0.658665659577946,0.895805442272079,1.52307625576326,0.497929717191093,0.217945668795759,0.45970143144207,2.81769743986033,0.344827586206897,0.482758620689655,0.626436781609195,0.845021159307446,8.84866080399252,0.34582660537639,3.15536867102531,-4.95512133594909,-0.163381908380339,6.02829308303799,8.73710088433487,10.5242583421311,-0.238775707844548,3.52357953806793,2.49784338234675,10.062869239472,14.8123337558835,1.10489903736398,2.00338125341729,5.16578771444087,43.524823089371,0.226845873870853,0.4096806174912,1.10634680354143,0.013312420210528,0.00806110347495726,1.54258715880105,5.02217227082282,0.00750938673341677,0.0100125156445557,0.0175219023779725,2.10298916790147,0.423577505333557,1.42424940326568,7.38738866682613,1.76052032767603,2.07632688763304,2.32408911361236,0.112793855823629,0.134184030587499,6.13788662455637,71.6520429832075,0.0402153048828083,0.0772396706984498,0.136977800557109,0.0185761220013887,0.0370974617636559,3.93334263363408,22.5134392864388,0.000694468257116443,0.00441337086877889,0.0191655480122331,NaN,NaN,NaN,NaN,NaN,NaN,NaN,-1.74326274436374,1.92679001103361,-15.1652060062435,2.90835995674166,1.21707305574391,1.40729917787447,0.143098226990571,0.878081958479151,0.923717516349083,0.892226264698664,-0.281525487992888,0.609858683141834,-0.239783224189031,0.448271672510002,-0.188953595010828,0.387382631199803,0.0791224968870682,0.349993869074857,-0.20151170429458,0.346783549014467,0.0807508768819804,0.304544118297194,-0.0889690312932784,0.245535575848923,0.142096403151207,0.25209089409554,-0.101718905237049,0.219673703518817,0.000198724074213118,0.495193037329733,0.00132544758721478,0.834326154493504,-9.27528023709937e-05,0.463671978322615,-0.000318055855231389,0.278375652703458,-0.00014154725816909,0.267709568282564,0.000134518804044512,0.214629303546404,0.000142363670728855,0.182991623989787,-0.000407150594513987,0.158595264149897,-0.000120155215810644,0.141140456975702,0.000149343115862408,0.146401379888392,0.000524090412159554,0.136198065631612,0.000146635779765388,0.126467131604432,-0.000266907151220889,0.119095439014914,-6.47109987854485e-05,0.114079846688788,-4.55160652091693e-05,0.441211814482711,1.84717772436876e-05,0.690765918118551,0.000189510324262542,0.393362659061621,-2.01483366931002e-05,0.269482772268193,4.419529582043e-05,0.250681274590135,9.47383280437127e-06,0.216825473903767,7.61098302720819e-05,0.190036858048166,-3.46565103256401e-05,0.167234135380802,2.35192675129624e-05,0.15693155502781,-2.56072479942719e-05,0.159257138738651,1.2282118409681e-06,0.149149802823448
103-1240-0051,103,1240,0051,unknown,103,0.826315458322009,0.448711467458484,0.7636960390366,2.47563101130602,0.489946904287269,0.671194819536596,1.18595535404319,0.455129822258833,0.197113630190194,0.628943914738126,3.34355115759246,0.318181818181818,0.439393939393939,0.560606060606061,0.653357250166179,9.52515761558301,0.269966607402701,3.04938288723655,-5.72730876191049,0.495420609208049,6.42637035329836,9.76170805316267,10.7935966514005,-0.117905436182116,3.84616630997782,4.76668583663724,9.66032148283934,15.4617260463273,0.981239282924774,2.18997515132821,6.99450057981195,67.2503816347902,0.18064932934172,0.340832671976154,0.783594722259063,0.0141985575964735,0.00851067352823418,1.34285730037298,4.05197289900359,0.00750938673341677,0.0100125156445557,0.0187734668335419,2.13514245928559,0.437758617252845,1.33936137980958,7.17521724493418,1.75646366772075,2.11944231303128,2.36797509622967,0.107997721856817,0.162034271187061,7.79215988595329,88.3030231672121,0.0406076551250851,0.0723889810892849,0.120852491704993,0.0162227095434469,0.0328708373612484,4.02159636378693,22.3386154029941,0.000967934483880833,0.00411274402496955,0.0154390111175101,NaN,NaN,NaN,NaN,NaN,NaN,NaN,-1.51037720679159,1.96326788784679,-14.8461266157366,3.01836387943837,1.58276086325376,1.37597825087357,0.0463078878923218,0.88251184350561,0.763809993114065,0.926918744746528,-0.460334759548121,0.718142050418036,-0.119730479889667,0.452443612630009,-0.172698566895635,0.468146589215423,0.0466241929115068,0.35951952212063,-0.195044447236784,0.388770036612941,0.0879075851013923,0.317399210701616,-0.0547045380869395,0.239579909906151,0.168493238631864,0.242659728613431,-0.0391219694206814,0.21317045002013,0.00132738554443789,0.499987259691202,0.00335137222991269,0.854739533670737,-0.00121800558515632,0.403788152387223,-0.000291599645193027,0.271832187506001,0.000513515603865167,0.257892794739445,-0.000599726004319454,0.233675626846495,-0.00041606320049722,0.175065918554113,0.000198607737085576,0.17757082178792,0.000184690841686129,0.149766107334895,-0.000181175341650366,0.159029863775537,-6.89534367874317e-05,0.138552024559707,-2.7383383276316e-06,0.125414932764842,0.000318637512171353,0.122013895842762,-8.68914883774051e-05,0.113898671138488,5.42660077496881e-05,0.427806489040083,-3.43445012645582e-05,0.663307880290022,-4.36932592104564e-05,0.354659886101812,3.52973124058021e-06,0.255179133128806,9.36948290048824e-05,0.23074629067917,0.000130435727368761,0.226008822798307,8.63409384546792e-05,0.179098740221912,8.01719310607116e-06,0.177217414587571,-6.84143278612983e-05,0.158951246490441,1.50821173604645e-05,0.16704077731874,-7.02185407500669e-06,0.151744311290971
103-1240-0052,103,1240,0052,unknown,103,0.870382644183955,0.419215780583315,0.684161225038162,2.57302909642821,0.557709463259777,0.762658317041536,1.15689314531032,0.47501823427926,0.202577321467162,0.313800682833527,2.65616547207589,0.328358208955224,0.467661691542289,0.593283582089552,0.433289649529214,9.79116696244815,0.0156135133726861,2.80210904390001,-6.37676260775894,1.06815627159146,6.65555554531499,10.0205718473304,11.4172348084344,-0.0628528783294,3.31892956955603,3.39810957186825,9.82469862349449,17.2387530166928,0.839929973088418,2.01667378381445,6.5672521851339,53.1131935186318,0.181711332688421,0.345215257111405,0.653469847616705,0.0132037928766892,0.00774232355696004,1.50805866867899,5.1097307715072,0.00750938673341677,0.0100125156445557,0.016270337922403,2.09183960467568,0.416211152209323,1.10636892443946,6.45140227188887,1.72228655111976,2.09932682319572,2.33991671418074,0.0871658307510034,0.152867265393967,15.2728803484672,375.967415563513,0.0329373598285692,0.0552594528651494,0.0949043131453897,0.00975065832188271,0.0190854782987469,4.40320070537636,29.9344356561475,0.000760862542181233,0.00288780940432977,0.0095473639061284,NaN,NaN,NaN,NaN,NaN,NaN,NaN,-1.93615415230665,1.74070769406176,-15.3274638420368,2.53465675853989,1.50842455854491,1.41832946774734,0.0120899016408769,0.81108836204162,1.00705116707701,0.833902464694184,-0.24260785612481,0.587671223272179,-0.277856989120907,0.479366778820746,-0.185684578082696,0.435146590670652,0.0974144806369743,0.329672350653031,-0.183676567640871,0.342265339558289,0.0912423598237482,0.300982014467622,-0.0951033339015905,0.226383883474374,0.164435337769596,0.256484416109949,-0.0657823894001971,0.22845101501707,-0.000922578204964021,0.506664880789813,-0.00159704875464394,0.890974341023699,0.000378261441826193,0.451030780921467,0.000299969480384372,0.270602295465572,-7.27143526778911e-05,0.265576930945766,0.000219176952695993,0.219153844328285,7.72331694279068e-05,0.177528421256658,-0.000160800205266706,0.180176263960239,-2.98811808946357e-05,0.150206492359184,3.1610732016865e-05,0.146915589651347,-4.59055302931219e-05,0.138303682115311,0.000190450870913202,0.123477225983943,-0.00023028422161851,0.123172686671413,0.000131120632381726,0.120793860506644,-3.84210048719099e-05,0.465015881142053,-2.57774385372358e-05,0.724620259513912,3.66106337561597e-05,0.374333852223526,-1.39450283551649e-05,0.267716171923095,-7.89929205409656e-05,0.242896773932825,8.12493690256278e-06,0.211612652038657,4.88767948476041e-05,0.184037489509173,2.77760791312798e-05,0.183847871015095,5.60319817184175e-05,0.16688433152964,8.62022811694204e-05,0.162725056981404,4.9905630198627e-05,0.154001239562368
103-1240-0053,103,1240,0053,unknown,103,0.854841876548079,0.440638238777111,0.682328612947872,2.56071669861189,0.520854390833707,0.734806327412485,1.15591894878244,0.48171306880912,0.195584842205298,0.543610883739614,3.00517869469528,0.35,0.461538461538462,0.591452991452991,0.821677929417063,9.39862670958285,0.218722921797861,2.84998720287839,-5.76912264678696,0.63884736539874,6.63184106232017,9.77575552991939,10.3715755268682,-0.110171307120305,3.39293659491709,3.53269660343164,9.94479661845996,16.1420246606286,0.963691703540867,2.66654193789019,8.11867399783922,81.9368381218884,0.178279758856471,0.310468996677746,0.736576320280978,0.0138370466754516,0.00755840644525164,1.09231016288659,3.36486375063032,0.00750938673341677,0.0100125156445557,0.0187734668335419,2.1498642804274,0.482183031117013,1.55228158492887,8.02250158723196,1.74654074472856,2.12328445235923,2.37491757226978,0.104817257087163,0.194844221866327,10.9237391702263,183.701320846234,0.0350458614964059,0.061664113741735,0.115173200700413,0.0144940685242982,0.0287163312768699,4.1538735232684,25.8459075574088,0.000731530551935322,0.00359151879197852,0.0136445289830799,NaN,NaN,NaN,NaN,NaN,NaN,NaN,-1.66601127875924,1.90123405868487,-15.3819303074239,2.76292349342581,1.4076893686556,1.49198126525244,0.27755915843771,0.85148434135398,1.0270903546848,0.893592293828196,-0.135128073871642,0.588762093394809,-0.205202266602876,0.444592544477436,-0.229578896932949,0.38347667367581,0.0534647475738553,0.345974176215236,-0.33792054452795,0.369566810546596,0.00986613499137197,0.305997162156709,-0.0739149115452987,0.252853653654837,0.138200295365973,0.273641127911556,-0.0243099692793028,0.226932665555932,0.000887840631139857,0.535475419510784,0.00175953394687476,0.862242886303951,-0.000741285814410689,0.468200595204723,-5.10933038447107e-05,0.277431774946208,0.000165375577993738,0.279244880640515,-0.00023800226951339,0.211229338140675,-3.24564693219115e-05,0.180471033982136,-4.70707102228621e-05,0.171492165019275,0.000209764851405483,0.151264194349636,-0.000239444666560927,0.158234846787468,-0.000228579480135967,0.137621104281984,-0.000110601729538201,0.129578592279733,0.000350373478703066,0.125351223481003,0.000139956495866061,0.116913790212884,6.11838368731686e-05,0.438288520992052,5.06029431978352e-05,0.672574908200232,0.000127285343938087,0.382974641046911,8.99060635291108e-05,0.272672041464902,1.02111962598626e-05,0.250404719954749,-5.40414607352475e-05,0.209639985189195,-6.73212567512069e-05,0.192774869134273,2.4997043032259e-05,0.173744234717294,3.92515875810672e-05,0.17127408216511,-1.89012607015271e-06,0.168893582456802,-0.00014332624417093,0.150731374131495
103-1240-0054,103,1240,0054,unknown,103,0.939235233046636,0.445097808586919,0.63409681565659,2.55322801115816,0.590608900579264,0.822668318380388,1.28148464158063,0.48556959316066,0.204046828800684,0.478704957244897,2.92468055674797,0.3359375,0.477994791666667,0.59375,0.949136071570741,10.0786758438347,0.0662275175323316,2.58300655504432,-6.03203723502901,0.988116463355744,7.41682297183184,8.86602542995472,11.9011093321066,-0.0220471640753504,2.9727625330517,2.03289602286651,9.10130494368964,16.229333877012,1.14977463853165,2.48634747761159,5.58933220889564,41.679377204437,0.193486118429077,0.358905883492583,0.988399035592228,0.0132739589311687,0.00741143280097218,1.24322597958736,3.76181031169117,0.00750938673341677,0.0100125156445557,0.0175219023779725,2.1156790057591,0.430279410557471,1.48600994862472,9.61363061951011,1.74597009036354,2.106912733721,2.34532902652671,0.109268600949315,0.158832494280886,5.39434490257419,47.0578522415442,0.0375226914060671,0.0647494767429908,0.114688082734581,0.0141099295846727,0.0343049432245579,6.7388823746084,68.2938138454491,0.000752701692506005,0.00356860135278635,0.012232456017,NaN,NaN,NaN,NaN,NaN,NaN,NaN,-1.86912665416491,1.79129345785735,-15.5394894352464,2.68460019541926,1.37321388088647,1.49588436588602,0.288298061662759,0.80919898235028,0.896425950879887,0.879526827170278,-0.136186383983082,0.557744477005702,-0.190000469317458,0.472710792155671,-0.169661136886152,0.401723679414493,0.0618365265270882,0.372855944261261,-0.198890702903883,0.35337159860595,0.0639770710600443,0.299961262786745,-0.0647487109940515,0.242959353307402,0.155437771473895,0.238202025336128,-0.0619574436151707,0.218854513186703,-0.000694500938920952,0.459292084954766,-0.000966356255834641,0.791502237756216,0.000333943332555962,0.502933876221207,-9.00901962563609e-05,0.28379441643627,-6.62903263691848e-05,0.252303733685118,2.52544687407511e-05,0.216616331421229,4.12246418665756e-05,0.189094547106298,0.000157401973879179,0.173850941291993,-0.000158834697134856,0.149941944621685,0.000108665878277762,0.15171023193183,0.000251996937761043,0.136343669385585,0.000127644427226633,0.128158008764052,-0.000132596774492991,0.123454638329485,6.0045984283521e-05,0.118617842786358,-0.000151303291188587,0.394914413015092,0.000178221081311076,0.639011769440134,-3.59289894043305e-05,0.401382977514371,-0.000153663983090444,0.266827941061058,-0.000100657051245014,0.220154262868508,-8.79215552368327e-05,0.21028994023793,-3.68463614910494e-05,0.193008159425311,-2.91374172860913e-05,0.176164083360136,2.82003526352081e-05,0.166107868909298,1.22909796033472e-05,0.166281521971255,-2.30336543067205e-05,0.146443695284994
103-1240-0055,103,1240,0055,unknown,103,0.869264550194691,0.466577111711656,0.879206143130566,2.73272488697541,0.516236166557734,0.693894439585985,1.23290790575947,0.497035888502235,0.184954793549848,0.426164039836977,3.17855776061939,0.375,0.484375,0.598958333333333,-2.77851791366665,9.83650280197965,0.203131359202775,2.84498225028411,-10.4640331062216,-2.84829085007524,3.90967517841221,12.5925528166002,10.9118174477415,0.0723320505390124,3.51359410711377,5.91456157111934,11.9123044868434,18.8890976861334,0.922361007624988,1.93041304489225,7.64093524759121,84.5831847189732,0.208877871222274,0.37990028933967,0.825500206235669,0.0158579921330235,0.00864987252166899,0.700444076844098,2.48032532782249,0.00750938673341677,0.0137672090112641,0.0225281602002503,2.13659721865725,0.416070786452804,1.0178067154622,6.06073955390843,1.75566672384943,2.158706955869,2.3550066697878,0.105944623118143,0.173756708528825,11.9123719179014,197.472318079737,0.0418729347312922,0.0762065896890295,0.12298467578847,0.0129451878773671,0.0199659534287065,3.29061271194923,19.6255986098357,0.00078943831823242,0.00538576671239448,0.0162944304514622,NaN,NaN,NaN,NaN,NaN,NaN,NaN,-1.53596180926469,1.87688082623221,-15.0856557115084,2.7974212261957,1.47287120795182,1.30373933365408,0.0332887699867048,0.824141649284819,0.943267923142074,0.847449338626145,-0.200555166182933,0.547191783649222,-0.183307216674985,0.460269921078492,-0.158420103498011,0.407982732989098,0.118279959675573,0.352083012126734,-0.155004846619156,0.35852452051572,0.173900019885062,0.305769457487412,-0.06956759642633,0.221296753892289,0.128978481663211,0.253885506232009,0.0139223857152835,0.228803858264565,0.000365516599299276,0.464935089134346,0.00109521394250477,0.852944335221523,-3.93265834747265e-05,0.416102021187604,-2.86150596310659e-05,0.28269287167457,-0.000152562282402598,0.267168294754781,0.000305805229709255,0.224076985067881,-0.000498269271323311,0.183765597807007,-0.000177048065888753,0.165686374416253,-0.00034632655129413,0.157305071393461,-3.50207667466647e-05,0.149804199698062,0.00024517547650822,0.140334975378657,-0.000298774054021541,0.12409719344938,0.000252096855352595,0.120796152853283,0.000198221216422621,0.121187809843717,-0.000120308145464993,0.393389906548638,-0.000166861377852477,0.681827007416215,-7.37229001095846e-05,0.363100041562252,-3.38686041261464e-05,0.256287550765609,2.31139848386232e-05,0.235246263443033,-2.02904030310275e-05,0.220490690495675,8.58758907847769e-06,0.193877699567998,9.09526984937869e-05,0.172435818032547,0.000168189584280307,0.17172389223685,0.000180629361553946,0.165493933556547,-4.22392641898043e-05,0.155342864749149
103-1240-0056,103,1240,0056,unknown,103,1.0093824589075,0.477031360503129,0.55431077810556,2.27421541759099,0.639325556902164,0.874515905011873,1.40657455426457,0.496948310597201,0.214823967722571,0.473029972111256,2.79414366208603,0.327868852459016,0.488673621460507,0.622950819672131,0.459371553516391,10.1943514510838,0.0787914995166038,2.82299805225972,-6.2968377258461,0.234915913869011,6.64176332182524,9.25690584289414,11.5301299875648,-0.00275370743176739,3.50576636469451,2.91911200067094,9.84373054849548,15.5774710778486,1.10755845163512,2.8638256911111,7.09563076112067,64.8601412607177,0.168895729614554,0.327106786564821,0.895763886783104,0.0129761009952,0.00733233877510489,1.3059911093703,3.78235585035866,0.00750938673341677,0.0100125156445557,0.0175219023779725,2.06117648196559,0.418474037289522,1.83562611818292,11.4583568847633,1.7209779709367,2.04021760745604,2.26877323347036,0.0983956048545851,0.236214182840837,15.2509309227977,319.720987025476,0.032509660355372,0.0551954744531055,0.0969152069594613,0.00934035924954616,0.0181679260028649,4.02392478993789,23.8649095149068,0.000598410590557002,0.00237220304204614,0.00904630746534909,NaN,NaN,NaN,NaN,NaN,NaN,NaN,-1.9629381563182,1.76100120647589,-15.6488887226562,2.65182940583982,1.59300184023847,1.57189712131469,0.0437675089837357,0.873130530027319,0.818452535239502,0.879660674991872,-0.140408803494963,0.550587376068192,-0.129990667810487,0.486976085278565,-0.166254431059758,0.424800563915879,0.0739108015653314,0.384322326967389,-0.192073575862214,0.386509995248016,0.110297276961808,0.274231324161572,-0.0447069425334229,0.241597871005137,0.111577781720274,0.231707953841456,-0.0466893003411647,0.224111603762264,0.00104336819851129,0.429356272704254,0.00418711620893038,0.777803027642424,-0.000434616467912392,0.455701348991689,-0.000924379523031891,0.265034654034443,0.000485741512443464,0.256764739427341,-0.000327089110390283,0.212500777464765,-0.000430350858188319,0.184054968292424,-0.000414448849827915,0.175046391003604,0.000159650794674275,0.147881331232924,0.00038063510727069,0.146995569233221,5.86663353512764e-05,0.128635898348565,3.98900303255873e-05,0.122991214328433,-8.08304627947943e-05,0.113439482195552,-0.000288434288300603,0.111988414281545,-0.000104534280148788,0.368339421576323,-0.000198720855637005,0.612340694004992,0.000133251379055174,0.366267475311006,0.000170975008305119,0.250083608597258,9.48211653934042e-05,0.233599723405422,6.08837415428521e-05,0.204403752749253,2.63715647632524e-05,0.189443523773453,-8.92719362101439e-05,0.177909655758255,-7.28248791351606e-05,0.160662093208239,-8.32490128620909e-05,0.153409470790896,0.000123342343643884,0.142927599961924
103-1240-0057,103,1240,0057,unknown,103,1.05044368273448,0.502305589892023,0.43253991490475,2.02627097522317,0.647751595472262,0.911498875719111,1.50825591831604,0.499986533086954,0.211241602563928,0.413545838382945,2.66422607277387,0.331967213114754,0.491803278688525,0.631375227686703,1.87782829600058,9.61292127489459,0.184601470931079,3.15971149239416,-3.81986058942661,0.826909590468741,7.36891626816479,8.68614941214216,11.2665243773052,0.00400313133398033,3.58367213083009,3.33120689784391,8.95929141781582,14.6010496728277,1.36678889464124,2.62866169018591,4.53481554695392,27.3766584356739,0.222470049899242,0.417943858755864,1.60332218382017,0.0127968330457125,0.00757788362449569,1.58475602456033,5.15468226128146,0.00750938673341677,0.0100125156445557,0.016270337922403,2.04621813501207,0.39565277849399,1.00293543492224,5.67321289342251,1.6942686920908,2.06288508487944,2.29341094684168,0.11697460887447,0.198417084342346,6.94519201097818,68.7624885005401,0.040071299199091,0.07433776782941,0.111436829628118,0.0133125626764011,0.0223367436060628,3.18242563818135,16.7902835679409,0.000416291876428989,0.00415072686412865,0.0164965834915722,NaN,NaN,NaN,NaN,NaN,NaN,NaN,-1.99041850530106,1.91907026304842,-15.6814352103266,2.93998730793085,1.17948843707346,1.33974916698877,0.142115021288239,0.906334821535311,0.760922418268985,0.758146667076281,-0.0587920756376674,0.550203700482497,-0.21993203204131,0.473636367145766,-0.248301365872679,0.391197639906946,0.158717788301981,0.286085714771034,-0.139479015894037,0.336518002023261,0.116595593761509,0.321635392242777,-0.0754658940821963,0.231193762093778,0.125977410096666,0.25013525991683,-0.0259139689224355,0.203399932869526,-0.00162815236310479,0.44440051556403,-0.0030980446026351,0.765888997869588,-0.000656074944998186,0.463910159346089,0.00186290378275431,0.255686697074591,0.00016662947734643,0.22225895483053,0.000852816331463805,0.195141488027397,0.000131773186785586,0.170921210777255,0.000755075379051885,0.168208179020728,-6.8137520253543e-05,0.141597601756471,-0.0004488572272703,0.13983488149562,0.000270614195359406,0.123966827709237,0.000463397950028431,0.115585898157827,-0.000509458994835267,0.126169351136257,0.00055411852246817,0.118929837347633,-0.00020374552281927,0.371602193086735,0.000311288580027007,0.579618630845841,0.000261104038943242,0.371561587602884,-3.35259306640158e-05,0.24234973378184,3.32376318859703e-05,0.206070353389838,1.91675352679607e-05,0.188568040820811,5.00233659385207e-05,0.176361919708709,-0.000166625775957591,0.171182336356651,6.31262890069942e-05,0.165579306141676,0.00014536910737991,0.15551647902162,5.01334431139853e-05,0.141452610010976
103-1241-0000,103,1241,0000,unknown,103,0.819815112705351,0.44064616619674,0.58732122639237,2.28407129656155,0.474563670631558,0.683462301093179,1.20772846067182,0.48890720279978,0.175293566056089,0.339167482261747,3.41673124683567,0.381818181818182,0.484848484848485,0.586580086580087,-1.82870848893129,10.0105006584692,0.208769461612731,2.84130129562909,-8.86073757129063,-1.64839274579583,4.13835903387399,13.3799513750415,11.6052249023467,-0.0146854542723666,3.1850608774388,6.56298464474288,12.8676461823951,20.0009425204154,0.64124060863374,1.72310338125247,8.57753964718904,98.9365526488283,0.0917352192748724,0.189084058564998,0.561344555524303,0.0158733278407055,0.0088602822137773,0.812183138813189,2.94968722516916,0.00750938673341677,0.0125156445556946,0.0225281602002503,2.32747218943015,0.542252334319613,1.30150018484501,5.54883064628034,1.89345961282466,2.25283497469611,2.59628343505431,0.0779839924577523,0.127545080602369,6.00096024770814,52.9364721076152,0.0253074258440766,0.0437029295967142,0.0783160749108121,0.00563620565573627,0.0123802560821022,4.87913345771258,34.7199942229289,9.79122726684205e-05,0.00118501469921751,0.00534754307754851,NaN,NaN,NaN,NaN,NaN,NaN,NaN,-2.6478690125621,2.37204967504817,-16.967960640484,3.64885612618914,1.90030526543461,1.49790880005129,-0.271438111851051,0.931963815949291,0.868408322910119,0.80843365749125,0.243684837874537,0.618827767862418,0.0692459951546288,0.451491903646935,-0.29389005716648,0.467134284667808,0.0666532561497536,0.410827750557841,0.000818272627037751,0.372692244682947,-0.0571616209819179,0.32380530801344,0.0274515584922235,0.251452087854312,0.0345984345331199,0.270550498296972,0.0617084716079493,0.243723864551064,0.00151836452529942,0.552077857871923,0.00466592279162638,0.807841656699044,-0.000887091733719299,0.437256633648665,-0.00139016800811933,0.27549970565663,-4.88658165932351e-05,0.238594888006822,-0.000256503013476603,0.193102028434632,0.000192631967862825,0.17621091551244,-0.000776035924324615,0.179521032687056,-0.000346144459068412,0.148091493910719,0.000307813512916856,0.147748535947304,0.0001083085610306,0.132147726913168,-2.00973117633857e-05,0.11978775108158,-0.000268686934440692,0.118860461104334,0.000361194462415007,0.118959762353989,-5.23465540973539e-05,0.519757977279434,-1.06457482028638e-05,0.636532246172079,8.15586214971161e-06,0.363871992078155,-2.67098726118695e-05,0.259721964436038,3.07565264055674e-05,0.22376312863348,9.30788025871835e-05,0.185320536471067,-1.12368917676489e-05,0.182231727550443,-9.19606141046214e-05,0.179539540204489,0.000117621884873067,0.162824370310307,5.72913079845113e-05,0.158826007565995,4.53410167351172e-05,0.142781002087442
103-1241-0001,103,1241,0001,unknown,103,0.618257115049853,0.319596763463148,0.755674743531045,2.92035587477768,0.391232682953499,0.549882204276457,0.799054253624763,0.452134238773921,0.150535141630221,0.484043471948592,4.29147120771264,0.368831168831169,0.448347107438017,0.521645021645022,-6.58490067999038,6.46124292240493,-0.193218780545603,2.54163858967753,-11.4483157224391,-6.11600197659065,-1.46108962706713,14.4596123920485,9.22003125170361,0.57384558823228,2.7902067410182,6.74797988809745,13.5127101889837,20.083752368872,0.471796047078343,1.05185299328267,4.49793908276381,27.2319110838072,0.0665808614038995,0.139858926997116,0.33603773872111,0.0172685231135955,0.00853082644809098,0.325737891467522,1.9086886847623,0.00750938673341677,0.016270337922403,0.0250312891113892,2.35984023393701,0.51891761670219,1.58539204978247,7.76939200464741,1.97897887525353,2.31202508690051,2.57434947810995,0.065233540129512,0.093226123796376,4.75547455188064,35.4488505846693,0.0204833914203448,0.0391971520699829,0.0716008407321716,0.00525920800060992,0.0143877560304867,9.31885395972199,130.848625871541,0.000222533678668334,0.00111017816642064,0.00470146460555723,NaN,NaN,NaN,NaN,NaN,NaN,NaN,-2.1485913708722,2.11347276004387,-16.5985693219324,2.88098782656237,2.17638705415991,1.7327731417167,-0.105271382514798,0.935802792321499,0.774936452463675,0.895195829670608,0.277347950143577,0.662716512528122,0.0811981032028527,0.563295469376827,-0.29078216749024,0.480915507855251,-0.122473018337808,0.387871396037525,-0.0142827818070953,0.367311631545784,-0.109395033086214,0.358459809687594,0.012330530154761,0.260362316608958,0.0750758646940966,0.229726245794031,0.00292842054302161,0.235934160422477,-0.00166592294349855,0.525952083019101,-0.00367548324592024,0.803289224063507,0.000471324564720107,0.421374970423621,0.000956105647846608,0.25064169949278,-6.11013002431897e-05,0.217247092017203,0.000713532806335076,0.190973412281879,-0.000567243855684506,0.173001377819603,0.000146079364213517,0.179531124321666,0.000147409604805958,0.146211633431985,-0.000133825432214761,0.145163826390659,0.000303565534941928,0.132408140816192,0.000233017400831934,0.117303000140046,0.000375147481744799,0.114963873113841,8.8018529018176e-05,0.113034577497757,-4.26693520896686e-05,0.481881402818181,-0.000545434092859114,0.630845794196031,0.000227397092911565,0.346530381592803,0.000132589590906667,0.234084438745318,-0.00029303042329736,0.20001090259629,-0.000196513509180674,0.18604164340692,0.000109290830805067,0.167675997255887,0.00023612099566743,0.173416967322335,0.00014288124523538,0.153026257978802,0.000129941539158416,0.15678794787063,0.000185146878074051,0.141107489885464
103-1241-0002,103,1241,0002,unknown,103,0.625892111977621,0.334191322860265,0.849447953279724,2.95941756122535,0.392943227701637,0.5311834381491,0.780962637898099,0.460719568754444,0.146898411245529,0.348118050793381,3.92120087098438,0.37847866419295,0.454545454545455,0.538961038961039,-7.71995935348102,6.67416745501406,0.528567018828839,3.71895495014912,-12.1000504774498,-8.41258181352248,-3.8286488613837,17.9948517206724,9.22912081872965,0.241005611729514,2.90255940711791,11.5419117126756,17.7169992985705,23.7727949860501,0.45219614670022,1.05617500718127,9.4776037169016,143.397006518235,0.0918266634978808,0.159087287495383,0.433871439564982,0.0173848109105455,0.00862598126776399,0.349219478590494,2.03209167588517,0.00750938673341677,0.0175219023779725,0.0250312891113892,2.34048256205315,0.474011096836363,1.06708071244101,4.95792073043916,1.96285480216658,2.30157506311098,2.58103418664448,0.0655794158447576,0.0991393975632889,9.31411602161717,142.838302825122,0.0255262515167524,0.0438803258196848,0.0702021076961928,0.00605132932219685,0.013283069998261,5.11811688884798,39.3887200228312,0.000231670720440321,0.00133263390660269,0.00597555286937421,NaN,NaN,NaN,NaN,NaN,NaN,NaN,-2.31118075002551,2.24489464634969,-16.3248459447479,3.17778610348182,1.87699460939004,1.49219455082289,-0.17733081373549,0.93461257811424,1.02877585869015,0.852901639631726,0.135044554079365,0.640562400933751,0.0579523367628637,0.46406624711574,-0.347734808472205,0.494704249187847,-0.0244390261632632,0.370509030040899,0.0553567059497737,0.403054682406144,-0.134513443539802,0.328033760039912,0.104150141164458,0.258052632108113,0.0519932811026472,0.274403736351813,0.0771651226579633,0.245787728741617,0.00158163893764771,0.498987273076683,0.00332001375544388,0.816148361303182,-0.0012979302420207,0.430784624479344,-0.000448564618760397,0.271672215309769,5.32519011501965e-05,0.248372399195305,-0.000382967139076145,0.207750588348687,-0.000112114205898852,0.161074507771094,2.18825463315911e-05,0.189112773641987,-0.000149226833189662,0.145113802580545,6.61798143517729e-05,0.153962835759023,-0.000249096439861521,0.142536478161088,3.59472673222547e-05,0.118551731837827,0.000102742354339688,0.120504014132623,0.000215011785140844,0.117763750474805,9.07911070017166e-05,0.489685132273264,0.000196909777599991,0.63423689945991,-3.72690980854998e-05,0.346494298197947,-1.87120975265379e-05,0.254558220074911,-8.51763017502941e-05,0.234437334117664,-0.000149308602580296,0.199318195126224,-2.43248059910663e-05,0.163406957453952,-5.4329472398681e-05,0.180121626674568,-0.00011002712737696,0.159506259604136,8.17885586366142e-05,0.159690217616152,1.12359643092701e-05,0.152330651295969
103-1241-0003,103,1241,0003,unknown,103,0.77675965178199,0.408208870723862,0.797082057608399,2.69749029261246,0.482615574657059,0.649984966004755,1.05207565544756,0.489631865953988,0.162705525470685,0.286823389210298,3.89821707928723,0.393846153846154,0.492307692307692,0.577622377622378,-3.6931002178954,9.68355394663661,-0.0191745709043528,2.54666174291397,-10.5936478920169,-3.29757453450976,3.60542393937677,13.7524513636959,11.5111572993153,0.49108574647481,3.28719588275207,6.12926882919583,12.2446571383721,19.7635285352279,0.644876042059712,1.30769485254624,4.29693623791087,25.0502246791369,0.101857433290792,0.198392150332677,0.536986823664448,0.0173130068655184,0.0094037731551812,0.479328784165391,2.03413420437883,0.00750938673341677,0.0150187734668335,0.0262828535669587,2.32743788490909,0.48931201998666,1.25273529604852,5.37934806068595,1.96242340082949,2.26396759358549,2.5700289022668,0.088466391512492,0.151450089174586,6.72223942452408,67.1276627181946,0.0281068153595188,0.0487389043309575,0.087576639103335,0.00658359657755489,0.0115158415973265,3.02736389984098,13.7804966052832,0.000469107648147841,0.00199792147925891,0.00638988797798918,NaN,NaN,NaN,NaN,NaN,NaN,NaN,-2.26016710855214,1.96961828869536,-16.2237695267737,2.67805382182304,1.33083095620469,1.76483124228548,-0.0359459294068749,0.979097833675397,1.10187750529806,0.878545779689471,0.123057204085718,0.609760092069639,0.108516449765516,0.471645875104567,-0.262365325469848,0.464560913350195,-0.026015808055499,0.394340904998676,0.0342226595675153,0.369239350785757,-0.138533950664681,0.286156190437088,0.0371049531605928,0.282852945481061,0.109661548205193,0.250673300353096,0.0155230525997339,0.247059414905287,0.000545879637635899,0.533553315057967,0.000765579331105941,0.771945715971474,-9.83665411136402e-05,0.443535651478019,-0.000218339085233776,0.28812298239628,-0.000168830338231747,0.252507469193111,-0.000357572250721163,0.202227935592342,0.000233979753545867,0.168331913477138,-0.000310837751267078,0.17753707212763,0.000261445709649661,0.144564321135127,-0.000198072765093721,0.142848001282132,-7.72541115255699e-05,0.125946735789232,-0.000139102432047311,0.121468346971423,0.000351956537889464,0.116434190461525,0.000102192485026947,0.112731800035445,5.60500062562975e-05,0.539605278129599,-2.09791214210431e-05,0.62568512395423,7.29284291143782e-05,0.343249770919411,-1.37449150601659e-05,0.265012950504153,4.28323197582948e-05,0.230544473026191,-3.94771734764453e-05,0.19887806520824,-0.000103599265015536,0.179154775985024,8.0512027150816e-05,0.174185195625966,8.8801424885872e-05,0.157921506457438,-1.34048083715276e-05,0.155442587734888,-4.27544412048995e-05,0.141998396603087
103-1241-0004,103,1241,0004,unknown,103,1.00382243458473,0.532205519463288,0.415689254691233,1.9989190541093,0.554408648069885,0.857338986165716,1.49142890399532,0.508850042695523,0.18917715956447,0.322252219396636,3.36111126236641,0.395480225988701,0.508474576271186,0.610169491525424,-2.60654203137828,8.43927261589104,0.395574964822159,3.23170371633872,-8.10486110579668,-3.84398051559636,1.91726466187889,12.3099803341469,9.36379917205442,-0.0575341478382449,4.14043332979746,7.52391118735367,12.7442885081783,17.7238998352491,0.639444397804114,1.95151263952351,11.6866197342063,189.034665365393,0.0877998124327746,0.213090166293121,0.530981570150655,0.015501191581251,0.00939336911230515,0.936127032584719,2.81746339658093,0.00750938673341677,0.0112640801001252,0.0225281602002503,2.25471600647806,0.525656483782697,2.2343571448841,14.2617261344346,1.87213598697252,2.17039412969322,2.47816663874619,0.0769346351823899,0.163804292745609,8.68200913899991,102.345406381006,0.0220491702932511,0.0383031233691973,0.0751890048678272,0.00586568903790778,0.015030722898353,6.45392266042018,65.607697783955,6.01306067789973e-05,0.000854098521874573,0.00429413057292356,NaN,NaN,NaN,NaN,NaN,NaN,NaN,-3.00338856662025,2.56796262368719,-17.5893714181603,3.7760009434862,1.65937136573081,1.47391491459083,-0.0897995114485617,1.02333607787546,1.01687370088312,0.835660672924198,0.220874678678938,0.588857083092244,0.154727626003246,0.4692080549374,-0.21989520898132,0.481557528847076,-0.00945965306547786,0.377782349792289,0.0657978743154359,0.393882702506041,-0.104040633203534,0.318051337002983,0.0578012350472939,0.252387577573207,0.114742660780445,0.252944853561016,0.0322760729143446,0.229234533600354,-0.00239683188327906,0.505776484344573,-0.00411217870822207,0.767334079928324,0.00161507351771045,0.421766061812991,0.000622371906980313,0.253764197022923,-0.000333369637996618,0.229890718510775,0.000388576947444118,0.196195968646239,0.000317285050928746,0.166798827772407,0.000163495296161104,0.186361138387421,-0.000555665288321201,0.140565269892671,-0.000343631536297659,0.141928292534793,0.000427190574184827,0.134195990893165,-0.000226285629061526,0.117056413927596,-0.00028722369723251,0.117534519896295,0.000108410720052092,0.115879715193085,3.32153561256353e-05,0.480199297845117,-0.000143718991820553,0.608792256102449,-2.86571793256545e-05,0.34490796437947,-6.1478830211762e-05,0.240207000173958,4.14304160860076e-05,0.218444088924132,0.000108805176057436,0.198114052641642,2.35426992476219e-05,0.173102448963464,-3.08239203905493e-05,0.183507123449285,-0.000108243336706098,0.152714285341733,-3.34906426793532e-05,0.152599030438867,-2.72748116710583e-05,0.153862671861934
103-1241-0005,103,1241,0005,unknown,103,0.668958349331959,0.335237429132229,0.791145654665546,2.90097038781748,0.428900693704422,0.581357342692101,0.858726837032405,0.472585633308825,0.156519420110838,0.362807745353817,3.56305577821052,0.380208333333333,0.462837837837838,0.558108108108108,-6.96029065938343,6.47098401147373,0.123633916369935,3.17294355919975,-11.1105393207419,-7.22036777869817,-2.49508353592426,16.553206437013,9.37955617513891,0.40895143556547,3.14003840530804,10.4175371437669,15.6490287011304,21.8618762518446,0.631587933011215,1.59740749993524,5.15689939292273,37.1751827776035,0.0834423602327276,0.15386825528737,0.373582937255537,0.0160841251850938,0.00819735465198216,0.617917499566924,2.4942457810476,0.00750938673341677,0.0150187734668335,0.0225281602002503,2.32045841723215,0.489382823844917,1.4696460047035,7.60366782309592,1.94646868196691,2.27210770075729,2.56822696706863,0.0800934875684378,0.182884901186535,11.4694773282861,208.250714352967,0.0222141622490495,0.0378262749784796,0.0707893017556532,0.00588155331705851,0.0113449447120031,3.94781136770191,24.4009713586713,0.000392664376005943,0.00167104365257552,0.0055534994440415,NaN,NaN,NaN,NaN,NaN,NaN,NaN,-2.29109081251051,1.97987187163212,-16.3369876066445,2.72218145939799,1.65741441209388,1.77168860715024,-0.00572268340464232,1.03058099695679,0.871255505222476,0.980414341412949,0.0997719181094898,0.689718859771611,0.194382895962896,0.510209728373197,-0.340231259476916,0.489997144914058,-0.0700613623354136,0.39928621600407,0.0331245824735008,0.416159969327146,-0.171357435924079,0.331010099965292,0.053838181903394,0.312671216226874,0.0845709286625411,0.270494747535695,-0.0396426197873755,0.258122813632069,0.00147782502419802,0.487617297878547,0.00289006483134778,0.711992900671504,-0.00120838613515845,0.461529201753994,-0.000914108800049802,0.274079179426907,0.000858951439269161,0.251254254337655,0.000190935177628002,0.20547282879455,-0.000600252198360005,0.191362719810806,-8.72894919740153e-05,0.184717823460482,2.6148264651514e-05,0.146710453272417,0.000399608050150366,0.150143929935819,-0.00069641987692816,0.134915103656338,-0.000169762675174899,0.124775581536943,0.000466363713051234,0.118859674024033,2.80622049747286e-07,0.117645860821996,5.83723157306759e-05,0.449122753701543,2.9352184740263e-05,0.557905510597261,-0.00010360994619551,0.357317809381075,-6.15037947704931e-05,0.250542409781353,-5.22005633282813e-05,0.222914650751087,-1.32963174184765e-05,0.203358568283132,8.74890505859566e-05,0.186666114482332,0.000108952227282828,0.181084423549391,1.80831791520992e-05,0.157097781590842,-2.93459370872641e-05,0.159266470562723,5.80112720551484e-05,0.144883285307347
103-1241-0006,103,1241,0006,unknown,103,0.844919375165088,0.432750676939629,0.72990408713129,2.66349456306183,0.528684363289401,0.718036445925011,1.16755367697883,0.496977007202353,0.183920744914847,0.660284049475064,3.93032953587375,0.38916015625,0.484375,0.579296875,-2.56562519410776,9.26701721480383,0.0346975634992075,2.69934713723957,-9.31083438495881,-2.25405703888774,3.70764472382359,13.1133859943887,11.6150740546301,0.293798731025685,3.04330903884656,5.94174272709192,11.7560160169989,19.8609830133822,0.705737364510858,1.92908001027933,7.86332327181381,90.2712601134042,0.0888297297048594,0.188201145583677,0.538582871489805,0.0152033359671941,0.0082724892942708,0.876898915934837,2.85553990583571,0.00750938673341677,0.0125156445556946,0.0200250312891114,2.28679134569236,0.481942847858342,1.48874907524271,7.01748140383679,1.9155107820538,2.23885821142088,2.51565571269545,0.0818690843340646,0.167886681623399,9.88879277870478,149.166014267562,0.0228989045461911,0.0424526095611317,0.0754666370994302,0.0059286596895422,0.0142115475512935,7.38548196490793,84.7272762211629,0.000210689852468415,0.00132737597075164,0.00569735717426585,NaN,NaN,NaN,NaN,NaN,NaN,NaN,-2.55520310835542,2.05237316879625,-16.8003880914116,2.94292736644258,1.51672673170827,1.70887703450168,-0.00232987788585228,1.03529371505292,1.10870672520921,0.871772605149409,0.203686317582696,0.580559700186054,0.00823505957417646,0.490206732232243,-0.265493839659341,0.48585786182041,-0.0291179229922884,0.392030517058261,0.052875820705969,0.385133309523873,-0.182303842931032,0.308511117722781,0.045575666323317,0.276417997967176,0.0517900142515514,0.254173013019167,-0.0219486589859183,0.232355453755857,-0.000469989798360727,0.512462124418812,-0.000639759119043336,0.754641983082435,4.64098171624407e-05,0.469248980046529,0.000155275031884803,0.278793683111123,0.000304330503698936,0.25048074902009,-0.000532728899224949,0.202462468660622,7.88429592414735e-05,0.177549888757698,3.00279218943951e-05,0.179459028266505,0.000594882367666107,0.145286796283345,-0.000279360495023315,0.142336598520477,0.000104450343829311,0.131463170330302,0.000112604663774411,0.124843860147256,-0.000297450803337797,0.114874792526329,0.000317800562051855,0.114032992259725,-2.76926271980849e-05,0.494780337496977,6.97057260034297e-05,0.601810789017765,6.38818266869038e-05,0.374822559397732,1.63724545951697e-05,0.254923619809487,-0.000118222200267412,0.221297248460581,-0.000100282577546802,0.19931305263562,-4.59101535840721e-05,0.179105670722629,-4.35796271093032e-05,0.179642774720946,4.72875536954813e-05,0.157405528851369,4.33897867978005e-05,0.152487663389,-1.86832697100343e-05,0.145190618747229
103-1241-0007,103,1241,0007,unknown,103,0.758365951685522,0.375199986099632,0.621819130723914,2.60602744586576,0.467874278886206,0.668429563080829,1.04218024136485,0.485376659039251,0.175385738376786,0.462203034555643,3.4786444949222,0.378125,0.475308641975309,0.583333333333333,-3.70102987991302,8.11624653977278,0.225686726854359,2.89077537015805,-9.35146042553401,-3.80512365000328,1.56541260166937,14.5424976620365,9.251345386996,0.40278853488205,3.13960240931889,8.03408557201153,13.5193361450447,20.2942492893062,0.661227075363308,1.57722871511098,5.23643923785189,38.0856540964085,0.0894574034084961,0.185801307968875,0.469646153411689,0.0150179446162008,0.00820085696013498,0.997580960894545,3.54736340113076,0.00750938673341677,0.0125156445556946,0.0212765957446809,2.27347935811897,0.437891131762921,1.49554719440426,8.00978622825294,1.94654521779071,2.22824977094615,2.49903652443482,0.0798107843921617,0.161688052012995,8.17589282269339,101.654537843794,0.0215996902007979,0.0387553522830728,0.0750813583244694,0.00551332561752909,0.0125352722383428,5.66268887951582,48.9283353249187,0.000150212098699692,0.00124571583671707,0.00516395737120861,NaN,NaN,NaN,NaN,NaN,NaN,NaN,-2.70194584687946,2.08022010338661,-16.8898580102895,3.24434560109668,1.6305756750356,1.54331807489779,-0.0584591870813667,0.96215171378596,1.01312210862092,0.878492375792592,0.10665995235511,0.639431891093697,0.0673509422566714,0.496767845294614,-0.195406940396952,0.472446132598882,-0.013129187237889,0.406644817325564,0.0427703059648941,0.399326745395953,-0.178371509721786,0.314249669092974,0.0900383044708378,0.247143639505948,0.0437823136613028,0.238890847172032,0.00362462188235353,0.237011443572242,-0.00102097299967632,0.508365670960964,-0.00278192676413488,0.789145905409259,0.00110387553303975,0.442512342541027,0.00108034396048918,0.263972966435208,-0.000977178637296844,0.261008123276526,0.00044298968207222,0.21006909292566,0.000318599383619762,0.169366036587454,2.81445310766468e-05,0.177849515947773,-0.000382732047045983,0.147405092372886,4.20308508269993e-05,0.140511160460247,0.00025105174739258,0.134781411387492,-0.000177342864041449,0.123262410118757,8.29980838579739e-05,0.11666142737449,-1.28012452506344e-05,0.114841924966398,0.00018402714254412,0.493027104233318,-2.39390493273276e-05,0.626965748121785,-3.97667119321661e-05,0.362531586449261,-8.38712748717058e-05,0.245148475234895,1.14544307591789e-05,0.230638594807647,4.42263545876606e-05,0.204025077350413,6.30779632841504e-05,0.175450264016061,5.40600866088206e-05,0.172997525143577,5.57936277143656e-05,0.15562948248308,-5.91675069753067e-05,0.152205814695345,-6.85284821271253e-05,0.147505770693193
103-1241-0008,103,1241,0008,unknown,103,0.710425187833358,0.436138987161301,0.941769928643903,2.872654278836,0.402053602959657,0.552348203160101,0.996400302419723,0.486513688982948,0.168895305382898,0.510200158698555,3.86212065957408,0.384615384615385,0.481218781218781,0.571428571428572,-0.151863870059209,9.09617780886861,0.439383350852759,3.08337899931399,-6.76924137294976,-0.405171243475058,5.22743717256401,10.9140870550939,10.8551126761748,-0.0624637800276631,3.74356258073116,5.32691326049406,10.928253375029,16.8105136710696,0.451711114247083,0.946772478376999,6.76341110687527,65.9123282636099,0.101807042820936,0.187523676740323,0.377900670615073,0.0179092321332747,0.00953350921209133,0.422273746550116,2.03471211122739,0.00750938673341677,0.0175219023779725,0.0262828535669587,2.39722380583821,0.552700742073629,1.51808787665513,7.17126030756411,1.98162278811474,2.32378995199704,2.63799208011069,0.0824602367934039,0.122456652128554,7.49130419135159,87.0478401572808,0.0310054827517412,0.0555320526711664,0.0914561573647574,0.0116565089591834,0.0194502044584428,3.09603899419373,15.3811893003604,0.000500279209104938,0.00369118489542066,0.0143775838407313,NaN,NaN,NaN,NaN,NaN,NaN,NaN,-2.03342853550865,2.390874619406,-15.5146673496209,3.4316111003853,1.51384184228315,1.47176188734886,-0.2524826075032,0.952801375243556,0.80785440062225,0.959966171388297,-0.0155277162418099,0.668832121648662,0.210081119757497,0.481334729292199,-0.404982353908699,0.505701734455516,-0.0654024666719697,0.384376744763518,-0.04372450615202,0.457831948584364,-0.0883052072958159,0.35230540435711,-0.00832529050327328,0.269373108061682,0.224493186821665,0.262499684494362,0.0377632171307336,0.233942914155778,-3.25550420177912e-05,0.555759488062253,0.000442253525968255,0.81756170237125,0.00011216131338,0.446554865734928,0.000163763739624705,0.274857053525011,1.10674210975477e-05,0.250661570601553,-0.000391427906666018,0.213219765869719,-3.90740513259965e-05,0.165088505026264,-1.25962598060599e-05,0.191668070725102,-0.000125185933511979,0.151038605064786,-0.000471927853149599,0.14209742700252,0.000490979571087378,0.138886008075188,0.000227808642705109,0.124188715492655,-0.00017937308636019,0.116209971404146,8.58180032312015e-05,0.114732000669988,-0.000104367627115996,0.493563641987291,-0.000365622789347,0.617483809701854,1.87578589044901e-05,0.358590031536261,-0.000108546745141937,0.256216778261821,-3.91156755207517e-06,0.226131898338304,0.000207818579113488,0.199958608540085,-5.0143280349847e-05,0.174900113586611,0.00013080334332949,0.185628702049835,1.60217301259847e-05,0.166066743183526,5.36828272819138e-05,0.152419461053924,5.05069106912594e-05,0.150348840952593
103-1241-0009,103,1241,0009,unknown,103,1.08988516401129,0.632629292573527,0.445685632225065,1.81987467609167,0.568857699116682,0.833740348644408,1.68638763675353,0.516856128250797,0.195636217414083,0.426023134811586,3.1204414084538,0.379551820728291,0.509259259259259,0.627852600074822,-3.21900946011934,8.08960101523815,0.661013382485862,3.78812353984865,-8.17263161004793,-4.46008495850173,0.68390548940359,12.1059426635192,9.48708626218708,-0.494402956778276,3.98050081054556,7.59138994297868,13.0181431575182,17.8053955187765,0.75151266322916,1.58155474335231,5.96628841726872,63.4073826012524,0.104002590646104,0.246210470733947,0.678940355840218,0.0151126859512342,0.00917037122104638,1.04916180832099,3.16371565448642,0.00750938673341677,0.0112640801001252,0.0212765957446809,2.29234258899189,0.562826771002948,2.21204721801479,13.9519843856806,1.87129252124699,2.17567140575602,2.54607084603677,0.118006338097625,0.400913466154232,18.6585576640659,481.000289542038,0.0232906970038507,0.0468988576851921,0.0978111076095102,0.00954184219097374,0.0225115184778965,5.30668650948413,40.6527860903113,9.23017193013861e-05,0.00115821924716458,0.00873665380988031,NaN,NaN,NaN,NaN,NaN,NaN,NaN,-2.86304955805777,2.51705535903873,-17.1480617730343,4.02621740021199,1.53653174657445,1.68226334064947,-0.120585633470677,0.97918879594042,0.840056797853803,0.879045624863197,0.158016410774908,0.602640262431304,0.188749521575798,0.451823786728202,-0.197068777557003,0.477564892931133,-0.073375654621518,0.362299548892616,-0.0144110745234574,0.416461056604938,-0.142402579700892,0.299538681422041,0.0236398804304264,0.254096527102033,0.177178814637904,0.241858550136321,0.0573872056819523,0.21985898588601,-0.000191349235479168,0.50441302893221,1.04944705153135e-05,0.77213686886131,0.000382526098207998,0.462322153969991,8.88557071278335e-05,0.290894524525896,-5.83847466403735e-05,0.256428819781183,9.87088237191668e-06,0.21003167643327,-8.60000196434037e-05,0.174838158137029,-0.000115321827562503,0.183178869753958,-0.000191261534793827,0.143832251893801,-6.14032356879275e-05,0.150745245639033,9.14175455849719e-05,0.131099660384254,0.000260738233340192,0.118233316069576,-0.000229714466933314,0.119159214725233,0.000169299811534345,0.114489521888162,9.40280860899691e-05,0.463919362883448,-3.71248034556358e-05,0.600732463793137,7.08005013881638e-05,0.361276012830946,1.95272438621551e-05,0.27007947136914,-0.000126600436603666,0.228435887807437,-0.00011276288487626,0.207240935410266,-0.000102576113299023,0.182872482377596,-4.27405791817124e-05,0.181929115579135,-1.10595486324442e-05,0.160148045456591,6.29172421079605e-05,0.160921968570662,0.000116870373263421,0.150285916423788
103-1241-0010,103,1241,0010,unknown,103,0.654130806872528,0.391508094353884,0.879124396015753,2.76047548336834,0.381832356538395,0.509948674948767,0.905724556522172,0.465207139703792,0.153415783653014,0.493599133334756,4.24943926788767,0.373239436619718,0.462441314553991,0.545970266040689,-4.42115498218478,7.85451365054744,0.261815755791586,3.22562236460127,-9.80004562583601,-4.48618548812391,0.564684642983263,14.3181759929767,9.53232371858815,0.33624846286479,3.38901714346941,8.1069212592494,13.3551982064175,19.5791731532723,0.445372490070088,0.915079378885331,6.37998244908444,54.0154418588995,0.0924498410435279,0.186459225374731,0.430715435488824,0.018246908446044,0.00952580147927051,0.303366899232899,1.79485911399702,0.00750938673341677,0.0175219023779725,0.0262828535669587,2.41050401973032,0.565715499122729,1.47376874790321,6.82800584779361,1.98673246312386,2.33790084774628,2.65986767080638,0.077867194869493,0.118241520371177,10.3023388804259,186.41995362561,0.0287388565894268,0.0522148579849075,0.0920285890795241,0.00999323252680695,0.0176835974628602,2.99532918843612,13.7967745195304,0.000301972542150016,0.00236706271990572,0.0117084987175899,NaN,NaN,NaN,NaN,NaN,NaN,NaN,-1.98055623879761,2.36193716344595,-15.7786006277443,3.393377032379,1.81095571547864,1.65542746418584,-0.346822964778251,0.958837353442203,0.971486748689357,0.856412942213858,0.0649629356849595,0.701930166539207,0.0361924846438263,0.464053526466918,-0.415974099680552,0.544714739166553,-0.0199325543436361,0.39977863322685,-0.00185528032601647,0.370481009648669,-0.103195544412517,0.341048701614912,0.0632609372225866,0.288951584867125,0.11047349675405,0.240231508407148,0.166684708529707,0.239709794415893,-0.00020075534702453,0.498024585287382,-0.00188793663968962,0.788669979806008,0.00166339750291469,0.447364048385741,0.00074739276049377,0.262501772681559,-0.00042100758724317,0.246413034698278,0.000489026281780384,0.208378332849681,0.000438669095843267,0.162067801308218,-0.000320298278818992,0.194968587763502,0.000118663604067787,0.150416558616026,-8.33333546394988e-05,0.140590808565146,0.000115807207100226,0.136396109783841,-0.00032871278556053,0.119189334468934,-3.80509865763383e-05,0.119396281024103,5.44783595339211e-05,0.112099677322992,-0.000128702232773596,0.43166432920441,-7.79276849899317e-05,0.603807975700743,0.000120284226070269,0.347790229937129,8.20309104216932e-05,0.243097248122526,-0.000166085100788992,0.210073923076102,-8.23217064341617e-05,0.197939446349522,3.11805512013951e-05,0.168643685501234,3.76674930122186e-05,0.190134430193091,-4.53425273216667e-05,0.160539928468887,-3.92067232569441e-05,0.154176469881683,5.83874024452082e-05,0.147765200570462
103-1241-0011,103,1241,0011,unknown,103,0.854557131322512,0.462807187285943,0.528427775697199,2.15583911348217,0.49211117209049,0.707318514424308,1.27055430624161,0.503629471409732,0.186451117582011,0.447990702439936,3.48576394834085,0.395710059171598,0.492307692307692,0.607142857142857,-0.627427875970279,9.5842804795989,0.0651575142537413,2.98529066879805,-6.99079707705472,-0.221269058040671,5.50218356030121,10.9180931913425,11.2708902571539,0.0789064557151953,3.60436227829469,4.69310373846011,10.7719669596134,16.9257086732744,0.89543122999094,2.24194292261609,5.40368493922368,39.5215700432441,0.106857869238264,0.234216919939342,0.62521326168887,0.0155370806305667,0.00882116971737594,0.814181138327163,2.55022251457549,0.00750938673341677,0.0125156445556946,0.0225281602002503,2.3067572517949,0.542671154766819,2.10748345967141,11.877399322277,1.90076552063069,2.22885325995648,2.55173761591699,0.112919866746466,0.268913586456899,8.48590306934091,103.977809855098,0.0280199497079236,0.0485882054034724,0.0921953458950533,0.0110689056992636,0.0252619397013462,5.27394558020513,41.5500761100464,0.000184044491830374,0.00211167414524395,0.010505653138645,NaN,NaN,NaN,NaN,NaN,NaN,NaN,-2.42584969929762,2.44567002853545,-16.5221304448776,3.87640960906518,1.57283014572686,1.74691584534175,-0.184748945450553,0.898221335573789,0.921148280612948,0.845833108213287,0.212989746654176,0.546447789868602,0.138871216338276,0.433157067759208,-0.354794964683815,0.505655973458677,-0.0573862589577204,0.416586406975866,0.0356083288611695,0.416249573162215,-0.136721026457228,0.339200885576231,0.016143126999391,0.246835493458632,0.128123597340513,0.242381264703558,0.128906689554357,0.246181735227392,-0.000649733923249394,0.480528135088306,7.00190169712588e-05,0.779770602348973,-0.00141352030491231,0.468819605097779,0.000216742433023501,0.279266968893165,0.000394453053596672,0.229458637805554,-0.000641952184358677,0.191449468117663,8.19325148677057e-05,0.170042077085241,0.000386164204165585,0.189155080691736,-0.000248574106458891,0.146332010183236,0.000126910334915928,0.144234300162409,6.56405076962751e-05,0.129541211040407,0.000466278701052209,0.118183756034288,-9.58308352391796e-05,0.118205673385111,-0.000191867789759827,0.112341422205034,9.69590612263515e-05,0.447724615038927,0.000162379542832956,0.615955154976898,-0.000235221976240438,0.362353258897917,5.21285409077706e-05,0.269588835515019,2.16737721556187e-05,0.20734166770907,-9.71521107279641e-05,0.193648746543042,0.000190304188750366,0.179336901817509,1.55699211213634e-05,0.188655628766777,-0.000109991081343615,0.159856788874636,2.57745813105318e-05,0.152162515682989,-7.91402623647901e-05,0.145885963419235
103-1241-0012,103,1241,0012,unknown,103,0.660007815186331,0.37252322369906,0.651295591918842,2.51017841163944,0.385281319902196,0.55540057691845,0.936161740468076,0.477640543414812,0.160511170417492,0.530878780008448,4.15443590278289,0.388888888888889,0.46984126984127,0.55787037037037,-3.42255545194761,8.40046236523411,0.453284081843021,3.68031901752998,-8.99857003299715,-3.79618430528933,1.37344051197556,14.5152128514633,10.4150680981584,0.177871270810675,3.74325629134884,8.15203162149459,13.3677679214005,20.4978573198781,0.420977701038108,0.883213036809303,6.40665314512004,61.6615558087196,0.0756778144775276,0.162004485397461,0.386069776105466,0.0177371982716012,0.00925467044013026,0.420844712197159,2.12886998537331,0.00750938673341677,0.0175219023779725,0.0250312891113892,2.36183875231211,0.525716900762702,1.493014932517,7.08978493623125,1.96641158654051,2.29747923056402,2.59070305330323,0.0709450943525019,0.120250970047237,8.81104653994889,124.574696465418,0.022809191068189,0.0420816663156009,0.0794027793148646,0.00732794461717014,0.0173325272026468,6.43234621816911,65.9773658743867,0.000196094856170827,0.00162041928833195,0.00739415702095417,NaN,NaN,NaN,NaN,NaN,NaN,NaN,-2.22340834934458,2.45935798791702,-16.336502105178,3.47641093573162,2.00144295952818,1.6659746265301,-0.346893782718242,0.921064388324728,0.883868110260465,0.951023301938288,0.0864554567570135,0.705241929486645,0.093857808182414,0.461250038401744,-0.242816445412995,0.449885841345005,-0.100635713642396,0.385909490309371,0.0601639210472158,0.406303730172533,-0.109990722731263,0.313785452960713,0.0456527612020088,0.270113148498243,0.0732435603345097,0.273424651940068,0.0638647510028365,0.25227997287083,0.000679125692666756,0.527891554069762,0.00226830570148539,0.796618937428437,-0.000179477627580475,0.431736697548709,-0.000742334966922005,0.282169365569458,-0.00048712292428761,0.237343893157661,0.000200833814659724,0.213102810830402,-0.000222674068986829,0.181162697902867,-0.000288941257778942,0.182727170357295,0.000456540518362649,0.146821239326547,-0.000186830647745312,0.137756317358561,-8.1456593621723e-05,0.131994011920584,-2.21467754674338e-05,0.1190442467177,1.43959697988167e-05,0.122401203454536,0.000299839602698398,0.11290534488712,0.000136488746731185,0.496276506794053,8.44609764458595e-05,0.621148090892694,7.96428693560725e-05,0.343489334395513,-1.32242004392926e-05,0.265667446308257,1.27173067675193e-05,0.217429801096467,4.55988384145099e-05,0.207070370302826,3.5063108758861e-05,0.188045811185935,-5.89848300712683e-05,0.177664631856359,1.93835983355885e-05,0.162905165034342,-4.30268707099572e-06,0.14549602158555,2.15283714705908e-05,0.14702698890945
103-1241-0013,103,1241,0013,unknown,103,0.692825322871972,0.374470063186993,0.689094834398927,2.51423917957796,0.424136641103083,0.579220368984243,0.990837082173574,0.477105270376383,0.158316494169736,0.372382087898249,3.96376736278712,0.397301587301587,0.470666666666667,0.555555555555555,-6.54381566112722,6.40690982168281,0.263946517637489,3.85912844499746,-10.4468207513038,-6.6168412966965,-2.75299042013667,16.3112248665145,8.06686831997179,0.535581426213921,3.38598586060618,10.5111008641296,15.7950037749665,21.0987944397639,0.559186769073824,1.25078908623137,6.25426358036594,57.2651742315526,0.0855276293802688,0.200215954382302,0.510961010727952,0.0165779329781727,0.0086064617571204,0.476193800953841,2.21018682042751,0.00750938673341677,0.0150187734668335,0.0237797246558198,2.31150443829342,0.544363838262301,2.04966897685764,11.9964058619145,1.90908609598902,2.23574337781814,2.53047119862966,0.0822187440833595,0.193505535257014,14.7966422552661,310.893129164638,0.0238213687938607,0.0430684707189315,0.0809853818383012,0.0068728959243017,0.0147497077579645,4.62699752077111,32.3295057838635,0.000136935013795244,0.00134898122335951,0.00639195726475839,NaN,NaN,NaN,NaN,NaN,NaN,NaN,-2.39411888714266,2.47721308697407,-16.607805139832,3.68794126731223,1.92515550556633,1.68711245380294,-0.406624491080995,1.07758336710355,0.883014967996522,0.828290375885117,0.100800902723837,0.580415622312135,0.152056746169278,0.470956649092215,-0.162017003887278,0.465294342981281,-0.0357044288006655,0.391798143646002,0.16423258457635,0.418589421282797,-0.127369302788161,0.292185735863408,0.0267459932966141,0.250868943810172,0.115395753636562,0.237169628802673,0.0335521091999968,0.255340214602709,-0.000414082820909109,0.482251193374526,-0.00108205198211896,0.7355392096129,0.000248893541131254,0.457082064248518,-0.000602458384304227,0.278756751359443,7.92506983155808e-05,0.228259312394106,0.000105490373772494,0.195471634699412,0.000150433803471405,0.162887088485821,6.25658103279092e-05,0.159427487123492,-9.8437205154737e-05,0.137282559396201,8.93906930597161e-05,0.147052972334363,0.00021157212334889,0.129489506988398,0.000185888699990104,0.118372271099498,0.000121460243889188,0.110752360885399,-0.000164261714325144,0.115052842067237,8.55458234259271e-05,0.44319017115858,7.46318252327306e-05,0.570569831017582,9.10634786117044e-05,0.348654466341808,-5.84039181453091e-05,0.256618412201177,-7.23103117223327e-05,0.212134388021764,-2.86332683772432e-05,0.188946694746703,6.30683727075876e-05,0.16917564226915,-6.59939638345678e-05,0.158852318390269,8.43063691670601e-05,0.15144412468301,5.50149373722055e-05,0.155324315554623,2.58415362064278e-05,0.149503366033796
103-1241-0014,103,1241,0014,unknown,103,0.73022900410702,0.408621360925159,0.7483267752544,2.63345613299289,0.430485515153694,0.592710357809604,1.04086151140765,0.486890100714852,0.168860728330521,0.393662436213593,3.70277894714207,0.387323943661972,0.482394366197183,0.573703585147247,-3.95244174960047,8.14725469576876,0.292754902424709,3.25101859686254,-9.41146567375579,-3.97858809223154,1.03194807157246,13.8620105306604,9.34773630685431,0.140579659899711,3.37338906625742,7.82017954908269,13.3022523510757,19.5504815061634,0.568154565376153,1.63796204947721,8.65487486346918,113.193815439565,0.0923932471647861,0.165041911951302,0.379521360733236,0.0165423810910093,0.00898205235634628,0.52294821101352,2.01550512698637,0.00750938673341677,0.0150187734668335,0.0250312891113892,2.32465529807084,0.499172404788135,1.30952868537503,5.93724713428188,1.93654281970385,2.27046969441547,2.57098687044798,0.0812269719266673,0.278343447666885,20.479950912074,524.348933946358,0.0237634735427676,0.0409729902681996,0.0699594919535574,0.00660535702073552,0.017024657134813,5.51339925437879,39.6224960435348,0.000164977375806636,0.00141671202962455,0.00595371112041987,NaN,NaN,NaN,NaN,NaN,NaN,NaN,-2.34195897563008,2.36322213367979,-16.5026867886119,3.32242706113342,1.80206515494704,1.65174102485596,-0.369971796734602,1.0130228975922,1.11093484277323,0.867294857728272,0.152693188666623,0.538460557592636,-0.0335765332090859,0.441732809982602,-0.22208321370059,0.476909938630978,-0.105379237673401,0.418039042153622,0.0786375196068634,0.439214831685342,-0.120868988515288,0.308344553500799,0.0459455265746899,0.231934848965507,0.0827745283326143,0.25369022957145,0.0604198991494334,0.231767952451626,0.00108859695074229,0.522567381720535,0.00304640839632793,0.796122179960012,-0.00102135834680631,0.431694222191776,-0.00120857119163334,0.275771952066347,0.000995137649606122,0.243398274313439,0.000101126616496509,0.185481947691239,-0.000329774756095456,0.166148909746095,-0.00024710518740016,0.174716656167995,-0.000134652081432589,0.143665961955538,0.000303985058848384,0.145185059761518,-0.00057070016626297,0.128039258613111,0.000226582225650329,0.114279551998501,-4.81215507284289e-05,0.115876029453368,-0.000134966863640097,0.112391225597026,0.000146239495557514,0.490975691187295,0.000129240601251355,0.621140027878464,-0.000202816586788746,0.355624149905286,-5.45276421721521e-06,0.259968857140281,8.05963307282819e-05,0.227253253893044,7.95566569688854e-05,0.186208630025648,-2.2531789965999e-05,0.174707918181923,3.77000502952573e-05,0.173381102814105,6.84627185918895e-05,0.156670744326449,-5.70714782916926e-05,0.153554928889886,-1.96416757411974e-05,0.143945925436287
103-1241-0015,103,1241,0015,unknown,103,0.892095718868906,0.506231865166184,0.533181721591037,2.17438471603905,0.482798677405455,0.729465866447047,1.33858683365854,0.503804067187631,0.192874342072394,0.422035621652908,3.29847845326925,0.373412698412698,0.502164502164502,0.610229276895944,0.107600036218144,9.38319907332444,0.327275885234772,2.8847071639269,-6.53001976283046,-0.343433717452064,5.66913776073213,10.5970148898287,11.5380175570509,-0.191568261893016,3.30506323208193,4.98024139053623,11.0510582603253,16.7647038279479,0.68902911318176,1.45127085321899,4.52388311777693,29.2029585091114,0.0802385497941993,0.184880113840912,0.579738694257472,0.0155652690415633,0.00919889101232687,0.836238650360652,2.65096846070685,0.00750938673341677,0.0112640801001252,0.0237797246558198,2.27376878980996,0.517794115769993,1.7421944913509,8.03485949884296,1.88490481508014,2.20324877069282,2.51867194010097,0.0823924634512113,0.136239202811096,5.02852531135325,39.3455582880884,0.0204699366383935,0.0406619949116589,0.0806230753973328,0.00710217510046774,0.018790153633807,6.03328071284369,48.8614984236508,0.000120547881393147,0.000907272200044219,0.00572663082175579,NaN,NaN,NaN,NaN,NaN,NaN,NaN,-2.65014104511492,2.50641689558175,-16.9757074774737,3.47993872854296,1.77141725115341,1.87505585165651,-0.311784967647661,1.02502659629448,0.727245087721146,0.918893060639017,0.266694108870939,0.669760055709358,0.0657685578386426,0.511487468780255,-0.245635042168579,0.471960525334329,-0.0755855165379019,0.400941228004413,0.0942958053435803,0.38776105401934,-0.166076897679224,0.353995224226621,0.0781264924892664,0.274346051243271,0.156234258246101,0.262570068322263,0.0401259648711183,0.244605030671956,0.000780140023378337,0.531909648069823,0.000766679531255322,0.727398711785089,-0.000434268436692058,0.445565389847401,1.98855792066376e-05,0.266025641220111,4.08139431227685e-05,0.229781954340656,-3.88579802877588e-05,0.19413587307402,-0.000421498489563653,0.160773487765458,0.000286238103564316,0.167244252580321,0.00058478983322311,0.146131589767603,-0.000244241830323254,0.136987274153182,0.000561935203704084,0.128933422592775,-0.000804660376073243,0.122631505021377,0.000112187126871848,0.116323341298647,-0.000117310763011639,0.111325269988432,-6.15432110982977e-05,0.505297237188021,-2.35374004100227e-06,0.556727395158411,0.000152391239575559,0.337940076270251,3.0846858454286e-05,0.245498307252477,1.49222879665753e-05,0.207906893900457,-2.06585866792558e-05,0.188397630929944,2.46869094781451e-05,0.165872476210862,8.12312285243133e-05,0.166218831196537,2.79405323534544e-05,0.165587477831943,-7.72175356599297e-06,0.146243808117137,7.08219518969935e-05,0.145289794884375
103-1241-0016,103,1241,0016,unknown,103,0.799685933518776,0.441717771038169,0.678713201175109,2.2651105549761,0.466641151896162,0.643555041898967,1.20162351382988,0.493628646837663,0.177534012615959,0.355683853641913,3.80044183302171,0.390625,0.493870192307692,0.580729166666667,-2.8812694216167,8.83867588119366,0.191597299366425,2.78728991401487,-9.5088430099419,-3.10118768967365,3.1003946668714,14.429542148381,10.8612808399387,0.334801547525746,2.96878125693193,7.10826545832378,13.4290127760511,20.436729653879,0.635889874727529,1.44197459368347,5.19116866380219,36.675740375904,0.103625465602155,0.196885645148171,0.47556468530177,0.0175527206545803,0.00982361548460804,0.519845556354903,2.08503535971068,0.00750938673341677,0.0150187734668335,0.0262828535669587,2.36085125089475,0.560505551576352,1.35419944656766,5.74581320225494,1.91444637782396,2.29653733391835,2.61640842746811,0.0886644490362784,0.166472896567184,10.7246124966081,177.066997930626,0.0267767773122347,0.0490499931925387,0.0949411674635992,0.00850122376229121,0.0158326327483982,3.92335531493025,24.7644479272745,0.000358257818139832,0.00228834469745028,0.0094230467679229,NaN,NaN,NaN,NaN,NaN,NaN,NaN,-2.19533186579672,2.33174378640507,-16.2297124911244,3.15394943218633,1.56238713972761,1.77160343083135,-0.0813171555555787,1.03545490791943,0.901765202590151,0.815752301910017,0.167071889660444,0.603156829905434,0.0332487139974243,0.504517697897926,-0.286687657308249,0.521754579787156,-0.0295994163097808,0.391637406112478,0.00515517712280656,0.37129552091207,-0.083791681955643,0.31401952508426,0.0266502359188917,0.262743642397983,0.153669726446376,0.248558860412557,0.0382639952929487,0.241589759265676,-6.06155849254056e-05,0.60653448937194,0.000411190183277517,0.85162906888124,-0.000457494126296874,0.472267717445935,0.000242525728242527,0.284666613385413,0.00052524710185628,0.245709212419421,1.15901428114511e-05,0.20886547592878,9.70491306115312e-05,0.17270247913508,-0.000366811595162149,0.186117083657994,-0.00057259823802653,0.149567882371732,-0.000135776046708158,0.141876013382185,0.000163634250581383,0.131322217235813,0.000902423319443202,0.121942426238259,-0.000452936750835392,0.119234390957897,-0.000200776604226061,0.116388859876775,9.16496911576566e-05,0.565949881909647,1.21958127301144e-05,0.666104092257185,-3.58127097125648e-06,0.377085886894019,-2.09011778788994e-05,0.257738411934222,-1.83472590054055e-05,0.230586131010838,-2.31115375086805e-05,0.202319095194791,-0.00010323703234959,0.180122617651773,-6.09190487995215e-05,0.179229053601763,3.25775967049385e-05,0.162736685606498,2.72828243052149e-05,0.154602083176097,5.66482898861224e-05,0.148344854211144
103-1241-0017,103,1241,0017,unknown,103,0.767128095854822,0.427764559264529,0.678712692058935,2.46130365212343,0.451346713419271,0.625512990653078,1.11778237700202,0.485276796981108,0.16210856831697,0.0409012066022619,3.38637253257284,0.394117647058824,0.491176470588235,0.57843137254902,-1.65285548035494,9.50455616830835,0.0837093711779628,2.554969032697,-8.76036093004361,-1.40975949497549,4.84994750121171,12.268406357202,10.9778788236094,0.297489152040155,3.44229425915939,5.59922494898369,11.5052374504159,18.1373533701309,0.749832289523231,1.88189217210084,5.85620380706184,46.9634718345113,0.092907063140258,0.196925940130053,0.549324884381282,0.0164780107626648,0.00924530739038898,0.622577247957083,2.17380126958736,0.00750938673341677,0.0137672090112641,0.0250312891113892,2.32235026667381,0.550810765284776,1.52601619247849,6.49679933480659,1.90216367805275,2.22789756313547,2.57257690657813,0.101642877532545,0.234106934722399,9.35462991858267,122.930844049215,0.0255507808383196,0.0460388880186832,0.0896911049344037,0.00950797551337093,0.0189621713299136,3.16624731053192,13.9748334114468,0.000276927516037841,0.00177201919298419,0.00871699511415363,NaN,NaN,NaN,NaN,NaN,NaN,NaN,-2.30289192439616,2.34431068615116,-16.3167571582692,3.32498270438143,1.52388922058625,1.78192173096012,-0.267968743795874,1.0773110715774,1.07944452657756,0.858861037848962,0.218370856296464,0.580535472259445,0.0724015525687732,0.444173910657288,-0.298973947503345,0.47085939162517,-0.0917732207856588,0.416958937485556,0.0695253917780336,0.367557904596556,-0.0861475894324947,0.290046272487617,-0.0149733369557848,0.238390543391014,0.0374579211426343,0.255585345318311,0.0517859533172933,0.242258548890549,-0.00205700707817496,0.516614089479885,-0.00503703186147281,0.730463637624773,0.00133581196817815,0.465519465899335,0.0010350453436706,0.275856087978519,-0.000460789092986596,0.249575122434348,-0.000247052329948951,0.191910195674467,0.000622450617778021,0.170558027817976,0.000789543071392659,0.184349488497992,0.000468617299210276,0.150234460989744,-5.48609114863906e-05,0.135329715624512,0.000366592692596415,0.124199068140832,-0.000111081025180407,0.11746102071356,-0.000256871509104516,0.119190395600549,-0.00023510098337585,0.119942072552336,1.68303950492155e-05,0.467696641999553,-6.92402936863054e-05,0.568868769163769,-0.000148137982631426,0.353467040503254,-4.14763795804129e-05,0.253340045813473,-2.60988805139383e-05,0.223313767000758,-3.38756897134736e-05,0.197396702214589,9.14332317558607e-05,0.181150800024519,0.000203713101736288,0.18814979684365,5.91692434117651e-05,0.16466078176553,5.28145718269917e-05,0.150333073758073,6.029647897381e-05,0.139843929878569
103-1241-0018,103,1241,0018,unknown,103,0.856158729919917,0.49064117879287,0.629044581669732,2.12848649036265,0.487431413912533,0.658013739898479,1.32536874690257,0.511419358504656,0.177572149104579,0.351919898539594,3.61502074134805,0.409836065573771,0.515938069216758,0.610655737704918,-2.38074083063893,10.1010773479478,0.448439193189358,2.96558010497077,-9.12545633363568,-2.97031016556749,3.02296765732545,11.400934033279,11.5838733209446,-0.262409133398323,3.76847480445256,6.13295337983974,12.0892080962184,16.969261089544,0.826535108359416,1.75722585809725,3.95935401797914,21.6462711549849,0.105883279259648,0.224676190410955,0.540994429919084,0.0170127462309784,0.00956648442448096,0.640047561615925,2.248057052508,0.00750938673341677,0.0150187734668335,0.0250312891113892,2.33969189196205,0.55266748371993,1.53250999417381,6.77599826182821,1.92421325593189,2.24791656187468,2.58394092588664,0.11356155522593,0.269089274060064,12.7251692453751,237.640924277681,0.0275086274579899,0.0550930925643826,0.103943949344494,0.00896245699753459,0.0211710312885199,5.6028008290613,49.2486234854481,0.000337026785095653,0.00174422931006317,0.00783525988557713,NaN,NaN,NaN,NaN,NaN,NaN,NaN,-2.28807461342356,2.37530604385438,-16.6146088495653,3.21545451646514,1.3838608889824,1.61296299377388,-0.000219744452595108,1.11620424608133,1.10952152074858,0.999169236285193,0.294125045959723,0.571197230571031,0.0855116132169778,0.404788870277086,-0.198326840407031,0.433858912045831,-0.105707949668406,0.416424695922674,0.0546388692118374,0.403775771673185,-0.126206110823437,0.285170346271053,-0.0500072709245045,0.299263612328522,0.0642898992967035,0.287405773478172,0.0375895888574516,0.247134275521462,0.00399473528036081,0.538285103570763,0.00800301160281556,0.808092735991638,-0.00293045999400647,0.470507295306255,-0.00156287718931498,0.303448604250566,0.00164616384299601,0.271801244389921,-0.000451671058977003,0.212312654578315,-0.000366922336959899,0.169979578353443,-0.000312249525221429,0.184548698219226,-1.1425492630694e-05,0.151081899421544,0.000134811590821576,0.153200138890508,-0.000263279853771648,0.130989696997441,0.000531346708881492,0.131246387063177,-0.000181736718921576,0.123858935342422,0.00036760860351521,0.115311244461061,6.96266171138784e-05,0.522083693249175,-0.000222644102178764,0.657395446242613,-6.39511520914474e-06,0.372856062575474,-0.000287319090181843,0.290536974742106,-0.000325630105873336,0.22931478897645,-0.000138604915330208,0.207776352999378,-9.10065381228418e-05,0.178888687728971,5.88574999561977e-05,0.192613222206052,8.39970408297844e-05,0.169349899945914,-1.09350728783352e-05,0.167580550039808,5.83089817319598e-05,0.146237259168482
103-1241-0019,103,1241,0019,unknown,103,0.812015587155726,0.494269927271852,1.03668771066924,3.12776421592707,0.462810628533217,0.664533231254022,1.0095422106767,0.517905923643556,0.160244858174598,0.270935633499479,3.93620540254301,0.436363636363636,0.514285714285714,0.595619834710744,-3.03136703577958,9.81013720449509,0.160761173113219,2.299046962534,-9.47963574285019,-3.80804381763343,4.56256470484305,11.6063316366049,11.3605837020372,0.163281817220578,3.28497776536544,5.56438297700438,12.1269032492083,17.6989607020557,0.445406308022363,0.621997746731174,3.8751744424395,25.0787571566384,0.121095339308236,0.24995098908703,0.468607439196175,0.0201678272337066,0.0109263723797179,0.257695866632823,1.88253655258648,0.00750938673341677,0.0200250312891114,0.0287859824780976,2.37319395863137,0.562940062948187,1.37722415832753,5.21131792890538,1.98264634162963,2.28572156062404,2.61731116201628,0.100576096666414,0.176822364207151,9.81850998786767,132.871256466892,0.0317269295812256,0.0591396178705085,0.112391356400863,0.0120300866081947,0.0273429408737273,5.28973904785846,37.6813727287287,0.000397395983037299,0.00269834446954664,0.0129040514217329,NaN,NaN,NaN,NaN,NaN,NaN,NaN,-1.87590173695275,2.15003614366988,-15.3771259543814,2.81214662108483,1.5322797011118,1.39881355050146,-0.403709230367062,0.948307468733968,1.10933274986871,0.775060019599446,0.00490757128243721,0.483287118821358,0.00429316332859523,0.483835020455822,-0.163116385500763,0.41441806984466,0.0222984002239781,0.333385593382966,0.0776003085264376,0.472991754852326,0.045238461728314,0.261072374658151,-0.0311128802796712,0.23370080864164,0.0278208899635788,0.24875942075498,-0.0245844136032975,0.258207425777761,0.00711341063489872,0.611265699318916,0.0157453602567345,0.966351203629851,-0.00341071122079055,0.447226168986006,-0.00538373600146806,0.299183886568393,0.00255081582534019,0.255201934416215,-0.00114511532275141,0.205538010386247,0.000712198448513272,0.190019234857357,-0.0007313180006969,0.195064789374294,0.00148943195100512,0.149183789069955,-0.000390550606107673,0.17692357645638,-0.00133887622655619,0.126985546481254,-0.000327739804155853,0.12430322946602,-0.000283398061953352,0.122678911723771,-0.000390406314648693,0.126355346983919,0.000122753781879285,0.537969791081873,0.000380897568996158,0.796286842298394,-1.89972744170078e-05,0.410005383238753,-0.000502060580544547,0.298108723842413,-0.000579679568914198,0.227542011634364,-0.000546899366405521,0.206670880255691,-0.000144739667401958,0.199261184626079,8.80876089546655e-05,0.202606109920758,0.000161874452097041,0.167544981982892,8.02562121154636e-05,0.184292694671146,-2.92785015011145e-06,0.146225827005672
103-1241-0020,103,1241,0020,unknown,103,0.742770353150476,0.45175590865088,1.06937075318927,3.31922123080211,0.433934434328072,0.598432350282183,0.920168074811214,0.498371531610587,0.15879308687635,0.490705950033856,4.55148300286558,0.419140625,0.498747996794872,0.573650568181818,-4.9492329253755,9.71250533004849,0.175351921217338,2.5640669914921,-12.0969118029438,-5.86281965313923,2.29807732526722,14.750066638564,10.6349715009558,0.308694687741272,3.24232933748309,8.25831882073023,13.7954722467098,21.0137538181294,0.637055283540321,1.64095347920408,6.62425373215112,60.2467530491803,0.0941444271116972,0.191424603485036,0.45759348092339,0.0189960822279143,0.00985626032830752,0.244525385135845,1.73465814730595,0.00750938673341677,0.0175219023779725,0.0275344180225282,2.36302868046343,0.552890515370396,1.90011948423021,8.70451953045426,1.99153318153073,2.26635613990644,2.57663415529472,0.108787086330251,0.354908132689773,16.370087272207,349.82690856615,0.0290625774703421,0.0537083343538328,0.091177265629273,0.00909257512189475,0.0223689496818246,4.93262250965716,32.8975633902482,0.000343047961807181,0.00167108673210097,0.00698898399754142,NaN,NaN,NaN,NaN,NaN,NaN,NaN,-1.74169055077779,2.21184779073011,-16.1522156514224,2.85554989890688,1.86891073532191,1.71080670234038,0.0114718252570781,0.989190344215355,0.93513836137461,1.04257242838381,0.130262638070925,0.678750153098552,0.151209904457029,0.480073386719073,-0.0662315570939228,0.430433028044138,-0.158567972825281,0.405709736391298,0.141646433258902,0.390718389031753,-0.125703400118811,0.310991480114205,-0.000698136428482031,0.294839467338255,0.0603007343332541,0.240199820758146,0.0486727324201525,0.223690565285325,0.0023787769580825,0.485529999929493,0.00330709640335161,0.800443413908059,-0.000781153222324675,0.435119775855738,0.000116696163579817,0.279099873199377,-0.000176797697273342,0.253007757055063,-0.000957426718701068,0.210008707277661,0.000332907638128074,0.193120908738996,-0.000332044322267657,0.172884692937821,-0.000110630086763559,0.145943276290963,-0.000579826279709626,0.151058959185797,-3.90753349438689e-05,0.13380662293224,0.000144888060678686,0.12066739171976,-9.00374228032162e-05,0.119395475166372,-0.000305102376160605,0.120800222243079,0.000291656917962419,0.417248240277197,8.10513735063671e-05,0.658294949575639,8.63489193782428e-05,0.361843978915436,-2.69153836807348e-05,0.264052550938998,-5.92168842442152e-05,0.238743742159958,9.57217798062309e-06,0.211653956846511,-0.000147748173444166,0.198643742602765,-4.55564977152774e-05,0.175435484411625,-2.96173427613645e-05,0.159874495452785,-3.95194788577799e-05,0.164594438286116,-0.000143491046080909,0.156289290286353
103-1241-0021,103,1241,0021,unknown,103,0.797289793533384,0.431525275552996,0.590291849792581,2.28836777010612,0.464334814280023,0.651073220862295,1.159346079985,0.500293341207083,0.166219227103326,0.199304474922958,3.56799430554865,0.411764705882353,0.496691176470588,0.59093137254902,-1.83687405113564,9.04111490195516,-0.0881227434802765,2.53225677154836,-8.55301632979661,-1.17012626375453,4.53963939940581,13.9096373006442,11.0035727037542,0.327286675286238,2.91963161161367,6.55828492609265,12.7854273500507,20.3781771507233,0.574579452602671,1.4122270774436,7.20379725620237,71.8224003932608,0.0988603986946118,0.195087382812895,0.464699804218595,0.0159975398574508,0.00850047164786155,0.592217612903515,2.15445987820027,0.00750938673341677,0.0137672090112641,0.0225281602002503,2.30832394409951,0.500313774464704,1.46183251396831,7.22920973890815,1.91472664418328,2.26551773798453,2.55083366639544,0.0762317085432881,0.121264466379026,5.78068304772071,48.4253247163317,0.0245269187429283,0.043535517292798,0.0799705012985663,0.00680744416228669,0.0178238741051617,6.33194327177958,55.6950343470632,0.000144595057279598,0.00140635538880677,0.00571572369494014,NaN,NaN,NaN,NaN,NaN,NaN,NaN,-2.6053744524124,2.46426349580878,-16.8234926257446,3.74939075006131,1.78549771241827,1.54868673313089,-0.214658036752845,0.969712876277353,1.0108803099518,0.897986604557679,0.0991744354301088,0.564338405364322,0.0636244724304051,0.461793269041468,-0.270005300557349,0.494645583956318,-0.0599389863280896,0.426978623114404,0.0768123195880789,0.384392796331466,-0.148417158470319,0.291177194762825,0.0971993654175302,0.259329607793602,0.080395599843344,0.237719562409532,0.0654404749535198,0.24020219240358,0.00211986211481206,0.531901121203633,0.00428365528548796,0.796662818043924,-0.00115282445972756,0.397812474952319,-0.00163027900188317,0.268109071031369,0.000632552303315898,0.259430881542258,-7.65721100945754e-05,0.191059838041044,-5.98184429735218e-05,0.168156766267444,-0.000443622038352289,0.192806519371586,0.000312824997606818,0.148417055860592,0.000241947869988244,0.135245324792167,-0.000579897699119833,0.132895091515852,0.000104232307324202,0.122906366898554,-0.000100098495209296,0.119755684054431,0.000205728008365322,0.11435497196854,4.20909933204216e-05,0.513655494706563,4.30968019579607e-05,0.623483847057103,9.86701552611718e-05,0.345816194630921,0.000172525316384756,0.248895788669152,0.000200342258824023,0.237327980154845,6.85003055229345e-05,0.192357993733367,-7.87359051532823e-05,0.173799768816326,-4.15006809509759e-05,0.192404109213633,9.24630094849005e-05,0.164048916542506,8.81063503161311e-05,0.152288373270633,-7.12658796757151e-05,0.153577634924136
103-1241-0022,103,1241,0022,unknown,103,0.875049616945282,0.466705525778928,0.573065131722456,2.46721099303507,0.511710861827978,0.742481990407997,1.25615387116043,0.492081721214307,0.190428202383,0.62161660554115,3.68351248513238,0.372781065088757,0.483333333333333,0.584615384615385,0.386071883573014,8.78427807442412,0.21894242416287,2.83328297268196,-5.68842308771871,0.2235663857346,5.32302033191947,10.4261180039582,10.4063821913772,0.239112148413797,3.80358122519923,5.1143445673727,10.3596672129699,15.3900643402628,0.598397030753308,1.26804755823352,5.02961998354778,35.5235426897668,0.0936877753714842,0.191482118134847,0.514198060745038,0.0145583573581018,0.00852869008391327,1.15575991929266,3.85005508428789,0.00750938673341677,0.0112640801001252,0.0200250312891114,2.27927232206381,0.527634593474428,1.72787565546563,8.37652454902507,1.87790582318621,2.19735742774492,2.52386264608392,0.0771386653722109,0.160658653722276,8.80613298048472,117.123924337236,0.0223057280448937,0.0378831901059049,0.068709335960825,0.00645822257681972,0.016101879485327,4.99860241658116,34.506011348411,6.6047980258918e-05,0.000893390888754932,0.00498760765791571,NaN,NaN,NaN,NaN,NaN,NaN,NaN,-2.98166828877244,2.57867135627251,-17.3463774577225,3.86105705068453,1.73104604132543,1.62999109383766,-0.13966449379446,1.01281646946813,0.898786525941029,0.931751289102143,0.138843212789413,0.668664571095904,0.00703773384894921,0.514392624373481,-0.286402900081565,0.470369861304219,-0.024445608033141,0.441290139808632,0.0945535574294947,0.341241502109981,-0.0979641972801889,0.312325382413112,0.085672958879757,0.239532032163021,0.0411234064280521,0.254541840913537,0.0705520625598928,0.226817037742306,-0.000404021398567698,0.528336298331209,-0.00043145552216434,0.769761281175962,-0.000187195384681293,0.451506201445669,0.000662125698163091,0.272916779076533,0.000542255853620492,0.248105079182865,2.32465853986557e-05,0.184930455397753,-0.000308863960874582,0.171616075080672,1.64946090409175e-05,0.18351786684912,-0.000408381981183009,0.150087054164796,-0.000671042457771073,0.141089277614299,0.00034369618606878,0.132618458501509,-1.60537703817577e-05,0.118970346877819,-4.84696029704149e-05,0.115811043356893,0.0001010585499636,0.113159904492895,1.15864183930648e-05,0.51587361286901,0.000167750220834171,0.605567329124256,-2.6243857911294e-05,0.356336219313045,0.00014184786864438,0.244730864854429,-4.43008293501192e-05,0.224347574255074,-2.80278256590161e-05,0.189194530492757,-1.08796837271847e-05,0.171372938078222,4.76491671436339e-06,0.183350500641465,-3.64896145637351e-06,0.160752626801111,-6.19766537748042e-05,0.154364495067262,-5.19963274198985e-05,0.147881969727531
103-1241-0023,103,1241,0023,unknown,103,0.871611199542499,0.509381309333409,0.784735125731195,2.58594063803872,0.486068245587598,0.694063049117846,1.23515939561766,0.507347195729162,0.177062818192657,0.255951645328491,3.63135176293221,0.406779661016949,0.51617873651772,0.59188939591482,-2.37771482814053,9.25530590303027,0.405654563660798,2.99594843874667,-8.54251448836472,-3.42788981714931,2.81375429858433,11.4085374306489,9.9904436275518,-0.328423705820887,3.73690550009991,5.83260959943306,12.6012174165195,17.4446766458847,0.439328217483432,1.0751139466048,11.4350895946016,195.110175157053,0.104101295630126,0.196426493156477,0.397733555637779,0.0175316861049253,0.0103586253850016,0.678057981036342,2.32342288943333,0.00750938673341677,0.0150187734668335,0.0262828535669587,2.34227848660611,0.550482390067555,1.46878967522971,6.1646197146563,1.9202299257814,2.25573561237772,2.58037187775944,0.0841995283261685,0.24510542723592,20.8026244058018,546.752124975165,0.0263288133563687,0.049095543266091,0.0864748399927155,0.00865248729672878,0.0198340084375858,7.00052615541074,83.0998263873739,0.000189041254667314,0.00191921084005035,0.00878434519243235,NaN,NaN,NaN,NaN,NaN,NaN,NaN,-2.42275863536248,2.48249065536527,-16.4908192779382,3.47331266626635,1.70873981763864,1.41243799614712,-0.17638222177303,1.04530208139291,1.00103140001565,0.934340743076282,-0.0139854137707798,0.604266889874845,-0.111548846001919,0.489567426120905,-0.134856322675221,0.430376706611201,-0.07828175485123,0.39592790169,0.0665187633271079,0.373438085536478,-0.0501757630161345,0.297931043335194,0.0769026161679594,0.245993548256408,0.0770437726461079,0.236618558578508,0.0413493372307193,0.239813133699705,-0.00234572273229315,0.622173710462933,-0.00479702525885046,0.870401603317537,0.00169029115516165,0.437772190956912,0.000752119924923,0.305028044138765,-0.00084992230238776,0.265613737869174,0.000316152770245172,0.210526991031684,0.000186590825094759,0.177082112652964,0.000120433284117909,0.178499523498752,0.000295652876534622,0.151424434349583,0.000480245135398265,0.146702843461859,-5.75935404845087e-05,0.130720709295072,-0.000201973998731648,0.117928893285003,0.000322303866074131,0.118915723751774,0.000135190128658497,0.114034554114534,4.94933018175759e-08,0.637677965666165,3.88073226183104e-05,0.707736700817408,2.66162885777104e-05,0.37289127214679,-8.79013986031605e-05,0.295191549378513,-4.85589919026474e-05,0.247833403362452,-3.8716595937181e-05,0.205825442450086,-8.70226042002122e-06,0.188818122491371,-4.27074788620812e-05,0.182078938508292,-7.67753098077494e-05,0.16898263110166,-9.26191895929578e-06,0.161175764868551,-3.75244196618246e-05,0.149535424571511
103-1241-0024,103,1241,0024,unknown,103,0.840531684002492,0.502628788566144,0.835152450677364,2.51729731945858,0.462083632123463,0.646624924011636,1.24908053298691,0.504782891453351,0.17115797293085,0.465252752643794,3.84254057318257,0.405298594847775,0.504098360655738,0.584699453551913,-2.32597806926103,9.23329262556587,0.231091037893176,2.99354327707613,-8.19253288326852,-2.54444673905068,2.99781478943435,13.0104150065008,9.95781597812583,-0.0457804332262245,3.58983065832217,7.64440725297992,12.982176559423,18.252398869417,0.461570670849803,0.984363436575527,6.48962776760603,54.0061422651206,0.0952013469635081,0.204122350997642,0.44399552302272,0.0184126056624409,0.0103641334970974,0.468317964921504,2.13190940950025,0.00750938673341677,0.0175219023779725,0.0275344180225282,2.37337225632211,0.590312750530451,1.74705304739695,8.54001981304399,1.91920908956614,2.2897530012516,2.63035842808695,0.0794475783113006,0.14921754359503,16.2915950392571,433.773735859907,0.0246040988022949,0.0467829966921405,0.0866703819506852,0.00749661315575487,0.0152417544442338,4.26139972028253,30.0215968331495,0.0002040013507871,0.00157504366257359,0.00717067083716161,NaN,NaN,NaN,NaN,NaN,NaN,NaN,-2.39643237591621,2.44868814156473,-16.5356875659165,3.44401906195124,1.9462131352887,1.54619313849978,-0.288404157151466,0.998207117757297,0.727187547515052,0.873458422798303,0.187878265951818,0.528136690378273,0.0746938335404715,0.478151738328449,-0.192794989156205,0.428427457102476,-0.155994591910445,0.433681314640226,0.212022309968353,0.37519917590276,-0.118625777053848,0.28788539807648,0.100164589336977,0.282668592211364,0.0917929028865657,0.249727866152661,0.0382666701576332,0.239559348255905,0.000191697685724237,0.529428193098997,0.000947102595901958,0.773226804843384,-0.000167705089153692,0.435892431438505,-0.000582273877295161,0.274827034349531,0.000349964961987353,0.233883031065427,0.000473033000726754,0.191135635821301,-6.578034387045e-06,0.180883028903998,-0.000261546351535704,0.184091574152516,0.000365235978325665,0.152658371886895,0.000285192146472556,0.145934887587026,-0.000344783609717592,0.134383569017176,-0.00016401851890753,0.121537722903548,0.000303196565995194,0.122067035611222,-5.23256392120859e-05,0.114920546530435,-0.000131182718393462,0.481710478022558,-4.75958752566313e-05,0.598481140830863,2.70963854146034e-05,0.350978248605677,2.64939574478143e-05,0.252329388409591,7.52668357381159e-05,0.213879275947786,1.43935966602486e-05,0.18406015169569,-3.08137036635311e-05,0.181513380905393,2.69736811874957e-05,0.188035562541609,2.186444775311e-05,0.164160461479649,6.18096135917912e-05,0.159811132333112,3.73059437508238e-06,0.150639533703595
103-1241-0025,103,1241,0025,unknown,103,1.01699159374118,0.556581087616368,0.767798970363547,2.46060606864929,0.564254751145778,0.844174689050374,1.44605073299566,0.535118836593459,0.185933845456987,0.0502871437614008,3.21385145226248,0.42012987012987,0.545454545454545,0.640227272727273,-3.65836467958668,8.93552425103525,0.353185770327148,3.04994793566412,-9.23300808789653,-4.68415766607557,1.4938753365,11.7392196646487,10.84093171233,-0.151266134087264,3.55811202518955,6.29274074901576,12.7944432612537,17.1704057427957,0.843833717151375,1.4516400065195,3.6986231388577,19.7550766849597,0.135637226564265,0.30109306747229,0.863514024518023,0.015687668040165,0.00904278564568284,0.955866153525278,2.83305052245652,0.00750938673341677,0.0125156445556946,0.0212765957446809,2.32151479892324,0.480240869675435,1.33396458263358,5.26760301867742,1.96551766344968,2.20759982120124,2.54540478312197,0.112706892212968,0.166492927720814,5.89324327135755,56.8673786203103,0.0312321897457292,0.064358558262782,0.137215211851622,0.0102932424092686,0.0195327727231731,3.23916618605908,16.6431725477698,0.000170480001802422,0.00185516741595147,0.0109419502125325,NaN,NaN,NaN,NaN,NaN,NaN,NaN,-2.51666347124043,2.10008464010678,-16.6981373834684,3.3352394264287,1.29479503252067,1.44991473256928,0.0848825030922529,1.03661661120615,1.10142628342013,0.917437944457952,0.0363353266887525,0.582545472333381,0.0764103347232254,0.479006022329016,-0.112042820442299,0.375879887506656,-0.00668394841868121,0.370956523822058,0.066103642121552,0.367465331480367,-0.190885525396904,0.284554511926468,0.163114524966858,0.242784710796876,0.0972642738344276,0.208235223466111,-0.0203930948615865,0.237023222982576,0.00448675009343793,0.622699428146685,0.00857133032418028,0.945272794110394,-0.00177432036486111,0.487219644984558,0.000390379807043513,0.310150181555284,-0.00167496694693924,0.28186098261552,-0.00141032785809831,0.225142507840751,-9.78856657194594e-05,0.183155310944511,-0.00127238190200158,0.167018076587221,0.000101324663504235,0.148555299205439,-0.00133242264515505,0.13625926647503,-0.0010697141913654,0.140324434904057,0.000295200540589988,0.120918485825646,0.000571428706746219,0.121003576879179,0.00123817435665903,0.115862686792813,9.04216371359307e-06,0.615467084532503,-0.00029037251897374,0.802647666571473,8.40141284127606e-05,0.392690316482699,0.000123735398794337,0.304619495090478,0.000152975101146167,0.263296085188605,-0.000307514636331582,0.234869915312418,-0.000128406886820687,0.187241847268257,0.00023694350860303,0.179804275422339,0.000204692573095823,0.163243544371393,2.60425876892932e-05,0.153585787665758,-0.000369311031678844,0.163826323160243
103-1241-0026,103,1241,0026,unknown,103,0.974268394540839,0.544326576735269,0.558533837834299,2.02965603580147,0.535753192032559,0.758886606257058,1.4585432244939,0.508669377766502,0.168908347961188,0.380490401022031,4.04712880418607,0.413793103448276,0.517241379310345,0.588505747126437,-4.78577029045281,9.20529135811932,0.195215751544957,3.21335211204889,-10.0689468402343,-5.44906448507787,0.168578975309012,13.6954740908896,10.3821121094045,0.158102041825612,3.65488848561512,7.88275891615118,13.6971051310164,18.8738657460098,0.586689886831697,1.10490813613639,5.68028936276743,46.2845548953307,0.113349735834669,0.258137537494447,0.606771240638485,0.0177297351616529,0.0107378781254493,0.655432454842414,2.36827579281523,0.00750938673341677,0.0150187734668335,0.0275344180225282,2.29123423173155,0.534499224504103,1.64129703816568,7.48292960766543,1.8841897909333,2.20122694006236,2.51912580658908,0.0846017314404118,0.127958183529614,5.83135109692537,51.4065234718569,0.0280170623358071,0.0502829291636428,0.091717221211837,0.00784797841763848,0.0196287395658633,6.41419793850601,59.7663135374365,8.87347460068431e-05,0.00141368572754329,0.00640858425926815,NaN,NaN,NaN,NaN,NaN,NaN,NaN,-2.72558016709611,2.52846743899599,-17.2540218366484,3.70660599481925,1.76201210206526,1.59291850679654,0.00722936277322852,0.880922136290344,0.79119738702992,0.83844022852244,0.182086306714413,0.557682349326044,0.0434524046526004,0.405292912443867,-0.178970085465084,0.450954754679808,-0.0726875554287372,0.348846946263333,0.116350827389521,0.380454862209201,-0.072862121448352,0.278849579427469,0.0766505493140852,0.268914637342375,0.15355333609377,0.230618359927438,0.0452606186753337,0.232293670466682,0.00279154292230873,0.479056077962719,0.00726789843348616,0.714264537036099,-0.00269586573692324,0.443848065551326,-0.00118357411961079,0.266098796250192,0.000902360544570878,0.205256317891986,-0.000302640236114043,0.192484878278728,-0.00100361114846112,0.163993467434084,-0.000176833868393634,0.170141435008532,0.00026337541383074,0.140086735585039,-0.000113507224224629,0.138982989835863,-0.000826223845580625,0.128948985122754,-8.62442674897754e-05,0.117581884950715,0.00018297753378544,0.115664107403987,0.000351432953925312,0.118043410574369,0.000153440839469843,0.433545926705846,0.000133370226238805,0.559682078385509,-8.1488313574862e-05,0.364918346698752,8.39617929973545e-05,0.242844614320023,5.06361077825986e-05,0.195970869254147,0.000119850639693316,0.188995232258973,2.55711873116102e-05,0.172776234057207,-2.23114861150153e-05,0.177285083909124,-9.2195043037303e-05,0.15759692349481,-0.000234549715304377,0.1515208739557,-0.00010013698826646,0.149618300303492
103-1241-0027,103,1241,0027,unknown,103,0.83278749022125,0.453066189352144,0.683990244512382,2.47798217716547,0.485726633997604,0.70149891638277,1.18700993515641,0.495689683859877,0.174035635022804,0.325379810061608,3.68463518630078,0.396647135416667,0.5,0.589437905844156,-0.730085157653785,8.84548377463883,-0.0614957091360006,2.7119821493146,-6.83571772131432,-0.319806561010998,5.14976143052374,12.8155560169671,10.8371886635306,0.300199081062614,3.2260288390016,6.06929520608379,11.882745331753,18.9940109317219,0.499040797128079,0.914515941443626,4.31274327079884,24.7959871942225,0.109484556082835,0.202004623740878,0.449920988927789,0.0165191327434227,0.00942309915787082,0.70540912395684,2.39821804405176,0.00750938673341677,0.0137672090112641,0.0237797246558198,2.30099736536145,0.494345323638674,1.48629785566581,7.05304015199445,1.90331306896403,2.24601161798569,2.54551448313984,0.0774648782078681,0.127158232619576,8.71065046175738,123.969258927064,0.0250644872263932,0.0481569533516375,0.0860309568451956,0.00807612741082198,0.0156469235130396,4.35436776951935,30.9688011660508,0.00021512111012142,0.00179955591065687,0.0095408960841329,NaN,NaN,NaN,NaN,NaN,NaN,NaN,-2.4859875282146,2.23932897131348,-16.3036428242305,3.36793151627874,1.64461818839588,1.4997126460698,-0.419296288996137,1.02640843746182,0.865015653972763,0.749799236167721,0.0580197929602307,0.583237779786232,-0.0177002599342098,0.446437120320355,-0.183502232395066,0.452445779881123,-0.019430858372639,0.383638171794932,0.107055518008685,0.383285650853831,-0.126356387987038,0.291581959134322,0.102773172146836,0.249766335121154,0.117753116091532,0.234634066342136,0.0245149188034918,0.235991378757339,-0.00273336719969087,0.520440260452757,-0.00543593013801688,0.822213905842001,0.00189971375403077,0.433890224107444,0.000944281060909669,0.296815366611946,-0.000149482377147721,0.237076182489843,0.000172841917655387,0.206412632075712,0.00047895880959079,0.175953900075801,0.000566912070096333,0.178336595762462,1.76075149358105e-05,0.144172586095638,4.66667558058915e-05,0.150456018714803,0.000756557298531485,0.129923188294058,-6.86590671979659e-05,0.121493124995369,-3.14748883300496e-05,0.12244480390009,-0.000186445363627992,0.115672122384439,0.000117106248257962,0.494566814450861,-0.000132941928215521,0.652387903269384,7.62102671275483e-05,0.346991478675939,4.42423481368765e-05,0.273798248940045,0.000127447773213385,0.221034537404704,9.9384627305539e-05,0.204060730710393,-4.30572457212808e-05,0.184996268879907,-5.67453797778652e-06,0.184362297016086,0.000108675553083312,0.156399489416539,-4.95771172982537e-06,0.16944298747587,5.15165523379359e-05,0.150448224828923
103-1241-0028,103,1241,0028,unknown,103,0.750245484695883,0.416488815995845,0.766833321400381,2.64888998983896,0.440080158019496,0.627017381714909,1.04814481765941,0.497017780672822,0.17041527548129,0.481843973470267,3.91721051705537,0.400664592760181,0.488970588235294,0.585504201680672,-2.22650840088474,8.5746911308893,0.155182011691861,3.14762238075939,-8.64195097952323,-2.00315876281384,3.43541793796616,15.300764479877,9.60875968289129,0.455361751937171,2.93432409305654,8.68887600868396,13.9641313025177,21.1641307688451,0.719128112773057,1.75392639364076,6.38983254269059,58.6142644408055,0.0939679390668019,0.199056201744493,0.536792854812886,0.0165463115160876,0.00909357373901667,0.7389567543718,2.61330721554745,0.00750938673341677,0.0150187734668335,0.0237797246558198,2.36100664955248,0.514703098347182,1.39621493348563,6.40369440621129,1.98704095604529,2.29713313874968,2.60382252115825,0.0970819012505831,0.230015997019021,10.677914491882,155.855718822957,0.0262848711678248,0.0490154956747092,0.0891339084608524,0.00687082024849039,0.0130744362069949,4.33821240816668,28.5670958317149,0.00019066729324322,0.00202876758279534,0.00807513071671751,NaN,NaN,NaN,NaN,NaN,NaN,NaN,-2.49095386685767,2.15478183068293,-16.5944096224054,3.40389143192638,1.65290302149104,1.58604434960537,-0.144282052331113,0.978476952745787,0.833610192129168,0.821160544895106,0.139894604268452,0.567058638446271,0.046808134010562,0.466171569839595,-0.14411698029915,0.455993574970425,-0.0898638723026765,0.407183086240463,0.142073697721218,0.37468097494214,-0.126651305392985,0.304091879231868,0.039929907257248,0.27149978497194,0.0663093856073288,0.228110922303593,-0.00967199932632794,0.243585389338975,0.00217243249551675,0.538345141067381,0.00430258061388052,0.824146981833295,-0.00151371012305019,0.448356537197611,-0.0012458494544736,0.287037487454649,0.000419751620190224,0.248790767121847,-0.000248183704368778,0.193464476825383,-0.000633449103859971,0.179774668174176,-0.000234190322107272,0.175526544472124,-0.000109030445310459,0.159835788183524,0.000138833376752392,0.150101177040382,-0.000486725318835203,0.136791796537034,0.000328230902079934,0.125193739504306,0.000277361646667138,0.121324757001103,8.81060218653449e-05,0.117887775126809,8.21466586985649e-05,0.521530228963955,-5.81003136647317e-05,0.666318233950909,-0.000141921148342963,0.363993190156244,-1.39431766522692e-05,0.268779268025279,3.49083317926677e-05,0.228038815096831,2.53840608374526e-05,0.192994655869329,-6.44380165175183e-06,0.18334490321199,-4.02923330792442e-05,0.180141476224212,3.65953483732588e-05,0.176737883502679,6.24218321950577e-05,0.162021858831319,9.96430592008889e-05,0.154445346521941
103-1241-0029,103,1241,0029,unknown,103,0.696129570455786,0.371822545688087,0.785967701353659,2.69396317857781,0.426822392770262,0.578357235071563,0.971764752455534,0.478335877785464,0.158437865129745,0.287456033225978,3.79649868888178,0.391549295774648,0.476917057902973,0.565140845070423,-4.30033089588536,6.76337615388848,0.26255772163424,3.19654011812387,-8.80462101993011,-4.46226473333772,-0.108974039224612,14.3577260057285,8.75936973637739,0.567963121177627,3.16790776891399,8.29119337998298,13.0332480089196,19.2600675894791,0.581503956643675,1.41923708306607,5.8894616170668,47.6651809942698,0.0868606620987585,0.164739869837662,0.398356508946562,0.0164367214092928,0.00868209603127085,0.474326878533934,1.90003256933114,0.00750938673341677,0.0150187734668335,0.0247183979974969,2.34626878465207,0.497597574558549,1.13082583336583,5.29673632004233,1.94397571256188,2.30827789329112,2.61788931601239,0.0798068715832301,0.144044389894517,7.09071690215841,76.2185136778879,0.024186413180701,0.0439742483403093,0.076880146300585,0.00814555885256897,0.017566727308556,5.47136288111073,47.1804230297378,0.000224782773152174,0.00198232911613133,0.00777887964310719,NaN,NaN,NaN,NaN,NaN,NaN,NaN,-2.37816415532579,2.27837838908014,-16.3944808213064,3.20543692679718,1.64787941091041,1.69287646326054,-0.147292069174271,0.964394458661691,0.822211458049788,0.857151764444857,0.236782379467162,0.555721416594699,0.113206237470695,0.464735365564436,-0.273759937423995,0.463223029242083,-0.132593627492338,0.387479354420177,0.133585452151052,0.366435150069155,-0.115639983633118,0.317475421338761,0.0254823774782472,0.237188802157687,0.108216328004005,0.254129747015253,-0.0311631250348157,0.217075601398109,-0.00169860471221035,0.567609026648442,-0.003196688179498,0.821493573912146,0.000793143682274774,0.491726172971057,-0.000202709976711505,0.264748914084093,0.000532268610626605,0.233945657396267,0.00017599918815655,0.188674680396137,0.000320245044514201,0.164218894098978,1.61984770244398e-05,0.17656894105002,0.000620808569029028,0.153322714757104,0.000356824015032354,0.140666707634846,3.93573002020532e-05,0.131900646790978,-7.83067621023489e-05,0.121255296518637,-8.26804284975116e-05,0.119353307688732,-0.000338090358572676,0.111109941216606,-6.27530989253584e-05,0.503373433619929,0.000106940180850466,0.635058864470309,3.37717360117269e-06,0.390084830824692,1.73559950650583e-05,0.24937460032796,4.02411305071683e-05,0.217297131750897,-0.000116417077210206,0.19243294367368,-0.000117862761621301,0.167353784556032,9.34760149731926e-06,0.170535436630717,0.00013975790372804,0.168730017043979,-5.5217043401885e-05,0.151663089025489,-4.38386548124739e-07,0.146783237864376
103-1241-0030,103,1241,0030,unknown,103,1.07457255220348,0.55772661051049,0.354498920709785,1.93042782077585,0.596028971963052,0.939048642401302,1.58497873653067,0.521501383524522,0.192328053876324,0.271409736598806,3.35175876011292,0.403508771929825,0.526315789473684,0.623851294903927,-3.80804205718945,9.43727211312475,-0.0162893681128387,3.37580819899295,-9.22209790899985,-4.45747694402409,1.65790864908277,13.5948588044328,10.4733893865806,0.111775641098148,3.74454072465409,8.12126522309228,14.1689817570836,18.9071888345139,0.526402364998673,0.995113384468637,6.24360495669958,56.2469746185702,0.109357384772215,0.237797574233352,0.549739182140656,0.0159183100716467,0.0101429468798929,0.991685763681709,3.0163383352279,0.00750938673341677,0.0100125156445557,0.0237797246558198,2.21593571854899,0.456176360658674,1.9877934251816,10.5501861103724,1.8901844658877,2.13809394655086,2.40986126304656,0.0699343919562484,0.114158242936006,10.3633968694732,194.109926308286,0.0223491432943241,0.0418867746507448,0.0777999343661308,0.00519729964668816,0.0126786640984682,5.29925855498605,41.6009469563322,4.64856375124165e-05,0.000710928981666124,0.00416089613295478,NaN,NaN,NaN,NaN,NaN,NaN,NaN,-3.00040970976112,2.60027323181945,-17.7019781984566,3.67504975432912,1.96609602692719,1.44374359338671,-0.0977050480224643,1.01404921383379,0.662639967191987,0.945335194339086,0.11833548270763,0.680364860054118,0.0993698432540972,0.485588832620031,-0.0677701342392629,0.421005041017683,-0.104285034138226,0.391276892878281,0.25043865905107,0.403661904707169,-0.11855011349263,0.284830228499435,0.0776438199703307,0.275589967219888,0.106852123883857,0.240381841349933,0.0172247353601628,0.258714196481425,-0.000790111443953108,0.482752747419202,-0.0012953927707386,0.709031362135895,0.000534309492722679,0.367730780621174,0.000651229280226218,0.251609994481523,-0.000236815418873021,0.219512702150351,0.000480816048095108,0.192575717232941,-7.24086166627536e-05,0.163834621748033,-7.19514744656697e-05,0.154386308467634,4.38007361582883e-05,0.143933746962486,7.75187596510224e-05,0.142689073731743,0.000187157736435224,0.121077209010731,-0.000341737441603961,0.119722223074739,-0.00010030497733395,0.116285508700884,3.61264594154057e-05,0.114983678492143,-0.000172632059609459,0.460422893597247,-1.31313773463592e-05,0.538183752632362,-1.07568487019153e-05,0.310436947584708,3.12010203211453e-06,0.225417580928812,0.000104551955538932,0.199609149714015,6.7662512595438e-05,0.182542844017562,2.4356268754665e-05,0.168773198668278,-3.81840053948666e-05,0.1595375065883,4.42164395309922e-05,0.158488461108619,0.000115578554715712,0.155591181943314,3.15580135644264e-05,0.141887848456705
103-1241-0031,103,1241,0031,unknown,103,0.72867659596371,0.392108033916412,0.702171114130628,2.81662039687695,0.429157514386262,0.638714510229537,0.991662075875787,0.47907035557878,0.183640633080038,0.433717668240492,3.28914217815315,0.368055555555556,0.467592592592593,0.583333333333333,-2.70485050537302,6.95718556249707,0.0659403932986543,3.1711281308869,-7.39650846166839,-2.38718944415954,1.81419109637578,13.9083186402503,8.4840016421281,0.602932242011595,3.20405870491951,7.83826919423195,12.6585745115622,19.1451243772122,0.618203807463168,1.72513848551696,7.21445287343634,67.4973428578235,0.0888784696085252,0.172277636319578,0.404210714883629,0.0146459874230231,0.0080275510314969,1.04116719003001,3.20797375365967,0.00750938673341677,0.0125156445556946,0.0200250312891114,2.25177478555196,0.421797793834397,1.41644530799652,7.09742275196658,1.92450491174956,2.20362031004395,2.46902655396326,0.0807053663927831,0.168138444956504,7.10922595118466,66.9250030830553,0.0208931708678369,0.0400056162125043,0.076938828249287,0.00799627352769337,0.0181576924249095,4.20753935758793,27.237595316825,0.00019074700129988,0.00112470947376223,0.00580485672359013,NaN,NaN,NaN,NaN,NaN,NaN,NaN,-2.48057540283141,2.14816912300261,-16.2732674675227,3.21707780776946,1.91827427762327,1.60710586959274,-0.451187426266584,1.10039732832037,0.86257655227503,0.889861045678186,-0.0261338261861164,0.638198939367316,0.031647779585241,0.549638300483264,-0.269345996528835,0.470581930327018,-0.0660131166530342,0.41788468862724,0.147625677312416,0.405647024311998,-0.143277604833681,0.285339379213982,0.121672960404655,0.278446904033947,0.0521228437622594,0.251335965955303,0.0470268861708851,0.220011493555662,0.00117062604408203,0.541284217629352,0.00245475259795497,0.826268994363666,-0.00133800926150325,0.434715230324711,-0.000276932633629646,0.31612344469266,6.07067298296979e-05,0.252761994157484,-0.000174871282916239,0.217981736160761,1.33230346837912e-05,0.182617060435177,0.000722520601538477,0.192038401687077,-0.00047025727694171,0.15257005287053,0.000349164562128056,0.155016519704261,-5.99872950958208e-05,0.131193860463557,0.000121186613646509,0.122072481726173,3.80848203278109e-05,0.116877698074942,-0.000156971500006699,0.117664047169089,-1.66919362139174e-05,0.563717767763957,-0.000120512362303728,0.640591206259011,-2.62756436425519e-05,0.337105674194876,5.3966325478361e-05,0.285012611272324,-8.48742172039126e-05,0.225986069861394,2.43507777300074e-05,0.208788702670596,0.000138389960557308,0.181619753397613,6.83687769002815e-05,0.187999215796902,9.75081369632636e-05,0.163544520309493,-1.11134094211398e-05,0.163326153851863,4.33425201553349e-05,0.146912226490448
103-1241-0032,103,1241,0032,unknown,103,0.928630990772048,0.513988183555346,0.591315039268102,2.2040903558793,0.512718860174818,0.751558445760622,1.39493593836014,0.512109559944754,0.187325529359215,0.333849290198802,3.31895989440992,0.393534482758621,0.508620689655172,0.618773946360153,-2.74962258441244,9.27160159096415,0.144899581499714,2.91714060851418,-8.51338450577483,-3.60852918351219,2.62883356095603,12.2575315251839,9.77885774444805,-0.11554728034483,3.38166382978761,6.75897819489185,12.9706400234286,18.248346711742,0.521475041741747,0.878928942155673,4.17752970380812,25.1985240500421,0.100163378233912,0.206069136691103,0.552336056450615,0.0166594346084469,0.0103187647919548,0.858709929087644,2.74768290690467,0.00750938673341677,0.0125156445556946,0.0250312891113892,2.32346420857533,0.55992266506392,1.56474163235936,7.27895421162903,1.88477470198848,2.24526843664382,2.59068544259613,0.0768875524623638,0.129266805870522,10.8257829483333,193.595573581616,0.0256203384310081,0.047683854388742,0.0846999896834231,0.00750881008331166,0.0146717886730065,3.74280517820873,20.8737659882198,0.000185717734960547,0.00183942145437546,0.00772047982286657,NaN,NaN,NaN,NaN,NaN,NaN,NaN,-2.70939864988555,2.44688349291791,-16.649824667122,3.38583642566647,1.59817649929915,1.67602263135051,-0.272264295195518,0.986459456495496,0.698054354818352,0.795310427109123,0.142243581147779,0.617539284915425,-0.0704799409302773,0.456440724911936,-0.10311610732761,0.455587641727023,-0.115588981108554,0.430406844617021,0.13986956610735,0.369429736739439,-0.0977240700496464,0.257192963948352,0.0500059274213645,0.250074697032785,0.122577530910372,0.222290690961768,-0.0194643278615399,0.230658157733442,0.00173638147940328,0.587474529585926,0.00243563536139522,0.799309308675656,-0.000701570532660544,0.446933413140995,-0.000135346992690639,0.278048258422006,0.000385743753691554,0.242847761314399,-0.000881394784225437,0.200902611287878,6.33040794945002e-05,0.17382562590868,0.000227561708297793,0.168297683817561,0.000531097914500959,0.157174011150045,-0.000384062495426478,0.144802427069352,0.000265742478932907,0.126947863604125,-0.000249262776201195,0.121221954574465,-0.000427926574436616,0.115778804476327,-3.38029954389595e-05,0.125959883114992,2.53142184147962e-05,0.557478677272268,-4.04503518956443e-05,0.614722492120548,6.97391062540855e-05,0.357905174094936,3.78175193197447e-05,0.246336230636956,0.000215781060320647,0.22689850319272,-2.12491315794976e-05,0.198869271654808,4.75248953315571e-05,0.183079546530805,-1.63019683416736e-05,0.174718775374708,-1.47065863476056e-05,0.166223050606115,5.60373978750836e-05,0.159357173711826,-0.000103082373631931,0.148865915196845
103-1241-0033,103,1241,0033,unknown,103,0.746157053138754,0.436613890886176,0.916581959067068,3.0405855559428,0.42611863104397,0.602658308050823,1.00318965956046,0.489152590288902,0.166864816645205,0.491244141703241,4.1048083255526,0.391231343283582,0.487562189054726,0.572139303482587,-2.34385709984354,9.19908205009218,0.140804924323833,2.64968135172632,-9.22584713541213,-2.40657913042061,3.89196420157642,14.8406739324924,9.83703481390353,0.351487785915422,2.93167111749798,8.06077663345177,13.7560618040997,20.7904840332358,0.855946059100153,2.42709790423508,6.02943925196197,46.9582878392774,0.0973976659829006,0.188491451501621,0.519514800030451,0.0175984311599691,0.00936852219619884,0.519270069383594,2.23781639365876,0.00750938673341677,0.016270337922403,0.0250312891113892,2.39809051275056,0.545789476220325,1.60832381640922,7.40985350455041,2.00031220039378,2.33400222266617,2.62430158445529,0.106193190028723,0.243020041508704,11.5032319652332,194.930538937205,0.0290633474772192,0.0532974143573573,0.097495642892373,0.0089527513374645,0.0187607056046277,6.18437309383444,57.4141357870629,0.000481821294056367,0.00293431264047012,0.0102810282581598,NaN,NaN,NaN,NaN,NaN,NaN,NaN,-2.03009012163037,2.13602968212027,-15.8872391729058,3.0680550501354,1.66019613084716,1.682138736706,-0.163499126759848,1.02524642367973,0.78118079050584,0.944623594269306,0.114185548456281,0.577381337398836,0.0925617565648164,0.454552551607568,-0.226165627545771,0.481484294456416,-0.0882966764461691,0.385553912769589,0.122711990348455,0.417364625819762,-0.186021859582345,0.308646438298329,0.0657439419699373,0.269434335519403,0.0821013090056787,0.234900565546105,-0.0323375323325266,0.234899001955761,-0.000385959340918851,0.543678791515931,-0.00187297648710622,0.824757694680609,0.000177940291051286,0.488096674021118,0.00081519635165246,0.297616676396596,0.000696574590403195,0.268834196650712,0.000599357559156079,0.211289517244258,-5.77063219817586e-05,0.175806624751672,0.00025728570719527,0.184153576512712,-0.000301042789485612,0.156708572987374,-0.000242697803354534,0.151160303876631,5.24887046612922e-05,0.136062376371722,0.000473139655461313,0.125781968945824,0.000162437424293386,0.117076406460144,-0.000181591462892182,0.119737570976626,-0.000154810329348453,0.546575865302385,-0.000215627415304064,0.657783201499982,0.000201445804004227,0.387185007023736,-1.72647971747617e-05,0.266700316993652,-0.000145424926648173,0.234492952690778,-0.000133278786677954,0.214938482793129,-6.99872197221616e-05,0.181349716179401,-0.000108328285814073,0.184692344026845,-3.84472344717024e-05,0.169648948694967,4.43668204366368e-05,0.160324718659763,6.202432613351e-05,0.149577349567938
103-1241-0034,103,1241,0034,unknown,103,0.797277695005463,0.434759046041161,0.762912130920564,2.68875892600336,0.467239936188678,0.671700107839056,1.11840967171438,0.507038628217241,0.17583957537271,0.402011361760795,3.65556527715993,0.406613756613757,0.502267573696145,0.595238095238095,-1.59950822394816,9.24716610367511,0.134845157740013,2.72567017232651,-8.19811061342906,-1.750048663999,4.42395788944516,11.7302899565582,9.74084561590736,0.113329359598927,3.84138154859746,6.10185572037024,11.4680257678513,17.1422222709878,0.497319281463925,1.10922671511474,6.75723338911506,62.1613634380396,0.104241288338003,0.187905112320231,0.460301751634651,0.0172095676798132,0.00963468393006909,0.604823614768111,2.17254717090373,0.00750938673341677,0.0150187734668335,0.0250312891113892,2.31570172863839,0.494039321788072,1.67723927001618,8.38773619921734,1.96235552807717,2.24672694022506,2.54550435393423,0.0800632512659874,0.154875831077306,9.54905535168405,128.695296072833,0.0266069242825179,0.0480746907526921,0.0808048691415234,0.00864416428695036,0.0199938774743385,6.27891766060724,55.175239751047,0.000295504367242224,0.00228454124322696,0.00905989905205751,NaN,NaN,NaN,NaN,NaN,NaN,NaN,-2.2072763372944,2.26925400520455,-16.2084913298793,3.31330878630111,1.77561498443335,1.57661824421505,-0.168432916002058,1.08279072212826,0.838464445837171,0.811432027641488,0.071282088665847,0.649822618285895,0.144435569062827,0.480501696193216,-0.205852551282203,0.449004691556754,-0.128078782193714,0.402297878308751,0.143181043269232,0.381120089537071,-0.151444461838781,0.321357843737898,0.0606891067007535,0.266435120156932,0.136265150268386,0.240378784023245,0.0242648504746789,0.235867698459524,0.00022047415659117,0.53573122789196,0.00145768045432671,0.836396025662333,-0.000950609624258893,0.455263132643896,-0.000346655113477768,0.286974530676618,-0.000517588817479766,0.245578332560463,4.8204814075027e-06,0.211051271686815,-9.40676110800656e-05,0.177637163403968,-0.000117973613509315,0.179816147251813,-0.000127161383752272,0.155205893782469,0.000216593870410752,0.154619933617719,-6.49675064549968e-05,0.135296379400697,-0.000333237855392144,0.125915541497429,-6.74235133580693e-06,0.120000345139082,9.26632110126187e-05,0.113514338416769,0.000192280314892936,0.514538384452332,5.67906900557866e-05,0.675946567309936,5.79438086436484e-05,0.380390283211548,2.38349928850923e-05,0.273935338755373,3.79924457942791e-05,0.224137359742967,3.47899833334383e-05,0.205631672102034,3.16606092918545e-05,0.190286375379561,-1.94397576779506e-05,0.180725380819887,-7.48252061588138e-05,0.173953918392536,-0.000112825436984481,0.165132810953923,-5.24547521737121e-05,0.151587607387282
103-1241-0035,103,1241,0035,unknown,103,0.860503336782474,0.527669863283415,0.712573410788407,2.3539848240179,0.456952531284133,0.660793255304075,1.29928037352163,0.506792064455811,0.174146353544921,0.351581480012141,3.75233898851513,0.409836065573771,0.504413619167718,0.596600462379151,-2.86033369245287,8.61186300977003,0.160563726306391,3.19155398472493,-8.27991102976496,-2.99174060142491,2.26422136584576,12.6514792592777,9.87899223978182,0.0482336484585981,3.66065951839488,7.09902120000733,12.1758412270941,17.7406248803573,0.589460772299494,1.14141287366749,4.06045719795616,22.2201063040435,0.102553683026656,0.202973328800585,0.468948613193257,0.0182618666627934,0.0106338958600167,0.597171286478992,2.35709450001352,0.00750938673341677,0.016270337922403,0.0275344180225282,2.3563886070688,0.56415330558908,2.0886424163444,11.6731737922195,1.95668961270346,2.26046682596314,2.59056421997003,0.0905767591854925,0.169686410534558,10.0928041883779,146.265106049967,0.0270823358598462,0.0537327275236947,0.0987004469962888,0.00937119879451874,0.0194247953175639,4.82948980256909,37.5507069639604,0.000196069162048136,0.00192933145484567,0.00975231279606309,NaN,NaN,NaN,NaN,NaN,NaN,NaN,-2.24162546490042,2.46133164625275,-16.397290602934,3.61823480676484,1.74135933431551,1.60387986147851,-0.188294531125161,1.04399367246938,0.675645864516985,0.8085956970035,0.0685067000090678,0.614594108621229,0.109239188054715,0.440211008405021,-0.197968189653293,0.454474103122516,-0.0784106992691697,0.41089500345408,0.166421420499653,0.406972663949275,-0.155673590573717,0.306974131636999,0.0660935809443574,0.271707746780148,0.144366868365732,0.256257838582721,-0.0182247928215981,0.241264535707689,-0.00152870059151789,0.578380049261367,-0.00324005136702057,0.872106089879313,0.00129549588821787,0.435106367330982,0.00083820110889957,0.285697707423736,-0.000285364097025822,0.2426847320958,7.63129113943429e-05,0.1993845988722,0.000503484933088509,0.175123193936542,8.54488811296298e-05,0.18594247802459,0.000102131459023737,0.153240496408732,-0.000347206869365704,0.149326172414882,0.000284431736796925,0.134697340392077,0.000108668236690732,0.122212698649034,-0.000162081236964467,0.126147184599589,-2.60216311988937e-05,0.11896840680231,7.29395698898586e-05,0.55963217587712,8.59372568821986e-05,0.69174461303643,-0.000123800348841825,0.363452556825599,-0.000194812846158431,0.272840372786995,7.06846037716752e-05,0.230250044388298,4.12246460533252e-05,0.205173047748366,1.74438084013115e-05,0.188009168633429,5.03133422894579e-06,0.19315269258921,-2.20717651003072e-05,0.167446741396624,-5.72096730056543e-05,0.163875619595751,-0.000107281765399438,0.155693441322235
103-1241-0036,103,1241,0036,unknown,103,0.789035653160822,0.486712717010181,1.03702510272662,3.02818903542046,0.444754047678734,0.620704476385149,1.0183382535849,0.49471813112281,0.167709780445266,0.34597471858328,3.81577791798772,0.392407161803713,0.5,0.583045977011494,-4.61669278138374,9.22320675355714,0.422664014563969,3.4671966260941,-10.2694056013771,-5.48469584146488,0.0278366979390167,13.8265726358071,10.4594667402485,0.0116583349193898,3.83623817595734,9.020070224269,13.9586148854678,18.7378039520652,0.658022124172138,1.48457812628198,4.94554351835004,36.1159891797571,0.101090460689368,0.19478623247103,0.468705588473628,0.0197895565332956,0.0114062826788884,0.631230901886582,2.81684712978122,0.00750938673341677,0.0187734668335419,0.0287859824780976,2.4220638524079,0.607953510006181,1.72633197373633,7.96028112766329,1.98066352994724,2.32162676007028,2.66219329598448,0.114908515144627,0.287395114516598,16.1060302511402,391.245234584225,0.0310284369976302,0.0589073205892659,0.108148545619872,0.0113447321452789,0.022230573563516,4.83455969033695,35.3374785324302,0.000330086272833248,0.00365780171782266,0.0128710349933634,NaN,NaN,NaN,NaN,NaN,NaN,NaN,-1.9534924329909,2.27378713049075,-15.9284124958081,3.08301204470945,1.57615107547366,1.698479766909,-0.0757634772546083,1.10592536816199,1.0394609859946,0.872199106300532,0.0611061358918656,0.601735458968141,-0.0531234324092357,0.452560541669511,-0.172111872374404,0.423215269770691,-0.0751773373212482,0.411220707945192,0.0425341728439145,0.388096606895946,-0.133163359034673,0.301460910957927,0.0844168485295282,0.296150885829388,0.075667203690977,0.278854254652274,-0.0229551268666628,0.280866216495698,0.00113521798378065,0.576284323867424,0.00194954474550391,0.83430020959978,-0.000660425480865794,0.486881396950207,-0.000943171684940364,0.305311417254814,0.00031819195408458,0.255417411979707,1.32323019768976e-05,0.202298919860825,-0.000101194161648128,0.176455959876265,8.22634018045538e-05,0.183715758026219,0.000329515830258325,0.160063816496883,0.000216353940025004,0.147282977892741,-3.87081456951571e-05,0.139824239018681,0.000313882317627848,0.126806240236263,-0.000442124103313227,0.1221748685833,1.13342688242769e-05,0.129495790600874,-6.98220158700373e-05,0.575133374224701,-2.54654553858276e-05,0.686883873411602,2.46971225397904e-05,0.408714321606144,-5.18079754022432e-05,0.282317627950839,-0.000109232275980049,0.231016069874925,-5.29784274105727e-05,0.194222022952723,3.53999922965132e-05,0.18397449094661,9.09079295926734e-05,0.188803923927262,6.18805994944943e-05,0.169496796137658,-1.62715207944438e-05,0.159404627425553,-0.000127928258971346,0.158680778822683
103-1241-0037,103,1241,0037,unknown,103,0.779165677660514,0.469455532951095,1.18890950775214,3.43986167293053,0.465989543235441,0.602141306372489,0.9599378442295,0.507117492181537,0.153323558143073,0.056962248431568,4.29064827279372,0.434725585149314,0.516949152542373,0.582306111967129,-5.21686497710265,8.84613439816601,0.27807017894661,3.03276262413598,-10.653074095118,-5.88888465843066,-0.131392962877964,14.7828305730069,10.1461806534333,0.321270824251972,3.46685230733375,8.97544222431621,13.4868755732832,19.4407969396974,0.438872143652552,0.890347176550625,5.55632136776211,40.8624920592821,0.0965077140391993,0.189253922441282,0.414262626659788,0.0202128151155167,0.0107269653024438,0.159410204100937,1.67168210229007,0.00750938673341677,0.0200250312891114,0.0300375469336671,2.36100318010606,0.517011113239747,1.83612379696656,9.07555466635654,1.99989725116279,2.29593202178404,2.57129978217417,0.0773335131741788,0.101103503607148,5.03164781789417,39.8106528302279,0.0292264638369537,0.0509568060144567,0.0870203274565816,0.00789535772177048,0.0145710479192081,4.48545388641574,32.5698400270805,0.000310849427186169,0.00265005449948472,0.00855464484778258,NaN,NaN,NaN,NaN,NaN,NaN,NaN,-2.05937828599895,2.25800024559068,-16.1463451454823,3.10079646590285,1.96384110098039,1.60015234029392,-0.148393229431281,0.984197208747174,0.539098944292207,0.96524177991448,0.162640954817425,0.653650308030385,0.190639266737428,0.552804123098792,-0.207226603266655,0.463858055392418,-0.184622708552855,0.399102514664124,0.142623073734028,0.395903301025959,-0.118019367443264,0.325048609588409,0.0853251765558509,0.273959264337449,0.120077220680351,0.252678803109491,0.0214020950258126,0.217546086331527,0.000918649753266154,0.513650286075662,0.002190610806065,0.766704051500689,-0.00145351572917435,0.389951290914112,0.00074505541898821,0.254990488919731,-3.88611420730813e-05,0.229236198254271,-0.000527012838392064,0.194060296107864,-0.000235152851387499,0.176897977967382,0.000486352700331239,0.182615398986704,-0.000465985543586943,0.154162419569894,-0.000906546922986541,0.139389872827899,0.000269121080565941,0.141256397127107,0.000157289767846184,0.121950223491775,0.000381469169904646,0.121730953633551,-9.21298000087871e-05,0.114202466072587,-3.40097160050521e-05,0.468330758191552,-0.000198275338196192,0.610326297262191,-8.45264278332479e-05,0.326881988659748,-0.00010706790297979,0.236421801267806,7.0925400869938e-05,0.210337488379936,8.00381387365994e-05,0.183570816494367,0.000118085735096708,0.178085702650903,0.000118310256458387,0.187497973024261,0.000106547659100957,0.163876136350937,-0.000109342431830321,0.152979503500893,-0.000130001568316194,0.156608868186515
103-1241-0038,103,1241,0038,unknown,103,0.759678256202135,0.428787294083359,0.927697049617843,2.99283600581044,0.44284985995948,0.602961923728793,1.04378005431871,0.495250722130858,0.1626060227094,0.261031878982611,3.9284819979353,0.408567994505495,0.4953125,0.578125,-3.94905397357333,8.72463589501361,0.259725574199825,3.06059051096016,-10.5674083001236,-3.95921774469599,2.12141240049284,15.4997505212008,9.73571637894874,0.291806292830884,3.01619179219108,9.15177457988351,14.2964849583838,21.5881630954352,0.636608265737835,2.21593702026922,13.4289245623508,239.366327871002,0.104706841406172,0.208015043490855,0.504440208882233,0.0185809831127056,0.0103897816018227,0.503916778795779,2.35354434652915,0.00750938673341677,0.0175219023779725,0.0275344180225282,2.35227051767869,0.521357670929478,1.57371596558081,7.16324146404451,1.97850630578121,2.27558974074806,2.58229714060403,0.0994139950069143,0.220130260819779,10.0880091653534,143.90130329828,0.0299257601242799,0.0511648306971051,0.0922080739148203,0.0113824660192193,0.0218939034821508,3.91734724258376,24.3955475154636,0.000384281090894709,0.0026978789289153,0.011011919060677,NaN,NaN,NaN,NaN,NaN,NaN,NaN,-2.0759035755389,2.23441929296566,-15.9151997170875,3.23260366565355,1.5546033462432,1.63985762890765,-0.205725267999456,1.0369948487731,0.919640430252981,0.716327611951031,0.107549521141208,0.580022896342543,0.0328956455678126,0.452663630953876,-0.220139150327063,0.431289231857297,-0.02681709285147,0.404742724372615,0.0707137679354553,0.365537056482574,-0.115928966186354,0.281260470967925,0.0454805646758421,0.237939326884515,0.165080045793538,0.25512760307392,-0.014369595781926,0.24378473845113,9.7251181914331e-05,0.560750615528358,0.000483326002933342,0.869405275868269,0.000273390571763786,0.489424651238741,-6.43364034984566e-05,0.305441197015365,-6.23395240960581e-05,0.236095162907088,-0.000253938728443851,0.211121027741677,-5.32316746626845e-05,0.178978666583617,-0.000318127325115916,0.18537598214411,5.50533272456508e-05,0.153936356986111,0.000221055444265411,0.146394204923279,0.000136562433054512,0.129569621581012,-0.000272794611967524,0.120971021287843,-0.000168513260807049,0.128996053791352,3.32734831758883e-05,0.120718023927458,-8.44226194865259e-05,0.538410348700525,-7.79275980709512e-05,0.71169259068625,0.000108595844528895,0.396457166412139,3.08030147759616e-05,0.287919937957954,8.65827386739197e-05,0.220006622274388,-3.28309424387784e-05,0.20788491697354,4.88484141192053e-06,0.18893492036791,3.03014652239677e-05,0.190268092603332,9.26337776376874e-05,0.168872788514734,1.8943053049067e-05,0.160087302729708,-2.38348506889709e-05,0.144633374375583
103-1241-0039,103,1241,0039,unknown,103,0.90782443998082,0.509949660472151,0.538405609729332,2.11470494666514,0.489118099135601,0.736992652866582,1.37715833672312,0.502645944973905,0.182360729863063,0.361718280433465,3.49035220157414,0.389830508474576,0.508474576271186,0.595641646489104,-3.18354321159451,9.02359958658255,0.624811272391301,3.48575757320436,-8.90143301305215,-4.55309765022639,1.37134038315137,13.0896875609793,10.2265168185111,-0.448906296033184,4.20635369737066,8.60999940487767,14.0631955909382,18.3163406688924,0.631852802978973,1.3822266815136,6.03279216323719,53.2283326211251,0.104576248288548,0.21611586087534,0.531259850804046,0.0172706560640204,0.0107919471080696,0.854668209339522,2.8045694251588,0.00750938673341677,0.0125156445556946,0.0262828535669587,2.33704222687455,0.578797998612717,1.89905624985638,8.93223432286033,1.90291548904953,2.23854722817015,2.5810165287119,0.105759375016211,0.32283211031633,15.5466712983153,311.295679804871,0.0245270471370332,0.0553222261459111,0.100211605810035,0.0106669386802458,0.020820158247744,3.92071863132227,23.5973149040061,0.000155209790775822,0.00214344614025539,0.0114243274771428,NaN,NaN,NaN,NaN,NaN,NaN,NaN,-2.45062124816028,2.56237104369507,-16.4555393667581,3.90641853113885,1.59709167585763,1.64871989469818,-0.298383725177439,1.14840277125686,0.801889567610448,0.875994394002039,0.0660530032166598,0.586619079808255,0.103193428410075,0.426276220236001,-0.253304451349965,0.439119095656588,-0.0100225687666148,0.362955248674918,0.145274685819916,0.425764029555707,-0.0821588162350379,0.297448955758186,0.102882668973489,0.269414811578723,0.0617931663773069,0.233461526356856,0.0335036610317271,0.251331434255996,-0.00087375529499499,0.563939296469946,-0.00327852409243519,0.784017765072704,0.0011649172745312,0.449044821854625,0.000781176263032997,0.297188474278024,-0.000919152860696519,0.242509341145701,0.00067660054293631,0.196845500242469,0.000230604763561003,0.17295554358682,0.000381515398941586,0.177797530493956,-0.000213788449646169,0.151644025272966,6.27070672353584e-05,0.143092023094389,0.000162598960769562,0.128505275457404,2.39083461974839e-06,0.120785575420434,-0.000121966975035131,0.117730774595329,-0.000356182838902425,0.124353021122271,0.000156221131316029,0.56795576307549,-4.01453435595871e-05,0.619988248014216,-6.36680926739854e-05,0.374786411966052,-3.95020583091895e-05,0.268642023095438,-6.03736514822903e-05,0.214693357861996,3.51004750397881e-06,0.195673585262868,8.52683157651539e-05,0.186926327481527,0.000206023780322154,0.184451323657981,1.95521814753231e-05,0.169592119200501,2.28687009332999e-05,0.159296018255112,-0.000108519584105688,0.148186212350117
103-1241-0040,103,1241,0040,unknown,103,1.03013086009038,0.667182033953149,0.723000700294389,2.20997225974182,0.516663913686218,0.736931364928054,1.63376874828599,0.515069309699652,0.17924833079078,0.376950121780831,3.59267765843429,0.399101307189543,0.515278838808251,0.615329768270945,-4.52611581186905,9.10031020185763,0.539035712535902,3.48313712079157,-10.1970651746157,-5.96856810430478,-0.247937253393845,14.1473325364443,10.6494789244707,-0.538704384746797,3.78969362895899,9.39791167428211,15.3577219119884,20.2349752700362,0.611461959603526,1.42655473233698,6.80288125615546,67.4523962409865,0.0931118170233744,0.216278553611974,0.556743301190792,0.0195203975857741,0.0128565104996264,0.918823328085343,3.7022873968517,0.00750938673341677,0.016270337922403,0.0300375469336671,2.34123683271707,0.603124285094961,1.71414472407847,7.23561744289219,1.88190570844966,2.2298228428822,2.59274781771297,0.119695622689063,0.414258014299124,14.6899940963846,286.65281309638,0.0270721377220058,0.0519176704098754,0.0977114415501238,0.0119493825088143,0.0252327395424321,3.95960974260993,22.4896022030767,4.61563705075175e-05,0.00172154713278018,0.0116872326738959,NaN,NaN,NaN,NaN,NaN,NaN,NaN,-2.5460471288964,2.80979785956433,-16.7824010041619,3.99640903420275,1.75096138781452,1.5104283037731,-0.273552160966524,0.987215743967208,0.837699274464584,0.850393316258482,0.0538946073099454,0.649873903631635,0.0850870893998634,0.474369099003817,-0.222393890031788,0.42437828257861,-0.00275616860190388,0.404507764638708,0.126500251653242,0.388118769942589,-0.0808346610067352,0.269173950992587,0.0568778449504831,0.269618591042956,0.0557802145433542,0.255272893716077,-0.00298787851361852,0.25479981589142,-0.00191215273273729,0.529086945692452,-0.00304424452436365,0.793639999992563,0.000723234797233968,0.437826295932568,0.000532971573180202,0.285938091808877,-0.00102086807387261,0.238833261861485,0.000530870443070588,0.205316595538523,0.000791965872240535,0.181360624232633,0.000116739318765794,0.186674587599172,0.000150907508793123,0.150171010322599,-0.000203362825540052,0.144413617940983,0.000229234872751274,0.124348338731716,-6.74012754845813e-05,0.120848725493921,0.000137895333901373,0.118938961419078,-0.000100227473756905,0.118399052858479,0.000114841647973493,0.514901974620669,-0.000109721404191546,0.609502504126224,2.59446674487091e-06,0.365172941830053,-2.67300432117293e-05,0.263819205683642,-0.00011386380944919,0.22836412706818,4.38886201558117e-05,0.206429982244336,0.000103779066361661,0.191817415980256,0.000106496182366169,0.189098499324115,-6.85068631078146e-05,0.162843266256281,0.000144493057480695,0.15741803470054,3.95575321493855e-05,0.140958768477325
103-1241-0041,103,1241,0041,unknown,103,0.805982664762221,0.468880865977213,0.754942051789976,2.53314391878478,0.46173611955019,0.644439517691912,1.17505937164706,0.494293903713205,0.176177431500393,0.444647807400002,3.4978893438381,0.382513661202186,0.488946845504223,0.590163934426229,-0.0558049859794975,8.96265746270708,0.21957427790446,2.98451726775469,-5.75027261273788,-0.580244845121477,5.19373647025352,10.7908763726478,10.0258696519492,0.177238728309489,3.56710995606081,4.78700601377688,10.8022617139497,16.0413275018872,0.613013586983461,1.53034955851152,5.93255837515544,47.7089272201707,0.0858523626683277,0.174554628831317,0.449812973528997,0.0172066227822948,0.0100607097788285,0.854867985628244,2.89817374419218,0.00750938673341677,0.0150187734668335,0.0250312891113892,2.35441005933067,0.544028203132584,1.74143725819228,8.71114449766143,1.93276169226665,2.28601885626265,2.6006516239734,0.0909218323284645,0.212160785620603,11.2291737419101,169.888958235753,0.0241067719854236,0.0477075500929538,0.0906849063393909,0.00881325024442359,0.0173574984368855,4.33106375176266,29.5808153019738,0.000279643093589293,0.0020398064976063,0.0102310235023972,NaN,NaN,NaN,NaN,NaN,NaN,NaN,-2.13201223830729,2.36707527201342,-16.2056879569329,3.29136360119815,1.87579355536311,1.75121846833476,-0.0260257977209162,0.929914372657376,0.692096333097361,0.852160703386906,0.16594194676367,0.62952372807313,0.127941641827528,0.499815042108894,-0.298670797112587,0.45946400832422,-0.184896675202449,0.374324032946322,0.0788123782904998,0.422817529566401,-0.11986433082114,0.333235487195191,0.020672075970932,0.272546944498958,0.13089380697723,0.234864362464278,0.00716712104230445,0.235429737950943,-0.000845890959796137,0.561148888401029,-0.000193644590388909,0.861220961889429,-0.000617441490053726,0.483751908042495,8.92258540531854e-05,0.282405803916657,0.000295777969783111,0.247790335504511,-0.000657773790940841,0.206394740006664,3.80847663860383e-05,0.187411644956001,0.000308474119038565,0.192570634753158,-0.000169411795067991,0.15404564032917,0.000163156909977993,0.153516313845706,0.00013791509147971,0.139456685762902,1.58513359172127e-05,0.127135316032395,0.000132857075202629,0.126265417532156,8.34754911281989e-05,0.120662483810945,-0.000100888753275075,0.529377316218109,0.000327278180652565,0.697076857358456,-7.97933127346865e-05,0.396415559879741,5.14701959209916e-05,0.266523140950821,0.000187199726253682,0.222848715400789,-0.000103372345006393,0.202714806292359,2.57188269728187e-05,0.190029747428131,-6.38656218704388e-05,0.191182393912074,-9.3891898938176e-05,0.172285234366727,-6.58791359634109e-05,0.162182911045352,-0.000113995390493177,0.152131348449595
103-1241-0042,103,1241,0042,unknown,103,0.594353486243698,0.326991707806592,0.869284651909551,2.93907294748155,0.358911512377724,0.497883441177634,0.779166555183457,0.463253726002792,0.158428368006052,0.569105893764603,4.12773051293691,0.368617683686177,0.452677459526775,0.545205479452055,-3.63661385348572,6.81860952647918,-0.0390976862863139,3.36267247960247,-7.81363256620867,-3.45097704091766,0.595354770356922,13.1996919598819,9.37674721763686,0.637154745749343,3.12708698356306,6.33042782133234,11.7000372710791,18.7821472705671,0.40045936348019,0.863447616417369,5.9118630557638,46.5162715709749,0.0838469686846267,0.167750045312332,0.339897338438494,0.0175490912344005,0.00879825611320986,0.377053898805406,2.00950441584798,0.00782227784730914,0.016270337922403,0.0250312891113892,2.46200906208738,0.603680196834723,1.60025703947694,7.42788166875297,2.01955650827021,2.38259412801448,2.70866858575963,0.0770447137204244,0.13613540309549,11.2923571015459,193.306990427407,0.0263411641629041,0.0502095140923543,0.0855367440806424,0.0100843516523603,0.0190387144029629,4.26002117685843,28.0879990060966,0.000441137528155727,0.00345591037570856,0.0106251334824409,NaN,NaN,NaN,NaN,NaN,NaN,NaN,-1.93009116364541,2.13760554204537,-15.661918722429,3.07606924256425,1.76783079058841,1.60277850555699,-0.159458846925195,0.978263479221921,0.924604619339543,0.881952185624612,0.145985610321488,0.623929532137276,0.060973970617558,0.498516375893584,-0.270366314983689,0.448806824478278,-0.199074291859215,0.375377713777303,0.0326009755481684,0.398254598026547,-0.181020002266653,0.312626487803588,0.00501301631767677,0.249575341989503,0.10684712948046,0.234562869726396,-0.00829757318823813,0.226338501099766,0.00200350998327928,0.600697601978003,0.00421862847123491,0.855208448370973,-0.000890573879863946,0.45745678971745,-0.000853874929667045,0.277803280493812,-0.000578608020755383,0.247834752973617,0.00046020676553368,0.21343796473436,-0.000654521361483087,0.18026324969863,-0.00064165334071688,0.180347713666101,0.000372989082624906,0.146160595356504,-0.000440384740925833,0.147791788994011,-0.000530500315560848,0.141973643642906,0.000253265980010644,0.121764216923542,7.93301829117222e-05,0.117136526242068,0.000127324383970868,0.111179487109162,7.84918635542922e-05,0.564250443601078,1.95508340846136e-05,0.664456746700488,1.67586040324275e-06,0.394825760128064,0.000142123583102884,0.26076681222199,-8.46327573404629e-06,0.224075084074239,1.80459754830034e-05,0.211469854377977,-5.7582359028522e-05,0.182919699185815,-9.09869423240756e-05,0.176709346600487,-5.04036972355726e-05,0.160027922734833,-2.71392229258708e-05,0.158599803206213,9.84043294749414e-06,0.157122462123419
103-1241-0043,103,1241,0043,unknown,103,0.649273851886887,0.371406339243484,0.882501587777868,3.16929750210545,0.41242349106168,0.542709884141694,0.8146446942615,0.477386688961981,0.159894053535632,0.305253048590746,3.56985702477551,0.385950854700855,0.476923076923077,0.565873015873016,-2.82214730110449,9.25157559371971,0.297370904599775,2.77832725212987,-9.74796958675023,-3.39171951982633,3.67305649567992,14.0596575713552,11.5194770987674,0.496328301379024,3.09374747062143,6.37642342483282,12.7031297161889,19.6600696917684,0.480801988370102,0.896116959494876,3.87810823078635,20.8954555223471,0.0708973411393199,0.157476689712048,0.444773065912341,0.0185007181648414,0.00956383332172041,0.578793781947631,2.62979514665831,0.0100125156445557,0.0175219023779725,0.0250312891113892,2.49656988681782,0.62569341174893,1.64530551441498,6.6249633694079,2.07254669214505,2.37074570359948,2.73833144603922,0.0903219533685392,0.140110169733889,6.14824297057182,54.9929208038128,0.0285190911186499,0.0528960946860467,0.0983516558412853,0.00688747560083658,0.0118046232837263,4.50492159384575,32.9237502309982,0.000708999343624858,0.00275931766726194,0.00816489975663656,NaN,NaN,NaN,NaN,NaN,NaN,NaN,-1.81040877294477,1.79334146315688,-15.788238408705,2.28061192230508,1.73974982982584,1.8758926481389,0.0272457146140743,0.999374158072657,0.858738599334626,0.832019463333152,0.255900437617914,0.545365899487957,0.11847815371389,0.481949987200936,-0.276996437745922,0.426886077733997,-0.174687979276287,0.389396179179802,0.0311604972124714,0.399615395845685,-0.197552181617424,0.341113465281193,-0.0584473247725602,0.231299852490403,0.14428989662192,0.241357747868159,-0.104736573806245,0.214923042950512,-4.19417588152229e-05,0.646486976113049,0.000231661456475171,0.88845026374,0.000185728024643297,0.538792296710467,0.000309018985923707,0.291359427098187,-0.000784831696735997,0.274067680697604,-0.00021963788838566,0.208706748781246,-0.000293838480315194,0.186218834417814,-5.58959467850073e-05,0.190493957147556,-1.86512729908329e-05,0.161366058427635,-0.000209842864040094,0.146928004761859,0.000294785210305852,0.138938879953898,6.01375858939732e-05,0.129029645622254,-0.00068153287280714,0.111681762675577,-0.000244007117789495,0.119935146944416,0.000258648996919874,0.640261436778976,1.07801287495173e-05,0.722613417262945,0.000315428695498823,0.460736660752267,0.000374389653367706,0.272014635592798,0.00018746310396012,0.244401110645408,0.000248116624366119,0.220598286982278,-0.000279324138507242,0.196478768119034,-0.000203548728407846,0.190739693815277,-8.28856550465874e-05,0.169548574059706,-0.000295873924734278,0.158951583055561,0.000249795398227767,0.153504206393232
